Workbook
Name DATA: #REF!

Sheet Module Owners
A1: myHP
A2: Module/Scope | B2: Assign to Component | C2: Owner
A3: Core/Generic for consumer | B3: myHP | C3: Lee, Su-Hau <su-hau.lee1@hp.com>; Huang, Alex <alex.huang@hp.com>
A4: Core/Generic for CMIT | B4: myHP for CMIT | C4: Lee, Su-Hau <su-hau.lee1@hp.com>; Huang, Alex <alex.huang@hp.com>
A5: Consumer Audio Controls | B5: myHP module_Audio Control | C5: Huang, Alex <alex.huang@hp.com>
A6: Consumer myHP Audio Switch | B6: myHP module_Audio Switch | C6: Huang, Alex <alex.huang@hp.com>
A7: Consumer Display Control | B7: myHP module_Display Control | C7: Wang, Vicky (Consumer SWPM) <vicky.wang3@hp.com>
A8: CMIT Programmable Key | B8: myHP module_Programmable Key | C8: Narayanappa, Geetha (CW-Mphasis - SFT) <geetha.narayanappa1@hp.com>; Armstrong, Sridhar (CW) <sridhar.armstrong@hp.com>
A9: SmartCam 1, SmartCam 2 | B9: myHP module_SmartCam | C9: Hsiao, Steven (CW-CW DSAI) <steven.hsiao@hp.com>, Wang, Vicky (Consumer SWPM) <vicky.wang3@hp.com>
A10: SmartCam 3 | B10: myHP module_SmartCam3 | C10: Hsiao, Steven (CW-CW DSAI) <steven.hsiao@hp.com>, Wang, Vicky (Consumer SWPM) <vicky.wang3@hp.com>
A11: CMIT IC1.0 | B11: myHP module_IC1.0 | C11: Armstrong, Sridhar (CW) <sridhar.armstrong@hp.com>
A12: CMIT Smart Experiences | B12: myHP module_Smart Experiences | C12: Guru, Anand <anand.guru@hp.com>
A13: CMIT Audio Controls | B13: myHP module_CMITAudio | C13: Jagdale, Shailesh (CW-Capgemini -WW PM) <shailesh.jagdale@hp.com>
A15: HPX
A16: Module/Scope | B16: Assign to Component | C16: Owner
A17: Core/Generic for consumer | B17: HPX | C17: Lee, Su-Hau <su-hau.lee1@hp.com>; Huang, Alex <alex.huang@hp.com>
A18: Core/Generic for CMIT | B18: HPX for CMIT | C18: Lee, Su-Hau <su-hau.lee1@hp.com>; Huang, Alex <alex.huang@hp.com>
A19: Consumer Audio Controls | B19: HPX_Audio Control | C19: Huang, Alex <alex.huang@hp.com> (NB: Katherine Wei DT: Ken Chiu)
A20: Consumer myHP Audio Switch | B20: HPX_Audio Switch | C20: Huang, Alex <alex.huang@hp.com>
A21: Consumer Display Control | B21: HPX_Display Control | C21: JADHAV, SANJEEV (CW) <sanjeev.jadhav@hp.com> (Wang, Vicky (Consumer SWPM) <vicky.wang3@hp.com>)
A22: CMIT Programmable Key | B22: HPX_Programmable Key | C22: Narayanappa, Geetha (CW-Mphasis - SFT) <geetha.narayanappa1@hp.com>; Armstrong, Sridhar (CW) <sridhar.armstrong@hp.com>
A23: SmartCam 1, SmartCam 2 | B23: HPX_SmartCam 2.0 | C23: Hsiao, Steven (CW-CW DSAI) <steven.hsiao@hp.com> (Wang, Vicky (Consumer SWPM) <vicky.wang3@hp.com>)
A24: SmartCam 3.5 | B24: HPX_SmartCam3.5 | C24: Hsiao, Steven (CW-CW DSAI) <steven.hsiao@hp.com> (Wang, Vicky (Consumer SWPM) <vicky.wang3@hp.com>)
A25: CMIT Smart Experiences | B25: HPX_Smart Experiences | C25: Narayanappa, Geetha (CW-Mphasis - SFT) <geetha.narayanappa1@hp.com>
A26: Pen Control (Consumer) | B26: HPX_Pen Control | C26: Lin, Makayla <makaylal@hp.com> (Patel, Jay (CW) <jay.patel@hp.com>)
A27: 5G | B27: HPX_5G | C27: Huang, Alex <alex.huang@hp.com>
... A37: System Control (Consumer) | B37: HPX_System Control | C37: Tsai, TC CPS SE <tc.tsai@hp.com> (Tsai, Josette <josette.tsai@hp.com>)
A38: System Control (Commercial) | B38: HPX_System Control_CMIT
A39: Battery Manager (Commercial) | B39: HPX_Battery Manager_CMIT
A40: Battery Manager (Consumer) | B40: HPX_Battery Manager | C40: Lin, Edison <edison.lin1@hp.com>
A41: Wi-Fi Sharing (Consumer) | B41: HPX_WiFi Sharing | C41: Tsai, Josette <josette.tsai@hp.com>
A42: Gesture (Consumer) | B42: HPX_Gesture | C42: Tsai, Josette <josette.tsai@hp.com>

Sheet HPX Version
H1: Main Feature | I1: Auto Launch (Except AI platforms) | J1: First Use Flow | K1: Audio Switch (Appears in taskband) | L1: Home Page | M1: Support | N1: Audio Control | Z1: Display Control | AH1: Video Control | BA1: Privacy Alert | BB1: Auto Screen Dimming | BC1: Network Booster | BE1: HP Programmable Key | BG1: System Control | BK1: Settings | BL1: Touchpad | BN1: Screen Time | BP1: Screen Distance | BS1: Pen Control Plus | BW1: WiFi Sharing | BX1: Battery Manager | BY1: Gesture | BZ1: Presence Sensing
H2: Sub-Feature | O2: Audio Levels | P2: Noise Cancellation/ AI Noise Removal | Q2: Equalizer | R2: Speaker Swap | S2: Speaker Configuration (only in Tower PC) | T2: Dynamic Audio | U2: Audio Personalization | V2: AI Spatial Surround | W2: Studio Recording Mode | X2: Audio App Settings | Y2: Restore Default | AA2: Brightness (if Windows Brightness + Windows Use HDR support) | AB2: Contrast | AC2: Mode selections | AD2: LBL Mode | AE2: Mode by application (if Windows Brightness + Windows Use HDR support) | AF2: AIO Modes | AG2: HDR (if Windows Brightness + Windows Use HDR support) | AI2: Auto Frame | AJ2: Low Light | AK2: Backlight | AL2: Background Blur/Image | AM2: Auto and Manual Keystone | AN2: Be-Right-Back | AO2: Video and Image Capture/PDF | AP2: Live Stream | AQ2: Rotate/Zoom/Pan | AR2: Output Resolution | AS2: Skin Color Correction | AT2: Appearance Filter | AU2: Presence Share | AV2: Multicamera (Mixer tab) | AW2: Auto Camera Select | AX2: Gallery Mode | AY2: Anti-Flicker | AZ2: VPU Offloading | BD2: Mode switch (bandwidth prioritization) - non Evo sku only | BF2: App, Website, Folder, File Launch | BH2: Performance Control | BI2: ELP function (OLED Only) | BJ2: Focus mode | BM2: Gestures | BO2: Send a Reminder | BQ2: Alert Options | BR2: Set Preferred Distance | BT2: Battery State | BU2: Upper Barrel Button | BV2: Lower Barrel Botton
A3: Date | B3: Component | C3: Build Type | D3: Version | E3: Part Number(IRS) | F3: Release Notes | G3: Modules Enabled
A4: 44907 | B4: HPX | C4: Dev Build | D4: 25.12249.42.0.A.1 | E4: P0149D-B2G | F4: For PLD on or after 2/24 platforms Changes: First HPX Dev Track build Known issues: 1. HPX doesn't work in offline mode yet 2. HP ID (Sign In) only works in HP network 3. The Welcome page only works in HP network 4. The Support page only works in HP network | G4: 1. Welcome Page 2. Video Control - SmartCam 2 (if the system has SmartCam2 feature byte qj) - SmartCam 3.5.14.0 (if the system has SmartCam3 feature byte qM) 3. Audio Control 4. Display Control 5. Pen Control Plus 6. Support 7. Settings | I4: V | J4: V | K4: V | L4: V | M4: V | N4: V | O4: V | P4: V | Q4: V | R4: V | S4: V | Z4: V | AA4: V | AB4: V | AC4: V | AD4: V | AH4: V | AI4: V | AJ4: V | AK4: V | AL4: V | AM4: V | AN4: V | AO4: V | AP4: V | AQ4: V | AR4: V | AS4: V | AT4: Gallery Mode+AU2+AW2+AW2:AW5 | AU4: V | AV4: V | AW4: V | BK4: V
A5: 44914 | B5: HPX | C5: Dev Build | D5: 25.12251.139.0.A.1 | E5: P0149D-B2J | F5: For PLD on or after 2/24 platforms Main changes: • Update SmartCam to 3.5.20.0 • Redundant control cards will not show • Sound Calibration removed • Performance enhancement • Localization fixes • Fixed HPX shows white screen when launch in offline mode Known issues: 1. HP ID (Sign In) only works in HP network 2. The Support page content only shows in HP network 3. SmartCam2 preview camera is always in "Please wait" state | G5: 1. Welcome Page 2. Video Control - SmartCam 2 (if the system has SmartCam2 feature byte qj) - SmartCam 3.5.20.0 (if the system has SmartCam3 feature byte qM) 3. Audio Control 4. Display Control 5. Pen Control Plus 6. Support 7. Settings | I5: V | J5: V | K5: V | L5: V | M5: V | N5: V | O5: V | P5: V | Q5: V | R5: V | S5: V | Z5: V | AA5: V | AB5: V | AC5: V | AD5: V | AH5: V | AI5: V | AJ5: V | AK5: V | AL5: V | AM5: V | AN5: V | AO5: V | AP5: V | AQ5: V | AR5: V | AS5: V | AT5: V | AU5: V | AV5: V | AW5: V | BK5: V
A6: 44935 | B6: HPX | C6: Integration Build | D6: 25.22302.22.0.A.1 | E6: P0149D-B2L | F6: For PLD on or after 2/24 platforms Main changes: - Update SmartCam to 3.5.30.0 - HPXWC-5009\Flyout menu in Arabic language appears in wrong side (they should appear in right side) - HPXWC-5062\[HPX][L10N] HP registration page not localized with some languages - HPXWC-5027\[SFT_MPH][OTA][VideoControl] Video control module is not visible in HPX V.25.12251.154.0 - Removed Privacy Settings in First Use Flow - Removed Mouse from menu - HPXWC-4921\[AudioSwitch] Click "More audio controls" in Audio Switch will open HPX in home page. - HPXWC-4923\Update translation files to be in line with the latest spec - HPXWC-5143\[AudioControl][L10N] String of "PC audio" have translated incorrect in audio control when change with ES-MX language - HPXWC-5010\SIO2163410 - [SIT][SWT-SW][RPL-H][RPL-U][Win11]: HPX (myhp) Audio Control will force close when expand Output drop down menu then unplug headset. - HPXWC-5046\ SIO2163716 - [SIT][SWT-SW][PHX-H] Equalizer can't be restored defaults click "Restore Defaults" in HPX Audio Control. - HPXWC-4729\ [CGQA] Notification is not visible in ES_MX, DE_DE, FR_FR, PT_BR languages - HPXWC-4959\ [SFT_MPH][Registration][L10N] Registration Page is not localized for Norwegian language - HPXWC-4674\ [SFT_MPH][AudioControl] After clicking on restore defaults button audio presets are disappear. - HPXWC-4525\ [AudioControl] DTS logo also will show up when plugin USB headphone on Tower pc Known issues: 1. Audio Control is not shown on 1st launch of HPX. 2. HP ID (Sign In) only works in HP network 3. The Support page content only shows in HP network 4. SmartCam2 preview camera is always in "Please wait" state 5. Keyboard module is shown | G6: 1. Welcome Page 2. Video Control - SmartCam 2 (if the system has SmartCam2 feature byte qj) - SmartCam 3.5.30.0 (if the system has SmartCam3 feature byte qM) 3. Audio Control 4. Display Control 5. Keyboard 6. Support 7. Settings | I6: V | J6: V | K6: V | L6: V | M6: V | N6: V | O6: V | P6: V | Q6: V | R6: V | S6: V | Z6: V | AA6: V | AB6: V | AC6: V | AD6: V | AH6: V | AI6: V | AJ6: V | AK6: V | AL6: V | AM6: V | AN6: V | AO6: V | AP6: V | AQ6: V | AR6: V | AS6: V | AT6: V | AU6: V | AV6: V | AW6: V | BK6: V
A7: 44942 | B7: HPX | C7: Integration Build | D7: 25.22303.43.0.A.1 | E7: P0149D-B2P | F7: For PLD on or after 2/24 platforms Main changes: Keyboard feature removed Fixed SmartCam2 camera preview always show "Please wait" Sign In/Welcome/Support pages can now work in non-HP network Update Smartcam 3 to 3.5.37.0 • HPXSUP-623\ [Support home page]- The support home page hangs on loading page • HPXSUP-620\ [Offline] - The Device name/SN/PN are missing. • HPXSUP-625\ [Offline] - No translation on offline page • HPXSUP-628\ [Offline] - We still show up Phone card in offline even though the location isn't US/CA • HPXSUP-675\ [Offline] - Support icon and the string are too close together in latest build • HPXSUP-395\ [Offlline -Accessibility] - Serval Failures when run Automated checks • HPXSUP-679\ [Custom protocol &Hotkey] The support page always hangs when enter the myhp://support/device in RUN window • HPXSUP-585\ [Offline]-The contents of the call card and web card on the offline page are not aligned • HPXSUP-586\ [Offline]-When zooming out HPX window, the scroll bar is not as expected on offline page. • HPXSUP-616\ [Offline] - The offline UI is different from Mockup • HPXWC-5401\ Fix local Nuget restore issue for developers machine • HPXWC-5297\ [AudioControl] "Immersive Audio" turns off automatically when re-launch HPX Audio Control with "Immersive Audio" turned on • HPXWC-4638\ [SFT_MPH][AudioControl] Dynamic audio notification does not popup • HPXWC-4953\ SIO2162976 - "Conference" and "Personal" options in HPX Audio Controls/Mic Mode can still be selected when the Jack/USB headset is plugged in. • HPXWC-5319\ [SFT_MPH][AudioControl] Noise reduction toggle button is off by default on first launch. • HPXWC-4952\SIO2162968 - Drag the Equalizer bar to maximum and minimum is not aligned to +6 and -6. • HPXWC-5153\[AudioControl][L10N] String of "stereo" have show incorrect in audio control when change with ES-MX language and select on "quad" or " fiftyOne" • HPXWC-5095\[SFT_MPH][DisplayControl] The time setting is not clear in low blue light scheduler • HPXWC-5121\Integrate Localizations and Replace HPDC.dll file • HPXWC-5161\[SFT_MPH][DisplayControl] LBL scheduler toggle button is not working properly intermittently • HPXWC-4204\[SFT_MPH][Display] LBL Scheduler strings are not fully display when we increase text size to Maximum. • HPXWC-5160\[SFT_MPH][SmartExp][L10N] Extra string for "30 minutes" in Romanian-RO language • HPXWC-5200\[SmartExp]: Loalization support for consent dialog • HPXWC-4982\SIO2162441 - [NB][QTA][SCIT-NPI] Window will auto exit when click "Manage Options" during HPX first use flow • HPXWC-4957\ [SFT_MPH][Registration][L10N] Registration Page is missing in Hebrew Language • HPXWC-5061\[Setup] HPX will crash when first launch with HE-IL language • HPXWC-5183\[Pen] Hover click tooltip not as per figma • HPXWC-5172\[PPR][Audio] Radio button UI is off-center • HPXWC-3465\[AudioControl] All selected\checked buttons seems so strange • HPXWC-4864\[SFT_MPH][Registration] Checkbox UI is not matching with figma design • HPXWC-5195\[SFT_MPH][DisplayControl] Intermittent nothing is happens when we click display control from PC Device o HPXWC-5417\ [EIT] Even after logging out, the screen remains in the logged-in state. • HPXWC-5296\ [Core] "Something went wrong" error message always pop up on some machines • HPXWC-5406\ [PCVideo] Show 'start HP Present Video failed' error when trying to launch Video control. • HPXWC-4946\ SIO2162917 - [Audio] There is no actual function when turning on/off "Immersive Audio" with "Movie" Presets selected • HPXWC-5380\ SIO2165077/SIO2165027 [Quaker][OMENTower][Audio] Shooter/Strategy/RPG preset is not selectable in HPX • HPXWC-5186\ [SFT_MPH][AudioControl] Close button icon displayed in-appropriate. • HPXWC-5231\ [Localization] Chinese dialects appear in the wrong dialect • HPXWC-5075\ SIO2163892 - [Display] Brightness & Contrast display bar is delayed when adjusting it with Mouse/Keyboard • HPXWC-5310\ [AudioControl][L10N] String of "PC audio" have translated incorrect in audio control for CA-ES languages • HPXWC-4931\ State of hamburger menu is not changing in left navigation on hover | G7: 1. Home Page 2. Video Control - SmartCam 2 (if the system has SmartCam2 feature byte qj) - SmartCam 3.5.37.0 (if the system has SmartCam3 feature byte qM) 3. Audio Control 4. Display Control 5. Support 6. Settings 7. Audio Switch | I7: V | J7: V | K7: V | L7: V | M7: V | N7: V | O7: V | P7: V | Q7: V | R7: V | S7: V | T7: V | Z7: V | AA7: V | AB7: V | AC7: V | AD7: V | AH7: V | AI7: V | AJ7: V | AK7: V | AL7: V | AM7: V | AN7: V | AO7: V | AP7: V | AQ7: V | AR7: V | AS7: V | AT7: V | AU7: V | AV7: V | AW7: V | BK7: V
A8: 44954 | B8: HPX | C8: Staging Build | D8: 25.42304.147.0.A.1 | E8: P0149D-B2R | F8: For PLD on or after 2/24 platforms Main changes: Staging Build Update SmartCam to 3.5.39.0 • HPXWC-4499\ Left navigation should be reflected when device name is updated in PCDevicePage • HPXSUP-749\ Update ClientID to HPXWin for warranty API • HPXWC-3820\ [Audio] 13 HPX Integration with Realtek, Sound Research, DTS and Fortemedia DLLs - Security Review • HPXWC-5548\ [Display] Add newer DLL file from portrait service. • HPXWC-4967\ [SFT_MPH][Services]intermittently on clicking on "go to myAccount" in the flyout shows an error • HPXWC-2811\ [CGQA][FirstUse] Font size/color/style are not matching same as design specification for first use flow all screens. • HPXWC-4889\ First use using oversize (and duplicate) PNGs instead of JPG assets for photo images • HPXWC-4523\ [AudioControl] Audio controls card doesn't show up on OMEN • HPXSUP-750\ [Localization]-The support page shows Simplified Chinese on zh-TW machine • HPXWC-4369\ [SFT_MPH][AudioControl] Mic modes are not greyed out when we connect 3.5mm headphone. • HPXWC-5482\ SIO2167043 [Audio] "Noise Removal" will be turned off automatically when re-launch Audio Control with "Noise Removal" turned on • HPXWC-5481\ SIO2167027 [Audio] "Mic Mode" will automatically switch back to "Personal" when re-launch Audio Control with Mic Mode "Conference" selected. • HPXWC-5432\ [SFT_MPH][OTA] PC Device warranty status is mismatch with Support page warranty status • HPXWC-5177\ [UI][Truncation] Truncated text needs an on hover flyout that displays the full string to the user • HPXWC-4249\ [SFT_MPH][Core] Battery life test result exceeding more than 0.01 threshold value for HPX application. • HPXWC-5549\[AudioControl][DynamicAudio] Dynamic Audio notification UI looks wrong when using Chrome • HPXWC-4142\[PPR] HP Registration country dropdown text font should match with country dropdown values font. • HPXWC-5230\[Breadcrumb][AudioSwitch] Deeplinking has an issue with the navigation breadcrumb • HPXWC-4474\[Audio][PPR][Enhancement] "Restore Default Settings" is the correct text using Veneer secondary settings. Currently shows "Restore Defaults" • HPXWC-5185\[SFT_MPH][DisplayControl] Brightness & Contrast background grey line limitation sliders are not able to seen. • HPXWC-5591\SIO2167802 - [SIT][FIT-FUN[CarmenK][HPX0.5_OTA] "Brightness & Contrast" can't recover default in Display Control on clicking "Restore defaults" • HPXWC-5075\ SIO2163892 - [Display] Brightness & Contrast display bar is delayed when adjusting it with Mouse/Keyboard • HPXWC-5413\[HomePg] Application crashes from Interstitial pages • HPXWC-5567\[SFT_MPH][Core] PC Device UI shows mostly empty on changing back the High contrast to None. • HPXWC-5544\[AudioControl] Health sliders under I/O master volumes are lagging • HPXWC-5501\ [AudioControl] All buttons and sliders should be disable when the platform has no input and output deivces • HPXWC-5703\ [Core][Performance] Memory leak observed upon clicking on different module from left navigation panel • HPXWC-5704\ [Core] Webview instances are never destroyed, eventually leading to memory full/crash • HPXWC-5550\ SIO2167393 - [SIT][SWT-SW][CZN-H][HPX0.5_OTA]"Connect" button show cut off when offline in myHP\home page on AB2 image. • HPXWC-5750\ [Settings] Change Copyright to 2023 | G8: 1. Home Page 2. Video Control - SmartCam 2 (if the system has SmartCam2 feature byte qj) - SmartCam 3.5.39.0 (if the system has SmartCam3 feature byte qM) 3. Audio Control 4. Display Control 5. Support 6. Settings 7. Audio Switch | I8: V | J8: V | K8: V | L8: V | M8: V | N8: V | O8: V | P8: V | Q8: V | R8: V | S8: V | T8: V | Z8: V | AA8: V | AB8: V | AC8: V | AD8: V | AH8: V | AI8: V | AJ8: V | AK8: V | AL8: V | AM8: V | AN8: V | AO8: V | AP8: V | AQ8: V | AR8: V | AS8: V | AT8: V | AU8: V | AV8: V | AW8: V | BK8: V
A9: 44957 | B9: HPX | C9: Staging Build | D9: 25.42305.150.0.A.1 | E9: P0149D-B2T | F9: For PLD on or after 2/24 platforms Main changes: Staging Build Update SmartCam to 3.5.39.0 HPXWC-5815\[myAccount] HPX closed when we click 'go to my account' in ITG build. HPXWC-5184\[SFT_MPH][OTA][Settings] Intermittently HPX version is displaying as NULL HPXWC-5772\[UI] Icons are not properly visible in some resolutions. HPXWC-5752\[PPR] Square corner with different color near rounded corner HPXWC-4978\[SFT_MPH][OTA] Text cut-off is seen when we minimize the Privacy Settings page. HPXWC-5749\[PCDevice] Warranty status icon for "Unknown" mismatch with figma on ultron laptop HPXWC-5162\[SFT_MPH][DisplayControl] Text box cutoff seen when we navigate using tab button HPXWC-5799\[DevOps] 0 version bulk script needs to be skipped when there is not file under ./change folder HPXWC-5677\[CGQA] myHP icon is missing in internet connection screen title-bar. HPXWC-5470\[Core] LocalizationJplugin is not providing 5 character locale HPXWC-5816\[Support][Deeplink] Support card on PC Device page takes you to top level Support module HPXWC-5797\[Pen] Feature-specific (Pen? Wacom.ISD.SettingsClient.dll) binary embedded in the Shell (UWP or DesktopExtension) HPXWC-5552\[PCVideo] HPPV screen can not open again when restart PC then launch HPPV screen again HPXWC-5735\[Analytics] PC Mouse generating unnecessary events on hover HPXWC-5355\[AudioControl] Sound does not change when increase or decrease the ft and db value when click play test button HPXWC-5474\[HPPK][PPR] Modal window: Application, header typography is incorrect | G9: 1. Home Page 2. Video Control - SmartCam 2 (if the system has SmartCam2 feature byte qj) - SmartCam 3.5.39.0 (if the system has SmartCam3 feature byte qM) 3. Audio Control 4. Display Control 5. Support 6. Settings 7. Audio Switch | I9: V | J9: V | K9: V | L9: V | M9: V | N9: V | O9: V | P9: V | Q9: V | R9: V | S9: V | T9: V | Z9: V | AA9: V | AB9: V | AC9: V | AD9: V | AH9: V | AI9: V | AJ9: V | AK9: V | AL9: V | AM9: V | AN9: V | AO9: V | AP9: V | AQ9: V | AR9: V | AS9: V | AT9: V | AU9: V | AV9: V | AW9: V | BK9: V
A10: 44963 | B10: HPX | C10: Staging Build | D10: 25.42305.5.0.A.1 | E10: P0149D-B2X | F10: For PLD on or after 2/24 platforms Main changes: Knwon issue: Display Control UI is incorrect Fixed issues: SIO2167051 - [SIT][FIT-MM][Zonin][RPL-S]The actual function is still working after the "Noise Removal" is turned off in HPX Audio Control. SIO2168795 - [SIT][SWT-SW][23C1][Arctic_U][RPL]Noise Reduction can not be switch to off when plugin device SIO2167712 - [SIT][FIT-MM][Zonin][ADL-S][HPX0.5_OTA] There is no "Audio control" item and "Video control" item in Device/PC device page after launch the HPX.(AB2&ABJ) SIO2169145 - [SIT][SWT-SW][Montes-ADL][HPX0.5_OTA] There is no smartcam in HPX after OTA upgrade from MS store. (HPX v25.42305.150.0) SIO2169133 - [SIT][SWT-SW][Contino][Barcelo][HPX0.5_OTA]There is no smartcam in HPX after OTA upgrade from MS store. (HPX v25.42305.150.0) SIO2169215 - [SIT][SWT-SW][ADL][HPX0.5_OTA]There is no Video Control in myHP(HPX). SIO2169540 - [SIT][FIT-MM][Zonin][ADL-S][HPX0.5_OTA] The button of "Conference" or "Personal" with "Mic mode" is not grayed out when turn off "Noise Reduction" opption after launch HPX app. SIO2169158 - [SIT][SWT-SW][BCL-R][Win11][PV1][HPX0.5_OTA] HPX(myHP) Version show 25.22304.113.0 in About page but should be 25.42305.150.0 (F/R:1/2 units) HPXWC-5945\[AudioControl] Mic Mode will not grey out when turn off Noise Reduction HPXSUP-767\[OCChat] Chat Page will be loading sometimes when change country frequently. HPXWC-5926\[Home] Welcome Banner should not have comma when User is signed in to the account HPXWC-5501\[AudioControl] All buttons and sliders should be disable when the platform has no input and output deivces HPXWC-4305\[SFT_MPH][CoreNav][Accessibility] Narrator fails to read expected action when hamburger menu is opened/closed. myHP icon read as custom HPXWC-6015\[Home Page] Set new static height for Recommended for you section of Home page HPXWC-5880\[Audio] SIO2168816 - "Noise Reduction" can not be turned off in HPX HPXWC-5598\SIO2167712/SIO2169145/SIO2169133/SIO2169215 - [Zonin/Montes/Contino/Weller][HPX0.5_OTA] No "Audio control" item and "Video control" item in Device/PC device page after launch (IsVisible) HPXWC-5724\[SFT_MPH][AudioControl] Noise Removal is not working (IsVisible) HPXWC-5563\[Accessibility] There is no response when using Enter key to open notification and profile icons. HPXWC-5764\[Communications]In Spanish-Spain Language, Mismatch in toggle alignment in Settings-Notifications page HPXWC-5763\[Communications]In Catalan - Ca Language, Mismatch in toggle alignment in Settings-Notifications page HPXWC-4829\[HPX 0.5] Icon: PC Unselected Device icon is incorrect HPXWC-4828\[HPX 0.5] Icon: Devices icon and color is incorrect | G10: 1. Home Page 2. Video Control - SmartCam 2 (if the system has SmartCam2 feature byte qj) - SmartCam 3.5.39.0 (if the system has SmartCam3 feature byte qM) 3. Audio Control 4. Display Control 5. Support 6. Settings 7. Audio Switch | I10: V | J10: V | K10: V | L10: V | M10: V | N10: V | O10: V | P10: V | Q10: V | R10: V | S10: V | T10: V | Z10: V | AA10: V | AB10: V | AC10: V | AD10: V | AH10: V | AI10: V | AJ10: V | AK10: V | AL10: V | AM10: V | AN10: V | AO10: V | AP10: V | AQ10: V | AR10: V | AS10: V | AT10: V | AU10: V | AV10: V | AW10: V | BK10: V
A11: 44970 | B11: HPX | C11: Staging Build | D11: 25.42306.27.0.A.1 | E11: P014J4-B2B | F11: For PLD on or after 2/24 platforms Main changes: • HPXWC-6190\[Audio] Enhancement - Turn OFF "Restore Defaults" button within audio control on HPX 0.5 to support 09Feb23 release • HPXWC-5960\[Communications] Investigate to fix toggle button alignment issue • HPXWC-5396\[Home] Missing PC connect(5G) from home page • HPXWC-5865\[SFT_MPH][Homepage] Narrator is not able to read the selected text (control your pc header). • HPXWC-4401\[HighContrast] Turn on High Contrast theme, open one page, cannot see the Icon in the left menu • HPXWC-5778\[SFT_MPH][FirstUse][Privacy] About Your Privacy Page has not shown when all the consent value are set to unknown. • HPXWC-6149\[Offline] Error shows when disconnect the network. HPX does not work offline. • HPXWC-6239\[5G] HPX crashed when use cellular data connection • HPXWC-6142\[AudioControl] Dynamic Audio content is not classified correctly • HPXWC-6063\[AudioControl] Audio presets default option is "Voice" instead of "Music" in Arti-A machine • HPXWC-4399\[PCConnect] Cannot navigate to the PCConnect module through the link of PC device module • JWEB-5894\[Analytics] [Instrumentation] Privacy Setting Analytics Data • HPXWC-6120\[FirstUse][HPID] HP registration and HP privacy missing when launch HPX at the first time • HPXWC-5165\[SFT_MPH][SmartExp][L10N] UI is not localized for Smart Experiences cards in Bahasa Indonesian (ID) language • HPXWC-6202\[Core] Support is missing on Home page | G11: 1. Home Page 2. Video Control - SmartCam 2 (if the system has SmartCam2 feature byte qj) - SmartCam 3.5.39.0 (if the system has SmartCam3 feature byte qM) 3. Audio Control 4. Display Control 5. Support 6. Settings 7. Audio Switch | I11: V | J11: V | K11: V | L11: V | M11: V | N11: V | O11: V | P11: V | Q11: V | R11: V | S11: V | T11: V | Z11: V | AA11: V | AB11: V | AC11: V | AD11: V | AH11: V | AI11: V | AJ11: V | AK11: V | AL11: V | AM11: V | AN11: V | AO11: V | AP11: V | AQ11: V | AR11: V | AS11: V | AT11: V | AU11: V | AV11: V | AW11: V | BK11: V
A12: 44977 | B12: HPX | C12: Production Build | D12: 25.52307.30.0.A.1 | E12: P014J4-B2C | F12: For PLD on or after 2/24 platforms Main changes: • HPXWC-6368\[SFT_MPH][Registration] Stuck on loading screen after registering for HP Registration. • HPXWC-5962\ SIO2169236 The "Mic mode" was not switched in Audio on clicking "Conference" or "Personal" in notification to choose "Mic mode" during zoom video call • HPXWC-5006\SIO2163295/SIO2162832/SIO2162826 - [Sparty][Zonin] "Conference" and "Personal" function is not different under Input > Noise Reduction > MIC mode • HPXWC-5695\ SIO2168322 - [SIT][FIT-FUN[CarmenK][GML-R][HPX0.5_OTA] Sound is noise during Microsoft teams meeting and turn on "Noise Removal" button in Audio control. • HPXWC-6332\ SIO2171432 - [SIT][Frostbreath][Raphael][HPX0.5_OTA] Speaker Configuration dB setting can't keep after reopen myHP. • HPXWC-2865\[Audio][AUID] Missing AUIDs in Speaker Configuration • HPXWC-6258\[Device] Direction of Arrow in Back button isn't aligned with right to left system (Saudi Arabia and Hebrew Languages) • HPXWC-6402\[Display Control] Display Control is not localized in nl-NL(Dutch) Language • HPXWC-6303\SIO2171361 - [SIT][SWT-SW][22C2][Arctic][RPL]HPX0.5_OTA]Click Get Details not Loc to CH in AB2 Region • HPXWC-5998\[AudioControl] Noise Removal will be turned on after clicking Restore Default button • HPXWC-5878\[Video] Add launch button and icon to secondary page for Smartcam 3+ systems | G12: 1. Home Page 2. Video Control - SmartCam 2 (if the system has SmartCam2 feature byte qj) - SmartCam 3.5.39.0 (if the system has SmartCam3 feature byte qM) 3. Audio Control 4. Display Control 5. Support 6. Settings 7. Audio Switch | I12: V | J12: V | K12: V | L12: V | M12: V | N12: V | O12: V | Q12: V | R12: V | S12: V | Z12: V | AA12: V | AB12: V | AC12: V | AD12: V | AH12: V | AI12: V | AJ12: V | AK12: V | AL12: V | AM12: V | AN12: V | AO12: V | AP12: V | AQ12: V | AR12: V | AS12: V | AT12: V | AU12: V | AV12: V | AW12: V | BK12: V
A13: 44981 | B13: HPX | C13: Production Build | D13: 25.52308.38.0.A.1 | E13: P014J4-B2D | F13: For PLD on or after 2/24 platforms Main changes: P1: 1. HPXWC-6776\ [Video] Integrate Smartcam into HPX v3.5.46 2. HPXWC-6249\[Core][HomePg] Launch time to full home page is ~22 seconds 3. HPXWC-6685\[AudioControl] Speaker Configuration and Sound Calibration show on unsupported machine 4. HPXWC-6515\[PCDevice] Delay in loading PC device page 5. HPXWC-6593\[PCVideo] No response when close HPPV then click "video control" button on HPX on SC3 6. HPXWC-6514\[AudioControl] Audio controls page load time need about 5 seconds or longer sometimes 7. HPXWC-6368\[SFT_MPH][Registration] Stuck on loading screen after registering for HP Registration. 8. HPXWC-6401\[London] Hotkey response is ~20 seconds 9. HPXWC-5006\SIO2163295/SIO2162832/SIO2162826 - [Sparty][Zonin] "Conference" and "Personal" function is not different under Input > Noise Reduction > MIC mode 10. HPXWC-5695\ SIO2168322 - [SIT][FIT-FUN[CarmenK][GML-R][HPX0.5_OTA] Sound is noise during Microsoft teams meeting and turn on "Noise Removal" button in Audio control. 11. HPXWC-5998\[AudioControl] Noise Removal will be turned on after clicking Restore Default button 12. HPXWC-5878\[Video] Add launch button and icon to secondary page for Smartcam 3+ systems P2: 1. HPXWC-6367\ [SFT_MPH][SettingsPage] Not able to scroll in privacy tab to view "To review your privacy setting, click here" on text size at maximum 2. HPXWC-6734\SIO2173473 [Localization] The default text of the options in Microphone Mode will be cut off when launch HPX. 3. HPXWC-6240\SIO2170872 - [NB][Varcolac][PV][IEC] Offline messages not seen easily when open HPX without network on OLED panel SKUs. 4. HPXWC-6692\[SFT_MPH][AudioControl] Output and input dropdown alignment is not proper. 5. HPXWC-6420\[SFT_MPH][Registration] HP registration missing when launch HPX at the first time. 6. HPXWC-6260\SIO2169521 Missing "Use the HP Virtual Assistant" and "Run hardware diagnostics" under HPX/Support/Device support/Guided troubleshooting with build 7. HPXWC-6304\[SFT_MPH][SupportPage] Support page icon in the left navigation menu mismatches when navigated other than the left navigation menu 8. HPXWC-6264\[AudioControl] HP Dynamic audio notification popped up on unsupported machine 9. HPXWC-6595\[PCVideo] Video Controls button on blank Video Controls page minimizes SmartCam 3 instead of bringing to foreground 10. HPXWC-6406\[PCVideo] New HPPV screen pops up again and always show initialization screen when keep HPPV foreground and quickly click "video controls" button twice 11. HPXWC-6408\SIO2171255 - [Hokie] "Go to my account" launches in web browser. 12. HPXWC-6618\Update HPDC.dll Ver. 5.1.0.058 with HP Display Control NuGet package and include it in HPX 13. HPXWC-6258\[Device] Direction of Arrow in Back button isn't aligned with right to left system (Saudi Arabia and Hebrew Languages) 14. HPXWC-6365\[SFT_MPH][SmartExp][L10N] Contents present in the alert notification are not localized for ID language 15. HPXWC-6402\[Display Control] Display Control is not localized in nl-NL(Dutch) Language 16. HPXWC-6303\SIO2171361 - [SIT][SWT-SW][22C2][Arctic][RPL]HPX0.5_OTA]Click Get Details not Loc to CH in AB2 Region | G13: 1. Home Page 2. Video Control - SmartCam 2 (if the system has SmartCam2 feature byte qj) - SmartCam 3.5.46.0 (if the system has SmartCam3 feature byte qM) 3. Audio Control 4. Display Control - display control driver: 5.1.0.058 5. Support 6. Settings 7. Audio Switch | I13: V | J13: V | K13: V | L13: V | M13: V | N13: V | O13: V | P13: V | Q13: V | R13: V | S13: V | Z13: V | AA13: V | AB13: V | AC13: V | AD13: V | AH13: V | AI13: V | AJ13: V | AK13: V | AL13: V | AM13: V | AN13: V | AO13: V | AP13: V | AQ13: V | AR13: V | AS13: V | AT13: V | AU13: V | AV13: V | AW13: V | BK13: V
A14: 44991 | B14: HPX | C14: Production Build | D14: 25.52309.52.0.A.1 | E14: P014J4-B2E | F14: For PLD on or after 2/24 platforms Main changes: • HPXWC-7000\ [FirstLaunch] Registration and Privacy shows after myhp to HPX update • HPXWC-6564\ HPX not usable after deep linking, when user is on any "Recommended for you" page • HPXWC-6740\We do not get distinguishing EntryPoint for autolunch • HPXWC-3877\[PCConnect] Usage data not display under 5G Connectivity. • HPXWC-5851\ [Settings] When we minimize the Settings Notification page, text is cut off and not able to scroll down the screen • HPXWC-6021\ [LeftNav] Left side bar elements not having AUID • HPXWC-6796\ PCDevice depends on Fusion for registry reads (but claims it doesn't) • HPXWC-6332\ SIO2171432 - [SIT][Frostbreath][Raphael][HPX0.5_OTA] Speaker Configuration dB setting can't keep after reopen myHP. • HPXWC-6729\ [CGQA][L10N] "Connect internet" screen is not localized as expected for RTL languages. • HPXWC-6704\ [SFT_MPH][PCDevice] Change system's name, observe previous system's name for a second, then new name shown • HPXWC-6542\ [AudioControls] Seeing cut off on audio screen on making text bigger. • HPXWC-6348\ [SFT_MPH][DisplayControl] Clicking Modes, Restore Default button continuously 15-to-20-time, Contrast slider flickers to 0 value and come back to previous selected value • HPXWC-6884\ [SFT_MPH][DisplayControl] We can save the Timer without selecting either turn-on and turn-off Timer from LBL scheduler • HPXWC-6816\ [SFT_MPH][DisplayControl] Cut off is seen when we navigate to any modes using tab button • HPXWC-6760\[HPX] Build version is not synchronized in top bar & about/settings on non-production build. • HPXWC-6387\SIO2167713 - [Bucky] Speaker 3 ban changed to match headset value, even preset of headset is disabled. • HPXWC-6746\BackgroundTask error handling clean up - hp-af/app-lifecycle • HPXWC-5000\[SFT_MPH][OTA][Settings] We seen some delay in Setting page to load in HPX Module • HPXWC-6323\[SFT_MPH][DisplayControl] Brightness slider flickering is seen when we drag slider randomly in between left to right • HPXWC-5424\[SFT_MPH][DisplayControl] Brightness & Contrast Analytics data ID's not generated • HPXSUP-1033\[Support page] The offline page flashed When clicking 'Support' on the left navigation bar • HPXSUP-762\[HPOne & Support hotkey] - Press hotkey to open HPX, sign in profile and then press Hotkey, it doesn't work • HPXWC-6796\PCDevice depends on Fusion for registry reads (but claims it doesn't) • HPXWC-6140\SIO2170101 - [SIT][FIT-MM][Zonin] "Noise Reduction" in Audio Control cannot be turned on when clicking the "Restore Defaults" button with "Noise Reduction" turned off. • HPXWC-6329\As a user, I don't want to send serial number without my consent during login • HPXWC-5361\ [SFT_MPH][CoreNav][Accessibility] Narrator fails to read some strings on Top App bar • HPXWC-6367\[SFT_MPH][SettingsPage] Not able to scroll in privacy tab to view "To review your privacy setting, click here" on text size at maximum | G14: 1. Home Page 2. Video Control - SmartCam 2 (if the system has SmartCam2 feature byte qj) - SmartCam 3.5.46.0 (if the system has SmartCam3 feature byte qM) 3. Audio Control 4. Display Control - display control driver: 5.1.0.058 5. Support 6. Settings 7. Audio Switch | I14: V | J14: V | K14: V | L14: V | M14: V | N14: V | O14: V | P14: V | Q14: V | R14: V | S14: V | Z14: V | AA14: V | AB14: V | AC14: V | AD14: V | AH14: V | AI14: V | AJ14: V | AK14: V | AL14: V | AM14: V | AN14: V | AO14: V | AP14: V | AQ14: V | AR14: V | AS14: V | AT14: V | AU14: V | AV14: V | AW14: V | BK14: V
A15: 44998 | B15: HPX | C15: Production Build | D15: 25.52310.68.0.A.1 | E15: P014J4-B2G | F15: Main changes: • Updated SmartCam to v3.5.50 • HPXWC-7098\[SFT_MPH][OTA][SmartCamv2] Smartcam V2 Functionality's are not working. • HPXWC-7108\[Settings] App crashes when double click 'click here' on settings page. • HPXWC-7132\[AudioControl] No Audio under PCDevice and on home page. • HPXWC-7030\[AudioControl] The toggle default status is Off for Noise reduction • HPXWC-7025\[SFT_MPH][OTA][AudioControl] Equalizer band cut off is seen in 32 slider • HPXWC-6710\[AudioControl] Immersive audio doesn't work on first time • HPXWC-7027\[AudioControl] General Features is shown and expandable in the side panel when there are no options • HPXWC-7175\[DisplayControl][HighContrast]Brightness & Contrast icons are missing when we select Aquatic, Dusk, Night sky themes. • HPXWC-6935\[SFT_MPH][Core] Text Cut-Off seen using tab button when we make text size is bigger to 225%. • HPXSUP-1119\[Support Home Page][Skeleton] - The support home page and RN's skeleton native page are appears at the same time on 4K display machine. • HPXWC-6895\[Core][LeftNav] Background color is not correct with High contrast black theme • HPXWC-5187\[AudioSwitch][L10N] MyHP Audio Switch UI does not display as RTL with HE-IL language. • HPXWC-7207\[Accessibility] myHP icon should not be navigable. • HPXWC-5990\SIO2169341 - [SIT][SWT-SW][HPX0.5_OTA] The Manage notifications/Desktop... items still show enable state and can click toggle when clicked Home item and the re-clicked Settings/Notification with offline mode. • HPXWC-6922\[SFT_MPH][AudioControl] Noise reduction and mic mode getting flickered when we select headset from input dropdown bar. • HPXSUP-585\[Offline]-The contents of the call card and web card on the offline page are not aligned • HPXWC-5235\SIO2164872 - [SIT][SWT-SW][22H2-SFR][Blizzard_L] Click HPX audio Multi-Streaming icon "i" not show information • HPXWC-6735\[AudioControl] MIC Mode default setting is Personal in HPX. • HPXWC-6767\[AudioControl] Mic Mode still shows up when turn off Noise Reduction and then switch back to Internal mic • HPXWC-6141\SIO2170133 - [SIT][Zonin][HPX0.5_OTA] "Noise Removal" function is turned on by default after 1st launch of HPX Audio Control • HPXWC-6884\[SFT_MPH][DisplayControl] We can save the Timer without selecting either turn-on and turn-off Timer from LBL scheduler • HPXWC-6820\[SFT_MPH][DisplayControl][HighContrast] Brightness & Contrast slider is missing when we select Aquatic, Desert, Dusk, Night sky themes. • HPXWC-4204\[SFT_MPH][Display] LBL Scheduler strings are not fully display when we increase text size to Maximum. | G15: 1. Home Page 2. Video Control - SmartCam 2 (if the system has SmartCam2 feature byte qj) - SmartCam 3.5.50.0 (if the system has SmartCam3 feature byte qM) 3. Audio Control 4. Display Control - display control driver: 5.1.0.058 5. Support 6. Settings 7. Audio Switch | I15: V | J15: V | K15: V | L15: V | M15: V | N15: V | O15: V | P15: V | Q15: V | R15: V | S15: V | Z15: V | AA15: V | AB15: V | AC15: V | AD15: V | AH15: V | AI15: V | AJ15: V | AK15: V | AL15: V | AM15: V | AN15: V | AO15: V | AP15: V | AQ15: V | AR15: V | AS15: V | AT15: V | AU15: V | AV15: V | AW15: V | BK15: V
A16: 44999 | B16: HPX | C16: Integration Build | D16: 25.22310.141.0.A.1 | E16: P014J4-B2H | F16: Main changes: Network Booster and System Control enabled for testing on 23C2 Bopeep,Willie, Herbie, Oski, Tuffy, Sammy. Please only focus on testing the Network Booster and System Control and ignore other features. | G16: 1. Home Page 2. Video Control - SmartCam 2 (if the system has SmartCam2 feature byte qj) - SmartCam 3.5.50.0 (if the system has SmartCam3 feature byte qM) 3. Audio Control 4. Display Control - display control driver: 5.1.0.058 5. Network Booster 6. System Control 7. Support 8. Settings 9. Audio Switch | I16: V | J16: V | K16: V | L16: V | M16: V | N16: V | O16: V | P16: V | Q16: V | R16: V | S16: V | Z16: V | AA16: V | AB16: V | AC16: V | AD16: V | AH16: V | AI16: V | AJ16: V | AK16: V | AL16: V | AM16: V | AN16: V | AO16: V | AP16: V | AQ16: V | AR16: V | AS16: V | AT16: V | AU16: V | AV16: V | AW16: V | BC16: V | BD16: V | BG16: V | BH16: V | BK16: V
A17: 45005 | B17: HPX | C17: Production Build | D17: 25.52311.74.0.A.1 | E17: P014J4-B2K | F17: Main changes: • HPXWC-7233\[AudioControl] Audio control still shows up when standalone app exist • HPXWC-7473\[Video] Integrate smartcam 3.5.54 into HPX • HPXWC-7334\Add HP.PrivacyConsentUI nuget 2.1.30 and Fusion Analytics 2.1.23 to HPX to support Narrator fixes | G17: 1. Home Page 2. Video Control - SmartCam 2 (if the system has SmartCam2 feature byte qj) - SmartCam 3.5.54.0 (if the system has SmartCam3 feature byte qM) 3. Audio Control 4. Display Control - display control driver: 5.1.0.058 5. Support 6. Settings 7. Audio Switch | I17: V | J17: V | K17: V | L17: V | M17: V | N17: V | O17: V | P17: V | Q17: V | R17: V | S17: V | Z17: V | AA17: V | AB17: V | AC17: V | AD17: V | AH17: V | AI17: V | AJ17: V | AK17: V | AL17: V | AM17: V | AN17: V | AO17: V | AP17: V | AQ17: V | AR17: V | AS17: V | AT17: V | AU17: V | AV17: V | AW17: V | BK17: V
A18: 45006 | B18: HPX | C18: Production Build | D18: 25.52311.89.0.A.1 | E18: P014J4-B2L | F18: Main changes: • HPXWC-7499\ [AudioControl] EQ vertical axis UI isn't consistent with its design • HPXWC-7443\ [SFT_MPH][Registration][Accessibility] Automated checks test is failing for Country Dropdown in Registration Page. • HPXWC-7474\ [HomePage][AUID] Some text elements AUID missing on home page • HPXWC-7184\ [PCDevice][HighContrast] Windows 11 & 10 issues on High Contrast theme • HPXWC-7374\ SIO2176217 - [SIT][SWT-SW][RPL][Win11] The warranty of HPX and HPSA's are shown differently. • HPXWC-7523\ [RGBKB] Narrator should not read Slider icon as "SVG image - image" • HPXWC-7243\ auto launch events not being captured correctly • HPXSUP-1102\[VA] - 5G card can't be displayed on 5G PC. • HPXWC-7228\[SFT_MPH][DisplayControl] In LBL Scheduler page UI string is not matching with figma and LBL Scheduler page cross icon is over-lapping with application existing cross icons. • HPXWC-5361\[SFT_MPH][CoreNav][Accessibility] Narrator fails to read some strings on Top App bar • HPXWC-7207\[Accessibility] myHP icon should not be navigable. • HPXWC-7158\[SFT_MPH][Services][HighContrast] No change of states for the avatar • HPXWC-7358\[CGQA][NPS] Notification is not visible without app launch, after app upgrade myHP to HPX | G18: 1. Home Page 2. Video Control - SmartCam 2 (if the system has SmartCam2 feature byte qj) - SmartCam 3.5.54.0 (if the system has SmartCam3 feature byte qM) 3. Audio Control 4. Display Control - display control driver: 5.1.0.058 5. Support 6. Settings 7. Audio Switch | I18: V | J18: V | K18: V | L18: V | M18: V | N18: V | O18: V | P18: V | Q18: V | R18: V | S18: V | Z18: V | AA18: V | AB18: V | AC18: V | AD18: V | AH18: V | AI18: V | AJ18: V | AK18: V | AL18: V | AM18: V | AN18: V | AO18: V | AP18: V | AQ18: V | AR18: V | AS18: V | AT18: V | AU18: V | AV18: V | AW18: V | BK18: V
A19: 45012 | B19: HPX | C19: Production Build | D19: 25.52312.97.0.A.1 | E19: P014J4-B2N | F19: Main changes: RC build for 2023.03.B • HPXWC-7667\[DisplayControl] Integrate HPDC dll Ver. 5.1.60.0 with HP.Display Control • HPXWC-7566\ [CGQA] "Share your feedback" toggle status does not remain same after relaunch app • HPXWC-7660\ [High contrast] Hp logo in first launch privacy and registration page not visible when mode is changed to highcontrast black theme • HPXWC-6848\ [SFT_MPH][AudioControl] No presets are selected when we unplugged the 3.5m headset on OMEN platforms • HPXSUP-585\ [Offline]-The contents of the call card and web card on the offline page are not aligned • HPXWC-7245\ SIO2176025/SIO2176243 [SIT][OTA] Platform info shows NA in myHP/Devices/PC Device • HPXWC-6386\ [AudioControl] Remove 3 Band EQ from the UI for most consumer platforms • HPXWC-7437\ Do not show Privacy settings Tab for Corp images In case HP Privacy setting app does not exists • HPXWC-7554\ NPS Toast Notification Crash • HPXWC-7624\SIO2177410/SIO2177457- [HarryPotter][AutoLaunch] HPX won't be launched automatically after reboot system. • HPXWC-7549\[SFT_MPH][DisplayControl][Accessibility] In Display P3 (Photo and Video) mode slightly cut-off is seen for (d) word when we navigate using tab button • HPXWC-7612\[AudioControl] It doesn't navigate to Audio Controls page after clicking "More Audio Controls" link in Audio Switch • HPXSUP-1125\[SFT_MPH][SupportPage][HighContrast] While Offline the background color is not applied properly • HPXWC-7481\[Audio Control][AUID] Some text elements AUID missing on Audio Control module • HPXWC-7491\[PC Device][AUID] Some text elements AUID missing in PC Device module • HPXWC-7530\[SFT_MPH][OTA][AudioControl][HighContrast] When we apply High contrast themes, We seen image cut-off in External speaker settings • HPXWC-7363\[SFT_MPH][DisplayControl][HighContrast] Hover over disable toggle button, the border changes to different color under Desert, Dusk, Night sky contrast themes. • HPXWC-7227\[SFT_MPH][DisplayControl][HighContrast] Scheduler toggle button is not visible for Desert Contrast themes when toggle button is off. • HPXWC-7028\[HPX] It is better show highlight when user hover on "get details" & " view data collected" in PC device module. - Handle PR • HPXWC-7224\[SFT_MPH][AudioControl][HighContrast] In AudioControl module contrast themes not applied to background for half of the tab • HPXWC-7691\[AudioControl] Multi-streaming should be enabled by default. • HPXWC-7704\[SFT_MPH][DisplayControl][Accessibility] In LBL Scheduler page "Time" string is missing only when we select 225% scale. • HPXWC-7550\[SFT_MPH][DisplayControl][Accessibility][KeyboardNav] Tab selection border is not seen and not able to navigate to any other fields using tab/tab+shift button, when we hover over Turn-on/Turn-off dropdown container • HPXWC-5597\[Smartcam] Smartcam3 opens in the background on first launch if open from PC device (not Home). • HPXWC-7439\[AudioControl] Speaker Configuration UI doesn't consistent with its design | G19: 1. Home Page 2. Video Control - SmartCam 2 (if the system has SmartCam2 feature byte qj) - SmartCam 3.5.54.0 (if the system has SmartCam3 feature byte qM) 3. Audio Control 4. Display Control - display control driver: 5.1.0.060 5. Support 6. Settings 7. Audio Switch | I19: V | J19: V | K19: V | L19: V | M19: V | N19: V | O19: V | P19: V | Q19: V | R19: V | S19: V | Z19: V | AA19: V | AB19: V | AC19: V | AD19: V | AH19: V | AI19: V | AJ19: V | AK19: V | AL19: V | AM19: V | AN19: V | AO19: V | AP19: V | AQ19: V | AR19: V | AS19: V | AT19: V | AU19: V | AV19: V | AW19: V | BK19: V
A20: 45012 | B20: HPX | C20: Integration Build | D20: 25.22312.184.0.A.1 | E20: P014J4-B2P | F20: Main changes: Add SmartCam tooltips • HPXWC-7821\[Video] Integrate Smartcam into HPX v3.5.57 • HPXWC-7681\[HighContrast][PCDevice] The edit icon (Pencil) becomes completely invisible on • HPXWC-7706\[System Control][Native Library] Making Get & Set device API working • HPXWC-7224\[SFT_MPH][AudioControl][HighContrast] In AudioControl module contrast themes not applied to background for half of the tab • HPXWC-7691\[AudioControl] Multi-streaming should be enabled by default. • HPXWC-7704\[SFT_MPH][DisplayControl][Accessibility] In LBL Scheduler page "Time" string is missing only when we select 225% scale. • HPXWC-7550\[SFT_MPH][DisplayControl][Accessibility][KeyboardNav] Tab selection border is not seen and not able to navigate to any other fields using tab/tab+shift button, when we hover over Turn-on/Turn-off dropdown container • HPXWC-5597\[Smartcam] Smartcam3 opens in the background on first launch if open from PC device (not Home). • HPXWC-7439\[AudioControl] Speaker Configuration UI doesn't consistent with its design • HPXWC-7815\Update HP.SystemControl nuget to 1.0.1 in HPX • HPCMCT-1095\[Network Booster] Bandwidth chart issue • HPXWC-7677\Update the logic to check if the device supports consumer System Control | G20: 1. Home Page 2. Video Control - SmartCam 2 (if the system has SmartCam2 feature byte qj) - SmartCam 3.5.57.0 (if the system has SmartCam3 feature byte qM) 3. Audio Control 4. Display Control - display control driver: 5.1.0.058 5. Network Booster 6. System Control 7. Support 8. Settings 9. Audio Switch | I20: V | J20: V | K20: V | L20: V | M20: V | N20: V | O20: V | P20: V | Q20: V | R20: V | S20: V | Z20: V | AA20: V | AB20: V | AC20: V | AD20: V | AH20: V | AI20: V | AJ20: V | AK20: V | AL20: V | AM20: V | AN20: V | AO20: V | AP20: V | AQ20: V | AR20: V | AS20: V | AT20: V | AU20: V | AV20: V | AW20: V | BC20: V | BD20: V | BG20: V | BH20: V | BK20: V
A21: 45027 | B21: HPX | C21: Production Build | D21: 25.52314.112.0.A.1 | E21: P014J4-B2Q | F21: Main changes: For 23C2 platforms except Bopeep, Sammy, Oski, Tuffy, Willie, Herbie SmartCam123 is enabled • HPXWC-8199\[OOBE] Unable to see Firstuseflow • HPXWC-7751\[AudioSwitch] 'More Audio Control' link show in AudioSwitch even system doesn't have myHP audio control. • HPXWC-7906\[SFT_MPH][PenControl] Narrator is narrating the numbers in the UI as "Custom" • HPXWC-6413\[pen] Observations found in Accessibility testing. • HPXWC-7959\[Pen][highcontrast] Color is not applying for the tool tip pointer • HPXWC-7470\[HighContrast] Tooltip showing square shape for arrow in HighContrast mode. • HPXWC-7186\[SFT_MPH][SmartExp][HighContrast] Button text color is not changing for Dusk and Night sky themes • HPXWC-7225\[SFT_MPH][PenControl] When Serial/Product number is copied from the Header of Pen control, upon pasting the copied text is displayed as NA instead of original text. • HPXWC-7240\[SFT_MPH][DisplayControl][HighContrast] Brightness, Contrast and LBL Scheduler arrow icons are missing when we apply Aquatic and Night Sky High Contrast. | G21: 1. Home Page 2. Video Control - SmartCam 2 (if the system has SmartCam2 feature byte qj) - SmartCam 3.5.59.0 (if the system has SmartCam3 feature byte qM) 3. Audio Control 4. Display Control - display control driver: 5.1.0.060 5. Support 6. Settings 7. Audio Switch | I21: V | J21: V | K21: V | L21: V | M21: V | N21: V | O21: V | P21: V | Q21: V | R21: V | S21: V | Z21: V | AA21: V | AB21: V | AC21: V | AD21: V | AH21: V | AI21: V | AJ21: V | AK21: V | AL21: V | AM21: V | AN21: V | AO21: V | AP21: V | AQ21: V | AR21: V | AS21: V | AT21: V | AU21: V | AV21: V | AW21: V | BK21: V
A22: 45027 | B22: HPX | C22: Integration Build | D22: 25.22314.220.0.A.1 | E22: P014J4-B2R | F22: Main changes: For 23C2 Bopeep, Sammy, Oski, Tuffy, Willie, Herbie SmartCam123 is enabled • HPXWC-8199\[OOBE] Unable to see Firstuseflow • HPXWC-7751\[AudioSwitch] 'More Audio Control' link show in AudioSwitch even system doesn't have myHP audio control. • HPXWC-7470\[HighContrast] Tooltip showing square shape for arrow in HighContrast mode. • HPXWC-7240\[SFT_MPH][DisplayControl][HighContrast] Brightness, Contrast and LBL Scheduler arrow icons are missing when we apply Aquatic and Night Sky High Contrast. • HPXWC-8239\[System Control][UI] - Localization - Strings translation for title • HPCMCT-1141\Add 2 supported devices. • HPXWC-7591\[SystemControl] Native Base Tooltip Positioning, Hover , multiple label and close button Issue | G22: 1. Home Page 2. Video Control - SmartCam 2 (if the system has SmartCam2 feature byte qj) - SmartCam 3.5.59.0 (if the system has SmartCam3 feature byte qM) 3. Audio Control 4. Display Control - display control driver: 5.1.0.060 5. Network Booster 6. System Control 7. Support 8. Settings 9. Audio Switch | I22: V | J22: V | K22: V | L22: V | M22: V | N22: V | O22: V | P22: V | Q22: V | R22: V | S22: V | Z22: V | AA22: V | AB22: V | AC22: V | AD22: V | AH22: V | AI22: V | AJ22: V | AK22: V | AL22: V | AM22: V | AN22: V | AO22: V | AP22: V | AQ22: V | AR22: V | AS22: V | AT22: V | AU22: V | AV22: V | AW22: V | BC22: V | BD22: V | BG22: V | BH22: V | BK22: V
A23: 45034 | B23: HPX | C23: Production Build | D23: 25.52315.134.0.A.1 | E23: P014J4-B2T | F23: Main changes: For 23C2 platforms except Bopeep, Sammy, Oski, Tuffy, Willie, Herbie • HPXWC-8600\ [PCDevice] High CPU usage while idling in PC device page • HPXWC-8424\[HPX][Production] App stuck on StartUp Animation screen with latest Production Build • HPXWC-8503\[Core][HighContrast] My Hp app is getting crashed after switching the theme in High Contrast • HPXWC-7727\[Audio][Security] Known Vulnerability with .net version 4.7.2 • HPXWC-8386\[MyAccount] Profile icon is missing • HPXWC-6799\[SFT_MPH][DisplayControl][Accessibility] Placeholder is not applied properly for brightness and contrast slider while we navigate through TAB • HPXWC-7680\[PCDevice][HighContrast] Hover color not getting applied in High Contrast Mode on Breadcrumb • HPXWC-4654\[HomePage] Cannot set dynamic height in JWebs • HPXWC-6039\SIO2169694 - It doesn't respond by clicking Output speaker icon when turn off mute with headset plug out and plug in • HPXWC-8161\[AudioControl][AudioSwitch] Hitting more audio link from system tray has issue with breadcrumb title • HPXWC-8247\[PC Device][AUID] Navigate to any action tiles from pc device AUID changed with language • HPXWC-7107\[HPX][DarkMode] Country in drop-down list is not visible in Registration page when change system colour to dark mode. • HPXWC-7414\[SFT_MPH][AudioControl][HighContrast] On Equalizer tab Color contrast themes are not applied properly | G23: 1. Home Page 2. Video Control - SmartCam 2 (if the system has SmartCam2 feature byte qj) - SmartCam 3.5.59.0 (if the system has SmartCam3 feature byte qM) 3. Audio Control 4. Display Control - display control driver: 5.1.0.060 5. Support 6. Settings 7. Audio Switch | I23: V | J23: V | K23: V | L23: V | M23: V | N23: V | O23: V | P23: V | Q23: V | R23: V | S23: V | Z23: V | AA23: V | AB23: V | AC23: V | AD23: V | AH23: V | AI23: V | AJ23: V | AK23: V | AL23: V | AM23: V | AN23: V | AO23: V | AP23: V | AQ23: V | AR23: V | AS23: V | AT23: V | AU23: V | AV23: V | AW23: V | BK23: V
A24: 45034 | B24: HPX | C24: Integration Build | D24: 25.22315.247.0.A.1 | E24: P014J4-B2U | F24: Main changes: For 23C2 Bopeep, Sammy, Oski, Tuffy, Willie, Herbie • HPXWC-8645\ [Video-42] Deliver SmartCam v3.2304.64 for HPX integration 2023.04.B • HPXWC-8600\ [PCDevice] High CPU usage while idling in PC device page • HPXWC-8549\[PCDevice][AudioControl] 10 band EQ sliders dragging issue • HPXWC-8048\[HPAC] Desktop extension callback is not registered and updating • HPXWC-8574\ [SFT_MPH][DisplayControl] Contrast slider tip slightly move to right side when we renavigate to Display Control module after relaunch HPX application or from PC device page. • HPXWC-8274\[RGB][DarkMode] Display page needs to be changed for Dark Mode • HPXWC-6658\SIO2172289 - [SIT][Zonin][HPX0.5_OTA] HPPV will not reminds you 'Camera being used by another application' when launch video control at the second time after open the camera app first. • HPXWC-8469\ [Display][UI]Localization • HPXWC-8251\[Display][UI][Display][UI] - Dark mode support for PCDisplay | G24: 1. Home Page 2. Video Control - SmartCam 2 (if the system has SmartCam2 feature byte qj) - SmartCam 3.2304.64 (if the system has SmartCam3 feature byte qM) 3. Audio Control 4. Display Control - display control driver: 5.1.0.060 5. Network Booster 6. System Control 7. Support 8. Settings 9. Audio Switch | I24: V | J24: V | K24: V | L24: V | M24: V | N24: V | O24: V | P24: V | Q24: V | R24: V | S24: V | Z24: V | AA24: V | AB24: V | AC24: V | AD24: V | AH24: V | AI24: V | AJ24: V | AK24: V | AL24: V | AM24: V | AN24: V | AO24: V | AP24: V | AQ24: V | AR24: V | AS24: V | AT24: V | AU24: V | AV24: V | AW24: V | BC24: V | BD24: V | BG24: V | BH24: V | BK24: V
A25: 45041 | B25: HPX | C25: Production Build | D25: 25.52316.154.0.A.1 | E25: P014J4-B2V | F25: Main changes: For: 23C2 platforms except Bopeep, Sammy, Oski, Tuffy, Willie, Herbie 2305 Softroll platforms Updated SmartCam to 3.2304.68.21904 • HPXWC-8959\ [CGQA][FirstUse]"Oh something went wrong" error message is displayed after HP registration successfully. • HPXWC-7901\ [NPS][CGQA] If "share your feedback" toggle is turned off then NPS should not display during first launch • HPXWC-7649\ [SFT_MPH][AudioControl] 3.5 mm headset crash/Multi streaming/Device plug unplug • HPXWC-8648\ [CoreNav] myHP not able to drag and slide from the top bar after loaded completely • HPXWC-8538\ [Settings][NotificationsTab] Narrator is not reading Content in Notification Tab • HPXWC-7625\ [SFT_MPH][EIT][Bell] Notification count still shows on the taskbar, while the user sign-out with new notification unread even post relaunching. • HPXWC-8921\ [RGBKB] Breathing effect interval is too long • HPXWC-8536\ [Settings][Privacy]Narrator is not reading the content in Privacy tab in Settings page • HPXWC-8554\ [Offline][HighContrast][Accessibility] Set ‘text size’ to maximum and change High contrast theme, the offline banner is not displayed normally • HPXWC-6918\ SIO2169154: [DisplayControl] Display Control is not localized in FR Language • HPXWC-8198\ [FirstUseFlow] If all consents are Unknown not able to see Registration page. • HPXWC-7362\ [SFT_MPH][HomePage][HighContrast] Home Page background cutoff observed after applying contrast themes. • HPXWC-6597\ [Accessibility][HighContrast] We cannot see the menu when set the theme is Aquatic mode • HPXWC-8704\ Narrator is reading Bell Icon Incorrectly | G25: 1. Home Page 2. Video Control - SmartCam 2 (if the system has SmartCam2 feature byte qj) - SmartCam 3.2304.68.21904 (if the system has SmartCam3 feature byte qM) 3. Audio Control 4. Display Control - display control driver: 5.1.0.060 5. Support 6. Settings 7. Audio Switch | I25: V | J25: V | K25: V | L25: V | M25: V | N25: V | O25: V | P25: V | R25: V | S25: V | Z25: V | AA25: V | AB25: V | AC25: V | AD25: V | AH25: V | AI25: V | AJ25: V | AK25: V | AL25: V | AM25: V | AN25: V | AO25: V | AP25: V | AQ25: V | AR25: V | AS25: V | AT25: V | AU25: V | AV25: V | AW25: V | BK25: V
A26: 45041 | B26: HPX | C26: Integration Build | D26: 25.22316.263.0.A.1 | E26: P014J4-B2W | F26: NOTE: When testing with Integration Build, please turn off auto update in MS Store app first to avoid being automatically updated to the production build. Main changes: For 23C2 Bopeep, Sammy, Oski, Tuffy, Willie, Herbie Update SmartCam to 3.2304.68.21904 • HPXWC-8959\ [CGQA][FirstUse]"Oh something went wrong" error message is displayed after HP registration successfully. • HPXWC-7901\ [NPS][CGQA] If "share your feedback" toggle is turned off then NPS should not display during first launch • HPXWC-7649\ [SFT_MPH][AudioControl] 3.5 mm headset crash/Multi streaming/Device plug unplug • HPXWC-8648\ [CoreNav] myHP not able to drag and slide from the top bar after loaded completely • HPXWC-8515\ [SFT_MPH][SystemControl] Unable to Scroll when scale is increased to max or if we change display resolution in display settings and hence OLED toggle button is not accessible. • HPXWC-8538\ [Settings][NotificationsTab] Narrator is not reading Content in Notification Tab • HPXWC-7625\ [SFT_MPH][EIT][Bell] Notification count still shows on the taskbar, while the user sign-out with new notification unread even post relaunching. • HPXWC-8536\ [Settings][Privacy]Narrator is not reading the content in Privacy tab in Settings page • HPXWC-8554\ [Offline][HighContrast][Accessibility] Set ‘text size’ to maximum and change High contrast theme, the offline banner is not displayed normally • HPXWC-6918\ SIO2169154: [DisplayControl] Display Control is not localized in FR Language • HPXWC-8198\ [FirstUseFlow] If all consents are Unknown not able to see Registration page. • HPXWC-7362\ [SFT_MPH][HomePage][HighContrast] Home Page background cutoff observed after applying contrast themes. • HPXWC-6597\ [Accessibility][HighContrast] We cannot see the menu when set the theme is Aquatic mode • HPXWC-8474\ [Dark Mode] Able to see first use privacy page in dark mode on Staging build • HPXWC-8511\ [SFT_MPH][SystemControl] When OLED toggle button is turned on or off, we observe a flicker in the button • HPXWC-8704\ Narrator is reading Bell Icon Incorrectly • HPXWC-7200\[Accessibility] Display module changes - In Dark mode, the text color changes to white and not visible • HPXWC-8725\[RGBKB] [DarkMode] Brightness icon should be visible in dark mode and all contrast themes • HPXWC-8532\[SystemControl] Tooltip text is squished when text size is increased • HPXWC-8591\ UI component for PC device common header to display info icon and popover on UI • HPCMCT-1142\ [Bopeep SD] UI merge to main branch • HPCMCT-1114\[Bopeep ST] Logic implementation(Saga) • HPCMCT-1140\[Network Booster] Integrate the translated string | G26: 1. Home Page 2. Video Control - SmartCam 2 (if the system has SmartCam2 feature byte qj) - SmartCam 3.2304.68.21904 (if the system has SmartCam3 feature byte qM) 3. Audio Control 4. Display Control - display control driver: 5.1.0.060 5. Network Booster 6. System Control 7. Support 8. Settings 9. Audio Switch | I26: V | J26: V | K26: V | L26: V | M26: V | N26: V | O26: V | P26: V | Q26: V | R26: V | S26: V | Z26: V | AA26: V | AB26: V | AC26: V | AD26: V | AH26: V | AI26: V | AJ26: V | AK26: V | AL26: V | AM26: V | AN26: V | AO26: V | AP26: V | AQ26: V | AR26: V | AS26: V | AT26: V | AU26: V | AV26: V | AW26: V | BC26: V | BD26: V | BG26: V | BH26: V | BK26: V
A27: 45048 | B27: HPX | C27: Production Build | D27: 25.52318.184.0.A.1 | E27: P014J4-B2Z | F27: Main changes: For: 23C2 platforms except Bopeep, Sammy, Oski, Tuffy, Willie, Herbie 2305 Softroll platforms Updated SmartCam to 3.2304.71 Update Display Control driver to 5.1.0.71 • HPXWC-9303\[PCDevice] All modules have no reaction when click them under PC device page. • HPXWC-8368\[SFT_MPH][OTA_FFT][Services][DarkMode] Dark mode is not applied to properly to avatar • HPXWC-9271\[SFT_MPH][OTA][CoreNav][DarkMode] Text will disappear when hovered on "PC device" • HPXWC-9292\[DarkMode] PC modal dialog box is not in dark mode • HPXWC-9152\[DarkMode] Offline message is difficult to read in dark mode. • HPXWC-8322\[SFT_MPH][Services] Able to redirect to myaccount page and displays error while clicked on go to my account immediately after clicking on sign-out • HPXWC-8347\[Audio][AUID] Some texts in Audio changed their AUID with language • HPXWC-9103\[HPID] Click on the HP profile icon to log in. Instead of showing the account input box, it first shows the password input box • HPXWC-9142\[Settings][DarkMode] Settings contrast and dark mode doesn't work if we switch b/n views • HPXWC-9132\useColorModeValue nativebase hook broken • HPXWC-8323\[SFT_MPH][Services][DarkMode] Dark mode not being applied properly to the flyout and the header is not visible properly • HPXWC-8808\[AudioControl] Input & Output icon state does not remember when change value to 0 then relaunch hpx. • HPXWC-8949\[Accessibility][HighContrast] Inconsistent behavior of buttons on myHP after changing the high contrast theme • HPXWC-5157\[SFT_MPH][HPX] Any HPX Page is not stable when we restore and drag the UI continuously • HPXWC-9024\[Autolaunch] HP registration page will still appear on the first launch of HPX after registering with HP on the OOBE page(in win10 commercial) • HPXWC-8451\[DarkMode] Bell Icon Messages text color and Background color are not changing properly in Dark Mode • HPXWC-8554\[Offline][HighContrast][Accessibility] Set ‘text size’ to maximum and change High contrast theme, the offline banner is not displayed normally • HPXWC-8324\[SFT_MPH][Homepage][DarkMode] No changes is reflecting in Homepage on selecting dark mode. • HPXWC-7398\[SFT_MPH][AudioControl][HighContrast] For all audio control sliders high contrast themes are not apply • HPXWC-8999\[SFT_MPH][OTA][Registration] Scroll bar is not working in Registration page in Grizzly unit • HPXWC-6799\[SFT_MPH][DisplayControl][WER] Placeholder and slider Tip is not applied properly for brightness and contrast slider while we navigate through TAB and mouse click. • HPXWC-9056\[Display] Integrate Portrait DLL Ver. 5.1.0.71 with HPX | G27: 1. Home Page 2. Video Control - SmartCam 2 (if the system has SmartCam2 feature byte qj) - SmartCam 3.2304.71 (if the system has SmartCam3 feature byte qM) 3. Audio Control 4. Display Control - display control driver: 5.1.0.71 5. Support 6. Settings | I27: V | J27: V | L27: V | M27: V | N27: V | O27: V | P27: V | R27: V | S27: V | Z27: V | AA27: V | AB27: V | AC27: V | AD27: V | AH27: V | AI27: V | AJ27: V | AK27: V | AL27: V | AM27: V | AN27: V | AO27: V | AP27: V | AQ27: V | AR27: V | AS27: V | AT27: V | AU27: V | AV27: V | AW27: V | BK27: V
A28: 45048 | B28: HPX | C28: Integration Build | D28: 25.22318.288.0.A.1 | E28: P014J4-B2Y | F28: NOTE: When testing with Integration Build, please turn off auto update in MS Store app first to avoid being automatically updated to the production build. Main changes: For 23C2 Bopeep, Sammy, Oski, Tuffy, Willie, Herbie Updated SmartCam to 3.2304.71 Update Display Control driver to 5.1.0.71 • HPXWC-9303\[PCDevice] All modules have no reaction when click them under PC device page. • HPXWC-8368\[SFT_MPH][OTA_FFT][Services][DarkMode] Dark mode is not applied to properly to avatar • HPXWC-9271\[SFT_MPH][OTA][CoreNav][DarkMode] Text will disappear when hovered on "PC device" • HPXWC-9292\[DarkMode] PC modal dialog box is not in dark mode • HPXWC-9152\[DarkMode] Offline message is difficult to read in dark mode. • HPXWC-8322\[SFT_MPH][Services] Able to redirect to myaccount page and displays error while clicked on go to my account immediately after clicking on sign-out • HPXWC-8347\[Audio][AUID] Some texts in Audio changed their AUID with language • HPXWC-9103\[HPID] Click on the HP profile icon to log in. Instead of showing the account input box, it first shows the password input box • HPXWC-9142\[Settings][DarkMode] Settings contrast and dark mode doesn't work if we switch b/n views • HPXWC-9132\useColorModeValue nativebase hook broken • HPXWC-8323\[SFT_MPH][Services][DarkMode] Dark mode not being applied properly to the flyout and the header is not visible properly • HPXWC-8808\[AudioControl] Input & Output icon state does not remember when change value to 0 then relaunch hpx. • HPXWC-8949\[Accessibility][HighContrast] Inconsistent behavior of buttons on myHP after changing the high contrast theme • HPXWC-5157\[SFT_MPH][HPX] Any HPX Page is not stable when we restore and drag the UI continuously • HPXWC-9024\[Autolaunch] HP registration page will still appear on the first launch of HPX after registering with HP on the OOBE page(in win10 commercial) • HPXWC-8451\[DarkMode] Bell Icon Messages text color and Background color are not changing properly in Dark Mode • HPXWC-8554\[Offline][HighContrast][Accessibility] Set ‘text size’ to maximum and change High contrast theme, the offline banner is not displayed normally • HPXWC-8324\[SFT_MPH][Homepage][DarkMode] No changes is reflecting in Homepage on selecting dark mode. • HPXWC-7398\[SFT_MPH][AudioControl][HighContrast] For all audio control sliders high contrast themes are not apply • HPXWC-8999\[SFT_MPH][OTA][Registration] Scroll bar is not working in Registration page in Grizzly unit • HPXWC-6799\[SFT_MPH][DisplayControl][WER] Placeholder and slider Tip is not applied properly for brightness and contrast slider while we navigate through TAB and mouse click. • HPXWC-9258\Extend Lifecycle module trigger type • HPCMCT-1159\[Sys Control] Implement power saver mode limitation (only enable under DC) • HPXWC-2987\[Tech Debt] NPS Background task validation error • HPXWC-7749\Tech Debt : Create .MSIXUPLOAD distributable for store processing • HPXWC-9056\[Display] Integrate Portrait DLL Ver. 5.1.0.71 with HPX • HPXWC-9099\[PCDevice] Warranty status icon for Pending mismatch with figma • HPXWC-9201\[DevOps] Merge Improvements - Remove the runner machines that have docker daemon issues for Auto-pull bot • HPXWC-8963\Generate Release Notes Enhancements • HPXWC-8668\Show Battery Information and tooltip in header • HPXWC-8754\Update readme.md file for library '@hp-af/nativebase-device-header' • HPXWC-9169\Consume feature flag for device header version 3 code • HPXWC-8472\[Display][Middleware] - Implement redux for RGB feature • HPXWC-7724\[Measurement][PCDevice] Measure PC Device navigation performance • HPXWC-8807\Add new notification types for Proximity Sense Screen Distance • HPXWC-9077\Deprecate the PowerManager native-view • HPCMCT-1164\[Network Booster] Light theme/Dark theme issue - code review • HPXWC-8462\[Battery Manager][UI] Create native-view for Battery Manager • HPXWC-8669\Show Cellular information and tooltip in header • HPXWC-8009\Show popover/context menu with basic information - Product Number, Serial Number with copy functionality • HPXWC-8918\Update Proximity Sense feature toast notification layout • HPXWC-8520\[Settings] Notifications Settings - Dark Mode • HPXWC-8534\Handle user cancel scenario for external browser | G28: 1. Home Page 2. Video Control - SmartCam 2 (if the system has SmartCam2 feature byte qj) - SmartCam 3.2304.71 (if the system has SmartCam3 feature byte qM) 3. Audio Control 4. Display Control - display control driver: 5.1.0.71 5. Network Booster 6. System Control 7. Support 8. Settings | I28: V | J28: V | L28: V | M28: V | N28: V | O28: V | P28: V | Q28: V | R28: V | S28: V | Z28: V | AA28: V | AB28: V | AC28: V | AD28: V | AH28: V | AI28: V | AJ28: V | AK28: V | AL28: V | AM28: V | AN28: V | AO28: V | AP28: V | AQ28: V | AR28: V | AS28: V | AT28: V | AU28: V | AV28: V | AW28: V | BC28: V | BD28: V | BG28: V | BH28: V | BK28: V
A29: 45055 | B29: HPX | C29: Production Build | D29: 25.52318.205.0.A.1 | E29: P014VF-B2A | F29: Main changes: For: 23C2 platforms except Bopeep, Willie, Herbie, Tuffy, Oski, Sammy, Oski 6U, Sammy 6U. 2305 Softroll platforms Updated SmartCam to 3.2305.71 Re-enabled Equalizer • HPXWC-9192\SIO2183055 - [Willie][DarkMode] Preset show white in myHP/Audio control • HPXWC-9144\[DarkMode] icons colors, text colors and background color is not changing in the Audio page • HPXWC-9287\[DarkMode] PC Device Page Actions Hover over color settings Not as in Dark Mode • HPXWC-7538\useTranslation hook is not working when used inside Modal • HPXWC-8422\SIO2180705 - [V70_1.01.05] Allow to open multiple Video control windows after clicking the button of Video controls • HPXWC-9308\[CGQA]In privacy screen AUID is missing for all text elements • HPXWC-9353\[AudioControl][DarkMode] Audio I/O dropdowns show white in Audio control • HPXWC-9317\[DarkMode] Top bar background color is not as per Dark Mode Format • HPXWC-9344\[DarkMode] In PC Modal, View data collected pop up is not showing properly in Dark Mode • HPXWC-9272\Status icon and tooltip text is not as per figma. • HPXWC-6757\[SFT_MPH][OTA][Settings][DarkMode] In Privacy settings page "yes" radio button is not visible in dark mode. • HPXWC-7438\[SFT_MPH][Services] On increasing the text size, cutoff is observed on the initials of the avatar • HPXWC-3678\Replace the hard coded values with Veneer Tokens • HPXWC-9284\Update Tooltip & Badge as per latest UX changes • HPXWC-9288\Integrate Localizations for other languages. • HPCMCT-1124\[Bopeep ST/SD] Shutter door notification | G29: 1. Home Page 2. Video Control - SmartCam 2 (if the system has SmartCam2 feature byte qj) - SmartCam 3.2305.71 (if the system has SmartCam3 feature byte qM) 3. Audio Control 4. Display Control - display control driver: 5.1.0.71 5. Support 6. Settings | I29: V | J29: V | L29: V | M29: V | N29: V | O29: V | P29: V | Q29: V | R29: V | S29: V | Z29: V | AA29: V | AB29: V | AC29: V | AD29: V | AH29: V | AI29: V | AJ29: V | AK29: V | AL29: V | AM29: V | AN29: V | AO29: V | AP29: V | AQ29: V | AR29: V | AS29: V | AT29: V | AU29: V | AV29: V | AW29: V | BK29: V
A30: 45055 | B30: HPX | C30: Integration Build | D30: 25.22318.310.0.A.1 | E30: P014VF-B2B | F30: NOTE: When testing with Integration Build, please turn off auto update in MS Store app first to avoid being automatically updated to the production build. Main changes: For 23C2 Bopeep, Willie, Herbie, Tuffy, Oski, Sammy, Oski 6U, Sammy 6U. Updated SmartCam to 3.2305.71 • HPXWC-9367\[SFT_MPH][SystemControl] Thermal settings are not getting disabled when Battery Saver is on for System Control • HPXWC-9192\SIO2183055 - [Willie][DarkMode] Preset show white in myHP/Audio control • HPXWC-9144\[DarkMode] icons colors, text colors and background color is not changing in the Audio page • HPXWC-9287\[DarkMode] PC Device Page Actions Hover over color settings Not as in Dark Mode • HPXWC-8532\[SystemControl] Tooltip text is squished when text size is increased • HPXWC-9028\[SFT_MPH][SystemControl][Accessibility] Tooltips in System Control module are displayed as Text instead of button in Tab Stop test • HPXWC-7538\useTranslation hook is not working when used inside Modal • HPXWC-8422\SIO2180705 - [V70_1.01.05] Allow to open multiple Video control windows after clicking the button of Video controls • HPXWC-9308\[CGQA]In privacy screen AUID is missing for all text elements • HPXWC-9374\[CGQA] Dropbox screen is displayed in HPOne device after user HPID sign-in completed successfully. • HPXWC-9353\[AudioControl][DarkMode] Audio I/O dropdowns show white in Audio control • HPXWC-9317\[DarkMode] Top bar background color is not as per Dark Mode Format • HPXWC-9344\[DarkMode] In PC Modal, View data collected pop up is not showing properly in Dark Mode • HPXWC-9140\[DarkMode] ITG build Bell icon is not visible in Dark mode. • HPXWC-9272\Status icon and tooltip text is not as per figma. • HPXWC-6757\[SFT_MPH][OTA][Settings][DarkMode] In Privacy settings page "yes" radio button is not visible in dark mode. • HPXWC-7438\[SFT_MPH][Services] On increasing the text size, cutoff is observed on the initials of the avatar • HPXWC-9373\[Audio] Turn off EQ for London/HPOne systems, and keep on for consumer • HPCMCT-1171\[Haptic] Update registry key from local to global • HPCMCT-1158\[Bopeep ST] Add Screen Time new UI card | G30: 1. Home Page 2. Video Control - SmartCam 2 (if the system has SmartCam2 feature byte qj) - SmartCam 3.2305.71 (if the system has SmartCam3 feature byte qM) 3. Audio Control 4. Display Control - display control driver: 5.1.0.71 5. Network Booster 6. System Control 7. Trackpad 8. Support 9. Settings | I30: V | J30: V | L30: V | M30: V | N30: V | O30: V | P30: V | Q30: V | R30: V | S30: V | Z30: V | AA30: V | AB30: V | AC30: V | AD30: V | AH30: V | AI30: V | AJ30: V | AK30: V | AL30: V | AM30: V | AN30: V | AO30: V | AP30: V | AQ30: V | AR30: V | AS30: V | AT30: V | AU30: V | AV30: V | AW30: V | BG30: V | BH30: V | BK30: V | BL30: V | BM30: V
A31: 45062 | B31: HPX | C31: Production Build | D31: 25.52319.223.0.A.1 | E31: P014VF-B2C | F31: Main changes: For: 23C2 platforms except Bopeep, Willie, Herbie, Tuffy, Oski, Sammy, Oski 6U, Sammy 6U. 2305 Softroll platforms • HPXWC-9577\ [SFT_MPH][OTA_FFT][HomePage] Background color is not highlighting on hover over in cards under Control your PC section. • HPXWC-9159\[PCDevice] 5G connected status tooltip is not working properly • HPXWC-9367\[SFT_MPH][SystemControl] Thermal settings are not getting disabled when Battery Saver is on for System Control • • HPXWC-9192\SIO2183055 - [Willie][DarkMode] Preset show white in myHP/Audio control • HPXWC-9144\[DarkMode] icons colors, text colors and background color is not changing in the Audio page • HPXWC-9287\[DarkMode] PC Device Page Actions Hover over color settings Not as in Dark Mode • HPXWC-8532\[SystemControl] Tooltip text is squished when text size is increased • HPXWC-9028\[SFT_MPH][SystemControl][Accessibility] Tooltips in System Control module are displayed as Text instead of button in Tab Stop test • HPXWC-7538\useTranslation hook is not working when used inside Modal • HPXWC-8422\SIO2180705 - [V70_1.01.05] Allow to open multiple Video control windows after clicking the button of Video controls • HPXWC-9308\[CGQA]In privacy screen AUID is missing for all text elements • HPXWC-9353\[AudioControl][DarkMode] Audio I/O dropdowns show white in Audio control • HPXWC-8984\[HPPK][HighContrast] Pop-up modal does not work as expected in high contrast themes • HPXWC-9317\[DarkMode] Top bar background color is not as per Dark Mode Format • HPXWC-9344\[DarkMode] In PC Modal, View data collected pop up is not showing properly in Dark Mode • HPXWC-9272\Status icon and tooltip text is not as per figma. • HPXWC-6757\[SFT_MPH][OTA][Settings][DarkMode] In Privacy settings page "yes" radio button is not visible in dark mode. • HPXWC-7438\[SFT_MPH][Services] On increasing the text size, cutoff is observed on the initials of the avatar • HPXWC-9373\[Audio] Turn off EQ for London/HPOne systems, and keep on for consumer • HPXWC-3678\Replace the hard coded values with Veneer Tokens • HPXWC-9284\Update Tooltip & Badge as per latest UX changes • HPXWC-9288\Integrate Localizations for other languages. • HPXWC-9220\Feature flag the MSOOBE HPID prepopulation feature • HPXWC-8464\[Battery Manager][Middleware] Leverage redux and respective unit cases from myHP and Dev test • HPCMCT-1124\[Bopeep ST/SD] Shutter door notification • HPCMCT-1171\[Haptic] Update registry key from local to global • HPCMCT-1158\[Bopeep ST] Add Screen Time new UI card | G31: 1. Home Page 2. Video Control - SmartCam 2 (if the system has SmartCam2 feature byte qj) - SmartCam 3.2305.71 (if the system has SmartCam3 feature byte qM) 3. Audio Control 4. Display Control - display control driver: 5.1.0.71 5. Support 6. Settings | I31: V | J31: V | L31: V | M31: V | N31: V | O31: V | P31: V | Q31: V | R31: V | S31: V | Z31: V | AA31: V | AB31: V | AC31: V | AD31: V | AH31: V | AI31: V | AJ31: V | AK31: V | AL31: V | AM31: V | AN31: V | AO31: V | AP31: V | AQ31: V | AR31: V | AS31: V | AT31: V | AU31: V | AV31: V | AW31: V | BK31: V
A32: 45062 | B32: HPX | C32: Integration Build | D32: 25.22319.327.0.A.1 | E32: P014VF-B2D | F32: NOTE: When testing with Integration Build, please turn off auto update in MS Store app first to avoid being automatically updated to the production build. Main changes: For 23C2 Bopeep, Willie, Herbie, Tuffy, Oski, Sammy, Oski 6U, Sammy 6U. Update Display Control driver to 5.2.0.12 • HPXWC-9567\ Support tab is missing in navigation bar. • • HPXWC-9568\ [CGQA]"Share your feedback "toggle by default turned off after app update to HPX • HPXWC-4654\ [HomePage] Cannot set dynamic height in JWebs • HPXWC-8912\ SIO2182440 - Preset would lost after plug 3.5mm headphone • HPXWC-8846\ SIO2182124 - Mic mode show grey after plug headphone then switch microphone to Microphone Array in myHP/Audio control • HPXWC-8324\ [SFT_MPH][Homepage][DarkMode] Dark mode is not reflecting for Hero banner & tiles in Homepage even on selecting dark mode. • HPXWC-9335\ [SFT_MPH][OTA_FFT][PenControl][HighContrast] Pen icon background color is not changed when High Contrast themes are applied • HPXWC-8295\ [Pen] Numbered circle should be in dark color and border between header and actual application should not be in white color. • HPXWC-8267\ [PCDevicePg][DarkMode] PCDevice page needs to be changed for Dark Mode • HPXWC-9483\ [SystemControl] Hiding Battery Warning for consumer platforms • HPXWC-9162\ [PCConnect] 5G module only show when we first time launch HPX after dashing • HPXWC-9314\ Need color token for Breadcrumb Item background (hover state). • HPXWC-8751\ Remove hardcoded color tokens • HPXWC-8987\ Update cellular icon once available in native-base library • HPXWC-9306\ Use icons from Veneer library for the feature cards in the PCDevice/Action section. • HPXWC-7784\ Tech Debt: Provide react native device info back-end for async-storage • HPXWC-8470\ [Display][UI]Create feature switch for RGB • HPXWC-8471\ [Display][UI] - Implement changes to invoke slider window from PCDevice title bar | G32: 1. Home Page 2. Video Control - SmartCam 2 (if the system has SmartCam2 feature byte qj) - SmartCam 3.2305.71 (if the system has SmartCam3 feature byte qM) 3. Audio Control 4. Display Control - display control driver: 5.2.0.12 5. Network Booster 6. System Control 7. Trackpad 8. Support 9. Settings | I32: V | J32: V | L32: V | M32: V | N32: V | O32: V | P32: V | Q32: V | R32: V | S32: V | Z32: V | AA32: V | AB32: V | AC32: V | AD32: V | AH32: V | AI32: V | AJ32: V | AK32: V | AL32: V | AM32: V | AN32: V | AO32: V | AP32: V | AQ32: V | AR32: V | AS32: V | AT32: V | AU32: V | AV32: V | AW32: V | BG32: V | BH32: V | BK32: V | BL32: V | BM32: V
A33: 45069 | B33: HPX | C33: Integration Build | D33: 25.22320.357.0.A.1 | E33: P014VF-B2G | F33: NOTE: When testing with Integration Build, please turn off auto update in MS Store app first to avoid being automatically updated to the production build. For 23C2 Bopeep only Main changes: • HPXWC-9933\[PCDevice] Module name in header showing garbled text • HPXWC-6794\[Video] Bug 1127359: [SFT_MPH][OTA][SmartCam3.5] IC1.0 functionalities working in SC3.5 camera preview after upgrade from MS store even the SC3.5 features are in disabled state • HPXWC-9875\Unable to navigate to My Account • HPXWC-9259\[Support] Support page will load about 2 minutes when click it after open HPID web browser without sign in • HPXWC-9437\[LiveAssistance] Web sign in page will not launch again if close it previously • HPXWC-9282\In Settings - About tab Copyright strings is not translated in few languages • HPXWC-9973\[HighContrast] Edit pen icon is not getting highlighted on any of the high contrast themes. • HPXWC-9847\[PCDevice] Tooltip text gets cut off while increasing the text size to maximum. • HPXWC-9347\[Dark Mode] Registration page color is not as in Dark Mode format • HPXWC-9884\[PCDevice] All module's title which navigate from PC device will show wrongly • HPXWC-9472\[MyAccount][Darkmode] Hover state on profile icon is not as per figma • HPXWC-9668\SIO2184976 - Product number and Serial number show NA in HPX/PC Device. • HPXWC-9810\SIO2185325 - The content of Warranty show "Unknown" in myHP/PC Device which different with Support info. • HPXWC-9907\[Highcontrast][Privacy] Privacy page doesnt observe high contrast themese Properly • HPXWC-9023\[Offline] When zooming out HPX window, space position on the offline banner is different from the Mockup • HPXWC-8568\System Control didn't recover to Power Saver mode in DC • HPXWC-9381\[DarkMode] Bell Notification Ellipsis doesn't match Figma in Dark mode • HPXWC-8374\[SFT_MPH][OTA_FFT][HomePage][DarkMode] old Welcome banner is displaying in Home Page • HPXWC-9553\[AudioControl][Accessibility] Cannot focus all sliders by Tab key • HPXWC-8568\System Control didn't recover to Power Saver mode in DC • HPXWC-9514\[SFT_MPH][OTA_FFT][PCDevice] When we increase the text size, cutoff is observed in Product number and Serial number in some platform. • HPXWC-9391\Upgrade ProximitySense Nuget version • HPXWC-9865\[Video-42] SmartCam v3.5.72.0 for HPX integration into 2023.05.B • HPXWC-8094\[Refactoring] Refactor the SmartExperiences native-view to the new pattern • HPXWC-9167\Nuget package to provide a list of all installed application with icons • HPXWC-9247\[Display][Native Library] - Update the RGB values and supported flag on mode change • HPXWC-8472\[Display][Middleware] - Implement redux for RGB feature • HPXWC-8473\[Display][Middleware] - Implement saga functions to read and write RGB values • HPXWC-9245\[Display][Native Library] - Update GetStatus API to read RGB values • HPXWC-9249\[Display][UI] - Handle Restore Default • HPXWC-9613\Add clear record for Proximity Screen Time • HPXWC-9710\Remove Proximity Screen Time toast snooze options • HPXSUP-1496\Security - Veracode issues fix • HPXWC-8671\Support press and hold for 3 sec event on Battery icon in device header • HPCMCT-1184\[Bopeep SD/ST] ProximitySensorNative::SetParameter of HP.ProximitySensor returns incorrect result • HPXWC-9863\Update to latest Jarvis Webview Version (to enable Dark Mode for Home Page Tiles and Support) • HPXWC-9581\[Display][UI] - Integrate images and use Neutral instead of Standard mode | G33: 1. Home Page 2. Video Control - SmartCam 2 (if the system has SmartCam2 feature byte qj) - SmartCam 3.2305.72 (if the system has SmartCam3 feature byte qM) 3. Audio Control 4. Display Control - display control driver: 5.2.0.12 5. Network Booster 6. System Control 7. Trackpad 8. Screen Time 9. Screen Distance 10. Support 11. Settings | I33: V | J33: V | L33: V | M33: V | N33: V | O33: V | P33: V | Q33: V | R33: V | S33: V | Z33: V | AA33: V | AB33: V | AC33: V | AD33: V | AF33: V | AH33: V | AI33: V | AJ33: V | AK33: V | AL33: V | AM33: V | AN33: V | AO33: V | AP33: V | AQ33: V | AR33: V | AS33: V | AT33: V | AU33: V | AV33: V | AW33: V | BG33: V | BH33: V | BK33: V | BL33: V | BM33: V | BN33: V | BO33: V | BP33: V | BQ33: V | BR33: V
A34: 45075 | B34: HPX | C34: Integration Build | D34: 25.22321.366.0.A.1 | E34: P014VF-B2H | F34: NOTE: When testing with Integration Build, please turn off auto update in MS Store app first to avoid being automatically updated to the production build. For 23C2 Bopeep, Sammi, Oski only Main changes: • HPXWC-10078\[SFT_MPH][OTA_FFT][Core] Support section is not highlighting in Hamburger menu after clicking "PC diagnostic tools" external Card in Home Page. • HPXWC-9862\[Core][DeepLink] Deeplinks does not work as expected when you launch app using any deeplinks • HPXWC-10034\[SFT_MPH][OTA_FFT][Core] PC Device section is not highlighting in Hamburger menu after clicking on "View all controls" link in Home Page • HPXWC-9904\[Veracode] Disallow CVSS Score - 3rd party dlls - LiteDB.dll • HPXWC-9957\[Veracode] Disallow CVSS Score - log4net.dll • HPXWC-9842\[SFT_MPH][SystemControl][L10N] Same strings are translated for Brazilian Portuguese(BR) and Portugal Portuguese(PT) for System Control Module • HPXWC-9821\[SFT_MPH][SystemControl][L10N] System Control UI is not getting localized when Norwegian(NO) language is applied. • HPXWC-9970\[Offline] After disconnecting network, the Home/Support page displayed is different than expected • HPXWC-9653\The HPX Support folder cannot be generated when close app in FUF page and then re-launch app. • HPXWC-9967\[SFT_MPH][AudioControl][London] Radio button and sliders are not working after clicking on restore default button • HPXWC-9013\[Audio][PPR] Card Padding for the Audio Control • HPXWC-9213\[Display][Grogu] Name property is coming up with some dynamic text(% value) Need to create RangeValue.Value to add %valuein brightness slider • HPXWC-8206\SIO2169276 - [Sandwalker][DarkMode] myHP warning messages are difficult to read in dark mode • HPXWC-9432\[5G] AUID missing from all the elements on this module • HPXWC-9636\[SFT_MPH][Registration][Tab] Using Tab Button cutoff is seen for "Skip this step" and "Privacy Statement" content in Registration Page. • HPXWC-9826\[SFT_MPH][OTA][Registration][HighContrast] High contrast button color is not reflecting on Registration Page. • HPXWC-9725\[Core][LeftNav][HighContrast] Background color of LeftNav is not getting reflected with customized High Contrast theme • HPXWC-9404\[SFT_MPH][OTA_FFT][Core][HighContrast] Black background showing in left menu bar, after removing contrast theme. • HPXWC-9333\[SFT_MPH][OTA_FFT][PenControl][HighContrast] A diamond shape is observed in the "Copied" popup when High Contrast themes are applied • HPXWC-7877\[SFT_MPH][Bell][Keyboard] Unable to navigate to notifications while the flyout is open. • HPXWC-9900\Pc Device page Actions Card name and tooltip has different background when hover on it • HPXWC-9382\[DarkMode][AudioControls] Advanced EQ missing slider bars in dark mode • HPXWC-9654\[SFT_MPH][Registration][Accessibility] Color Contrast test is failing for First Name Last Name and Email Address Text field and Register Button in Registration Page. • HPXWC-9930\hp-af/app-telemetry getMarks throws unhandled error • HPXWC-9616\[SFT_MPH][OTA_FFT][PCDevice][HighContrast] Background colour is not reflecting on PCDevice page, when colour is changing on contrast theme. • HPXWC-8568\System Control didn't recover to Power Saver mode in DC • HPXWC-9941\[My Account] After Sign out from go to my account page, it stays in my account page • HPXWC-9976\[SFT_MPH][OTA_FFT][PCDevice][DarkMode] On clicking the Product number and Serial number the text "Copied" is showing blank in dark mode. • HPXWC-8892\[SFT_MPH][SystemControl][DarkMode] Battery Saver warning message is not visible clearly in System Control module when Dark mode is enabled • HPXWC-9974\[SFT_MPH][OTA_FFT][PCDevice] On hover over the edit icon the background color of the icon seems different. • HPXWC-9844\[SFT_MPH][HPPK][HighContrast] Text box is very small on website pop up when apply contrast themes. • HPCMCT-1154\ [Bopeep SD] Update UI implementation • HPXWC-8779\ [Home Page] -Update Home changes for API - Welcome Banner • HPXWC-9836\[Bopeep SD] unit change to inches in US • HPCMCT-1189\[Bopeep SD] Add Screen Distance to PC Device app list • HPXSUP-1236\[Bell][Security] Known Vulnerability with .net version 4.7.2 -support • HPXWC-7182\Truncate long device name in left nav • HPXWC-9693\[Battery Manager][UI]Create Module layout with screen, container • HPXWC-8602\[Analytics] Implement feature flag for Datalake and DataOS publisher • HPXWC-7251\[Housekeeping] Remove hp-af-feature-list-generator and update documentation • 8HPXWC-5707\Markdown page on GitHub daily releases • HPXWC-9989\Pipeline Creation for SIO2JIRA • HPXWC-10010\Remove 'Edit device name' functionality from PC Device Page V3 Header" • HPXWC-9982\Integrate System control translations (HPX supported language codes fix) • HPXWC-9880\[Bopeep ST] Update shutter door message behavior • HPXWC-8077\[Refactoring] Refactor the BellMessageLinkContainer native-view to the new pattern • Adding feature flag for Immersive , Dynamic & Speakerswap audio • HPAC: Minor translation updates • HPXWC-8080\[Refactoring] Refactor the PCDevice native-view to the new pattern • HPXWC-9441\Handle exception for each block of registration in UpgradeTask.cs • HPXWC-9338\[TechDebt][HPPK]Refactor UI related changes for Support Key • HPXWC-9658\[Display][UI] - Handle Save and Cancel - Dev test and code review • HPXWC-9781\[SIO2JIRA] Adding a script that successfully fetches SI Observation information • HPXWC-9092\[Communications] Change message dismiss to delete in HPX • HPXWC-8351\Analytics for version 2 device header UI | G34: 1. Home Page 2. Video Control - SmartCam 2 (if the system has SmartCam2 feature byte qj) - SmartCam 3.2305.72 (if the system has SmartCam3 feature byte qM) 3. Audio Control 4. Display Control - display control driver: 5.2.0.12 5. Network Booster 6. System Control 7. Trackpad 8. Screen Time 9. Screen Distance 10. Support 11. Settings | I34: V | J34: V | L34: V | M34: V | N34: V | O34: V | P34: V | Q34: V | R34: V | S34: V | Z34: V | AA34: V | AB34: V | AC34: V | AD34: V | AF34: V | AH34: V | AI34: V | AJ34: V | AK34: V | AL34: V | AM34: V | AN34: V | AO34: V | AP34: V | AQ34: V | AR34: V | AS34: V | AT34: V | AU34: V | AV34: V | AW34: V | BG34: V | BH34: V | BK34: V | BL34: V | BM34: V | BN34: V | BO34: V | BP34: V | BQ34: V | BR34: V
A35: 45082 | B35: HPX | C35: Integration Build | D35: 25.22322.419.0.A.1 | E35: P014VF-B2K | F35: NOTE: When testing with Integration Build, please turn off auto update in MS Store app first to avoid being automatically updated to the production build. For 23C2 Bopeep, Willie, Herbie, Tuffy, Oski, Sammy, Oski 6U, Sammy 6U. Main changes: • Update SmartCam to v3.2306.81 • Enable AI Spatial Surround in Audio Control • HPXWC-9979\[Core] myhp application is getting crashed. • HPXWC-10148\SIO2186758 - [Tuffy] HPX can't be launch and flash automatically on UUW image • HPXWC-9891\[CGQA] App will unexpectedly closed if Home page data loading is taking more time. • HPXWC-9963\PC Device page crash, When staying on this page for 1 minute • HPXWC-10418\[Settings] News and offers toggle is in off state for US region in Settings Notification page • HPXWC-10422\[Settings] Not able to turn Toggle buttons on or off in Settings notification page • HPXWC-10421\[Settings] HP System information data collection hyper link in settings privacy page is not navigating • HPXWC-10342\SIO2187425 - HPX Audio Control adjust to opposite percent when click Output/Input to adjust volume in ABV image. • HPXWC-10138\[CGQA]Error alert title/desc/button text is not display as expected. • HPXWC-9827\[SFT_MPH][OTA_FFT][AudioControl] sliders are flicker when we continuously tap on the slider • HPXWC-9591\SIO2184491 - [Bopeep] No slider ball in Equalizer 10-band when open HPX Audio Control • HPXWC-10429\[Settings][About] AUID missing for version and copyright on about page. • HPXWC-9412\[DarkMode] In Hover state, bell Icon doesn't match Figma in Dark Mode • HPXWC-10147\[SFT_MPH][DisplayControl] Advance feature switch icon seems to blinked once for few second when we navigate to display control through PC device page. • HPXWC-10353\[Bopeep] Turn on Screen Distance toggle, camera shutter banner does not pop up when camera off • HPXWC-10107\SIO2186659 - [Bopeep] System always shows "Camera Shutter is Closed" and Screen Distance button cannot turn on in HPX/Screen Distance even though it is opened. • HPXWC-9755\[SFT_MPH][OTA_FFT][SmartCam123][HighContrast] Background color is not completely reflecting on SmartCam123 module when color is changing. • HPXWC-10129\Screen Distance always show On • HPXWC-10220\SIO2186950 - The PN/SN appears for 0.5s at the 'Battery & i' icon area when switch from Home/trackpad to PC Device in myHP • HPXWC-10280\[PCDevice] Tab functionality is not working properly. • HPXWC-10124\[SFT_MPH][OTA_FFT][HighContrast][Core] Module icons are getting disappear in hamburger menu when high contrast is applied. • HPXWC-10277\[PCDevice] Copied text of product & serial number is not getting disappear on tab out • HPXWC-10278\[PCDevice] [Narrator] Narrator is not working for product and serial number • HPXWC-10123\[PCDevice] [DeepLink] Deeplinks does not navigate to correct path when launch app using any deeplinks . • HPXWC-9523\[Core][HomePage] With Increased text size, Control Your PC section is not displayed as expected • HPXWC-9618\[HPX] "Click here" link in privacy\settings can not click when disconnect network. • HPXWC-10312\[Trackpad][UI] Remove 'Feedback Intensity' feature and 'Restore default settings' button. • HPXWC-9415\Remove the SmartCam 2 Executable and Supporting Code Logic from HPX • HPXWC-10333\[Bopeep SD][touchpoint] Module icon and description update • HPXWC-10365\Update wording for Proximity Sensor feature toast • HPCMCT-1170\[Bopeep SD] Implement all features of Screen Distance camera shutter door warning component • HPXWC-8525\[Refactoring] Refactor the PCHardware native-view to the new pattern • HPXWC-10313\[Trackpad][touchpoint] Module should be through by PC device, remove all other entrance • HPXWC-10359\[Bopeep SD][touchpoint] Remove module from left navigator • HPXWC-9882\[Bopeep ST] Module name and menu update and remove left navigator • HPXWC-10331\[Bopeep ST] 'Send a reminder' default change to every hour • HPXWC-8079\[Refactoring] Refactor the PCConnect native-view to the new pattern • HPXWC-9399\Update svg icons on PC Device Page for dark mode as icons not available in native-base library | G35: 1. Home Page 2. Video Control - SmartCam 2 (if the system has SmartCam2 feature byte qj) - SmartCam 3.2306.81 (if the system has SmartCam3 feature byte qM) 3. Audio Control 4. Display Control - display control driver: 5.2.0.12 5. Network Booster 6. System Control 7. Trackpad 8. Screen Time 9. Screen Distance 10. Support 11. Settings | I35: V | J35: V | L35: V | M35: V | N35: V | O35: V | P35: V | Q35: V | R35: V | S35: V | V35: V | Z35: V | AA35: V | AB35: V | AC35: V | AD35: V | AF35: V | AH35: V | AI35: V | AJ35: V | AK35: V | AL35: V | AM35: V | AN35: V | AO35: V | AP35: V | AQ35: V | AR35: V | AS35: V | AT35: V | AU35: V | AV35: V | AW35: V | BG35: V | BH35: V | BK35: V | BL35: V | BM35: V | BN35: V | BO35: V | BP35: V | BQ35: V | BR35: V
A36: 45082 | B36: HPX | C36: Production Build | D36: 25.52322.279.0.A.1 | E36: P014VF-B2L | F36: Main changes: For: 23C2 platforms except Bopeep, Willie, Herbie, Tuffy, Oski, Sammy, Oski 6U, Sammy 6U. 2305 Softroll platforms • Update SmartCam to v3.2306.81 • HPXWC-9979\[Core] myhp application is getting crashed. • HPXWC-10148\SIO2186758 - [Tuffy] HPX can't be launch and flash automatically on UUW image • HPXWC-9891\[CGQA] App will unexpectedly closed if Home page data loading is taking more time. • HPXWC-9963\PC Device page crash, When staying on this page for 1 minute • HPXWC-10418\[Settings] News and offers toggle is in off state for US region in Settings Notification page • HPXWC-10422\[Settings] Not able to turn Toggle buttons on or off in Settings notification page • HPXWC-10421\[Settings] HP System information data collection hyper link in settings privacy page is not navigating • HPXWC-10342\SIO2187425 - HPX Audio Control adjust to opposite percent when click Output/Input to adjust volume in ABV image. • HPXWC-10138\[CGQA]Error alert title/desc/button text is not display as expected. • HPXWC-9827\[SFT_MPH][OTA_FFT][AudioControl] sliders are flicker when we continuously tap on the slider • HPXWC-9591\SIO2184491 - [Bopeep] No slider ball in Equalizer 10-band when open HPX Audio Control • HPXWC-10429\[Settings][About] AUID missing for version and copyright on about page. • HPXWC-9519\[OOBE] [Privacy] Accept all, decline all and manage options buttons are cutting off on maximum text size • HPXWC-9412\[DarkMode] In Hover state, bell Icon doesn't match Figma in Dark Mode • HPXWC-10147\[SFT_MPH][DisplayControl] Advance feature switch icon seems to blinked once for few second when we navigate to display control through PC device page. • HPXWC-10353\[Bopeep] Turn on Screen Distance toggle, camera shutter banner does not pop up when camera off • HPXWC-10107\SIO2186659 - [Bopeep] System always shows "Camera Shutter is Closed" and Screen Distance button cannot turn on in HPX/Screen Distance even though it is opened. • HPXWC-9755\[SFT_MPH][OTA_FFT][SmartCam123][HighContrast] Background color is not completely reflecting on SmartCam123 module when color is changing. • HPXWC-10129\Screen Distance always show On • HPXWC-10220\SIO2186950 - The PN/SN appears for 0.5s at the 'Battery & i' icon area when switch from Home/trackpad to PC Device in myHP • HPXWC-10280\[PCDevice] Tab functionality is not working properly. • HPXWC-10124\[SFT_MPH][OTA_FFT][HighContrast][Core] Module icons are getting disappear in hamburger menu when high contrast is applied. • HPXWC-10277\[PCDevice] Copied text of product & serial number is not getting disappear on tab out • HPXWC-10278\[PCDevice] [Narrator] Narrator is not working for product and serial number • HPXWC-10123\[PCDevice] [DeepLink] Deeplinks does not navigate to correct path when launch app using any deeplinks . • HPXWC-9523\[Core][HomePage] With Increased text size, Control Your PC section is not displayed as expected • HPXWC-9618\[HPX] "Click here" link in privacy\settings can not click when disconnect network. | G36: 1. Home Page 2. Video Control - SmartCam 2 (if the system has SmartCam2 feature byte qj) - SmartCam 3.2306.81 (if the system has SmartCam3 feature byte qM) 3. Audio Control 4. Display Control - display control driver: 5.1.0.71 5. Support 6. Settings | I36: V | J36: V | L36: V | M36: V | N36: V | O36: V | P36: V | Q36: V | R36: V | S36: V | Z36: V | AA36: V | AB36: V | AC36: V | AD36: V | AH36: V | AI36: V | AJ36: V | AK36: V | AL36: V | AM36: V | AN36: V | AO36: V | AP36: V | AQ36: V | AR36: V | AS36: V | AT36: V | AU36: V | AV36: V | AW36: V | BK36: V
A37: 45089 | B37: HPX | C37: Integration Build | D37: 25.22323.436.0.A.1 | E37: P014VF-B2P | F37: NOTE: When testing with Integration Build, please turn off auto update in MS Store app first to avoid being automatically updated to the production build. For 23C2 Bopeep, Willie, Herbie, Tuffy, Oski, Sammy, Oski 6U, Sammy 6U. Main changes: • Update SmartCam to v3.2306.82 • Update Display Control driver to 5.2.0.23 • HPXWC-10576\[AudioControl][Bopeep] Auto adjust sound effects doesn't work as per screen distance • HPXWC-10577\[AudioControl][Bopeep] Immersive Audio's toggle will flash off automatically sometimes. • HPXWC-10489\[HPX] App not launching with desktop mode with powershell command • HPXWC-10535\[Bopeep][ScreenTime] Screen Time UI will show strange when resize HPX windows to different size • HPXWC-10816\[Bell] Even without tabbing to Ellipsis can see focus button on bell ellipsis • HPXWC-10859\[Pen] Narrator is narrating Battery and Bluetooth image as text. • HPXWC-10630\[Pen] AUID is not showing for header tooltip. • HPXWC-10623\[SFT_MPH][OTA_FFT][Core] Not able to navigate to PC Device module on editing the systems name. • HPXWC-10625\[Pen][Commercial & Consumer] Tab key press is not working as expected on header pen page • HPXWC-8755\[SFT_MPH][SystemControl][HighContrast] The highlights surrounding thermal setting tooltips are not properly aligned when high contrast themes are applied • HPXWC-10546\[SIO2JIRA] Description is invalid when being formatted • HPXWC-9885\[SFT_MPH][LeftNav] State of the Navigation menu icon is not correct on hovering • HPXWC-9804\[Narrator][Bell] Narrator doesn't read Bell Ellipsis Notification and bell messages properly • HPXWC-10744\[Communications] Integrate translation for the strings for bell notification and first use privacy page • HPXWC-10666\After refactoring pcsystemcontrol-core, consumer page can't be shown. • HPXWC-10689\[PCDevice] Device name shown in pc device page varies from system device name • HPXWC-10776\[SFT_MPH][OTA_FFT][PCDevice] PC device is navigating to home page after clicking on edit option in PC device page • HPXWC-10039\[SFT_MPH][OTA_FFT][HomePage] Observed Internal cards icon of Home Page is smaller than PC Device. • HPXWC-10340\[SFT_MPH][Bell][Narrator] Narrator is reading the 'mark as read' for the unread notification even while not hovered. • HPXWC-8907\[OOBE][Privacy] Manage option button is displayed on the very bottom by the myHP application border • [ScreenTime]-Fixed camera shutter door error • HPXWC-10332\[Bopeep ST][UI] Notification icon update • HPXWC-9680\[Display][UI] - Update the advance settings window | G37: 1. Home Page 2. Video Control - SmartCam 2 (if the system has SmartCam2 feature byte qj) - SmartCam 3.2306.82 (if the system has SmartCam3 feature byte qM) 3. Audio Control 4. Display Control - display control driver: 5.2.0.23 5. Network Booster 6. System Control 7. Trackpad 8. Screen Time 9. Screen Distance 10. Pen Control Plus 11. Support 12. Settings | I37: V | J37: V | L37: V | M37: V | N37: V | O37: V | P37: V | Q37: V | R37: V | S37: V | V37: V | Z37: V | AA37: V | AB37: V | AC37: V | AD37: V | AF37: V | AH37: V | AI37: V | AJ37: V | AK37: V | AL37: V | AM37: V | AN37: V | AO37: V | AP37: V | AQ37: V | AR37: V | AS37: V | AT37: V | AU37: V | AV37: V | AW37: V | BG37: V | BH37: V | BK37: V | BL37: V | BM37: V | BN37: V | BO37: V | BP37: V | BQ37: V | BR37: V | BS37: V | BT37: V | BU37: V | BV37: V
A38: 45089 | B38: HPX | C38: Staging Build | D38: 25.42323.438.0.A.1 | E38: P014VF-B2Q | F38: For: 23C2 platforms except Bopeep, Willie, Herbie, Tuffy, Oski, Sammy, Oski 6U, Sammy 6U. 2305 Softroll platforms 24C1 Platforms Main changes: • Update SmartCam to v3.2306.82 • Update Display Control driver to 5.2.0.23 • HPXWC-10576\[AudioControl][Bopeep] Auto adjust sound effects doesn't work as per screen distance • HPXWC-10577\[AudioControl][Bopeep] Immersive Audio's toggle will flash off automatically sometimes. • HPXWC-10489\[HPX] App not launching with desktop mode with powershell command • HPXWC-10535\[Bopeep][ScreenTime] Screen Time UI will show strange when resize HPX windows to different size • HPXWC-10816\[Bell] Even without tabbing to Ellipsis can see focus button on bell ellipsis • HPXWC-10859\[Pen] Narrator is narrating Battery and Bluetooth image as text. • HPXWC-10630\[Pen] AUID is not showing for header tooltip. • HPXWC-10623\[SFT_MPH][OTA_FFT][Core] Not able to navigate to PC Device module on editing the systems name. • HPXWC-10625\[Pen][Commercial & Consumer] Tab key press is not working as expected on header pen page • HPXWC-8755\[SFT_MPH][SystemControl][HighContrast] The highlights surrounding thermal setting tooltips are not properly aligned when high contrast themes are applied • HPXWC-10546\[SIO2JIRA] Description is invalid when being formatted • HPXWC-9885\[SFT_MPH][LeftNav] State of the Navigation menu icon is not correct on hovering • HPXWC-9804\[Narrator][Bell] Narrator doesn't read Bell Ellipsis Notification and bell messages properly • HPXWC-10744\[Communications] Integrate translation for the strings for bell notification and first use privacy page • HPXWC-10666\After refactoring pcsystemcontrol-core, consumer page can't be shown. • HPXWC-10689\[PCDevice] Device name shown in pc device page varies from system device name • HPXWC-10776\[SFT_MPH][OTA_FFT][PCDevice] PC device is navigating to home page after clicking on edit option in PC device page • HPXWC-10039\[SFT_MPH][OTA_FFT][HomePage] Observed Internal cards icon of Home Page is smaller than PC Device. • HPXWC-10340\[SFT_MPH][Bell][Narrator] Narrator is reading the 'mark as read' for the unread notification even while not hovered. • HPXWC-8907\[OOBE][Privacy] Manage option button is displayed on the very bottom by the myHP application border • [ScreenTime]-Fixed camera shutter door error • HPXWC-10332\[Bopeep ST][UI] Notification icon update • HPXWC-9680\[Display][UI] - Update the advance settings window | G38: 1. Home Page 2. Video Control - SmartCam 2 (if the system has SmartCam2 feature byte qj) - SmartCam 3.2306.82 (if the system has SmartCam3 feature byte qM) 3. Audio Control 4. Display Control - display control driver: 5.2.0.23 5. Support 6. Settings | I38: V | J38: V | L38: V | M38: V | N38: V | O38: V | P38: V | Q38: V | R38: V | S38: V | Z38: V | AA38: V | AB38: V | AC38: V | AD38: V | AH38: V | AI38: V | AJ38: V | AK38: V | AL38: V | AM38: V | AN38: V | AO38: V | AP38: V | AQ38: V | AR38: V | AS38: V | AT38: V | AU38: V | AV38: V | AW38: V | BK38: V
A39: 45093 | B39: HPX | C39: Integration Build | D39: 25.22324.443.0.A.1 | E39: P014VF-B2R | F39: NOTE: When testing with Integration Build, please turn off auto update in MS Store app first to avoid being automatically updated to the production build. For 23C2 Bopeep, Willie, Herbie, Tuffy, Oski, Sammy, Oski 6U, Sammy 6U. Main changes: • HPXWC-10646\[Leftnav][PenControl] Pen Control Icon is wrong when in selected state • HPXWC-9001\[SFT_MPH][OTA_FFT][DisplayControl] Close button(x) is not displaying proper in box for Low blue light scheduler • HPXWC-10923\[SFT_MPH][Accessibility][PCDevice] Color contrast is failing for PC Device page. • HPXWC-8618\[AudioControl][Accessibility] Auto check failed for Audio controls page on Grogu machine. • HPXWC-10896\[Pen][Commercial][Consumer] Pen name is replicating two times in header. • HPXWC-9558\[AudioControl][HighContrast] Speaker configuration's the selected state of the option cannot be seen clearly when change to different high contrast theme • HPXWC-10797\[PEN][PPR] Incorrect scroll area • HPXWC-10849\[AudioControl][DarkMode] Input & output combo box is not applied properly when enable dark mode. • HPXWC-10469\[LeftNav] PCDevice and Support icon sometime not visible in left nav in Desert Theme • HPXWC-7610\[Registration][HighContrast] Line thickness of Country drop-down box is inconsistent in registration page when turn on high contrast with "desert". • HPXWC-10825\[Pen][PPR]Text on menu should be sentence case • HPXWC-10775\[PCDevice] PC device icon size doesn't consistent with its design when it is in unselected state. • HPXWC-10664\SIO2188941 - [3rd party SW][Bopeep_23C2 SI] [Win11 22H2][HPX ScreenDistance][NPI] Will not popup camera shutter is closed message if close the shutter door and turn On ScreenDistance • HPXWC-10198\[SFT_MPH][OTA_FFT][AudioControl][DarkMode] Dark mode is not applied properly for general features in settings tab • HPXWC-10579\[AudioControl][Bopeep] Settings page UI doesn't consistent with its design • HPXWC-10860\[High Contrast] on Bell icon 'there is new messages' info ball is not visible in High Contrast • HPXWC-10423\[HPX][HighContrast] There is an extra space Below the Welcome banner text. It's visible in high contrast mode • HPXWC-10634\[SFT_MPH][PenControl][HighContrast] When applied high contrast themes and hovered over the battery icon, the icon is not visible clearly | G39: 1. Home Page 2. Video Control - SmartCam 3.2306.82 3. Audio Control 4. Display Control - display control driver: 5.2.0.23 5. Network Booster 6. System Control 7. Trackpad 8. Screen Time 9. Screen Distance 10. Pen Control Plus 11. Support 12. Settings | I39: V | J39: V | L39: V | M39: V | N39: V | O39: V | P39: V | Q39: V | R39: V | S39: V | V39: V | Z39: V | AA39: V | AB39: V | AC39: V | AD39: V | AF39: V | AH39: V | AI39: V | AJ39: V | AK39: V | AL39: V | AM39: V | AN39: V | AO39: V | AP39: V | AQ39: V | AR39: V | AS39: V | AT39: V | AU39: V | AV39: V | AW39: V | BG39: V | BH39: V | BK39: V | BL39: V | BM39: V | BN39: V | BO39: V | BP39: V | BQ39: V | BR39: V | BS39: V | BT39: V | BU39: V | BV39: V
A40: 45093 | B40: HPX | C40: Production Build | D40: 25.52324.314.0.A.1 | E40: P014VF-B2S | F40: For: 23C2 platforms except Bopeep, Willie, Herbie, Tuffy, Oski, Sammy, Oski 6U, Sammy 6U. 2305 Softroll platforms 24C1 Platforms Main changes: • HPXWC-10251\[PCDevice][Contino] Devices has no reaction when click it after upgrading from MS store • HPXWC-9591\SIO2184491 - [Bopeep] No slider ball in Equalizer 10-band when open HPX Audio Control • HPXWC-10623\[SFT_MPH][OTA_FFT][Core] Not able to navigate to PC Device module on editing the systems name. | G40: 1. Home Page 2. Video Control - SmartCam 3.2306.82 3. Audio Control 4. Display Control - display control driver: 5.2.0.23 5. Support 6. Settings | I40: V | J40: V | L40: V | M40: V | N40: V | O40: V | P40: V | Q40: V | R40: V | S40: V | Z40: V | AA40: V | AB40: V | AC40: V | AD40: V | AH40: V | AI40: V | AJ40: V | AK40: V | AL40: V | AM40: V | AN40: V | AO40: V | AP40: V | AQ40: V | AR40: V | AS40: V | AT40: V | AU40: V | AV40: V | AW40: V | BK40: V
A41: 45103 | B41: HPX | C41: Integration Build | D41: 25.22325.488.0.A.1 | E41: P014VF-B2X | F41: NOTE: When testing, please turn off auto update in MS Store app first to avoid being automatically updated to the latest version on MS Store. For 23C2 Willie, Herbie Main changes: P1: • HPXWC-11291\[HPC] While launching HPX app its keeps on loadingHPXWC-10489\[HPX] App not launching with desktop mode with powershell command • HPXWC-10549\[SFT_MPH][AudioControl][London] After clicking Restore Default button EQ slider value set 0 to -6 • HPXWC-11267\Not able to sign in production • HPXWC-11251\[Core] HPX application crash observed while navigating other pages by clicking on left navigation pane • HPXWC-11161\[AudioControl][Bopeep] Adaptive audio shows up on Bopeep and HPOne machine with prod build 25.52325.319.0 • HPXWC-11238\[PCVideo] Feature Flags Are Not Matching Between the AsyncStorage.db and LD • HPXWC-11240\Unencrypted (complete?) source code of all JS libraries is included in the production build due to the settings page being packaged in dev instead of production mode • HPXWC-11255\[My Account] App crashing on Prod build after navigating from go to my account page to home tab • HPXWC-10979\[ExtMouse] Error message will show in mouse module when hover on Mouse sensitivity button. • HPXWC-10982\[ExtMouse] It has no reaction when click restore button in mouse. • HPXWC-11134\SIO2191004 - The 'display' word show Garbled characters in HPX home page on build 22WW4MCZ6AB(22621.1778)#ABF_FR. • HPXWC-10591\[Analytics][Instrumentation] missing on press events • HPXWC-9827\[SFT_MPH][OTA_FFT][AudioControl] sliders are flicker when we continuously tap on the slider • HPXWC-10402\[SFT_MPH][OTA_FFT][SmartCam123] Observed "video control" toggle button as Cut Off on resizing the app • HPXWC-10698\[HotKeys][London] myHP will not load if launched from S1 or S4 • HPXWC-10251\[PCDevice][Contino] Devices has no reaction when click it after upgrading from MS store • HPXWC-10706\[HPPK][London] Programmable Key will not launch from S4 if another myHP page is open • HPXWC-10400\[ExtMouse][ExtKB] Device name cannot show up until you click it • HPXWC-10404\[ExtMouse][ExtKeyboard] Mouse/Keyboard connected status always will show as "Connected: Usb" when hover on it • HPXSUP-1749\[Installation] New submitted files don't include in HPX Support folder. Others: • HPXWC-10834\[PCDevice][AudioControl] Audio control page loading issue(delay). • HPXWC-11295\[PCDevicePg][PPR] Color of copy icon is incorrect • HPXWC-11014\[Pen] Default actions are getting perform after device restart. • HPXWC-10770\[Pen] Pen image should scroll down along with the actual application. • HPXWC-11033\[SFT_MPH][OTA][AudioControl][DarkMode] Settings icon is highlighted in white in Audio control page • HPXWC-10919\[SFT_MPH][PenControl][L10N] Cutoff in the battery tooltip is observed when localized to some of the languages • HPXWC-11065\[Dark mode] - Hover on Sign Out" or "Go to my account", the background color displays highlight. • HPXWC-10779\[SFT_MPH][OTA_FFT][Core] On launching HPX application myHP logo is changing its location. • HPXWC-9566\[SFT_MPH][SystemControl][L10N] Tooltips are not popping up in appropriate locations for Arabic and Hebrew languages • HPXWC-10677\[SFT_MPH][PenControl] Text cutoff is observed in the dropdowns when the text size is increased to maximum • HPXWC-10604\SIO2188392 - HPX sign in logo become small after change to smaller resolution on UHD panel. • HPXWC-10858\On hover Feature Cards have no background color in high contrast theme on PC Device Page • HPXSUP-1790\[Dark Mode][Offline]The background color of offline support page is different with mockup • HPXSUP-1766\[Skeleton] - When jumping to the support page from other pages, a white scrollbar on the right will appear • HPXWC-8869\[SFT_MPH][SmartExp][CMSL] If a module disabled, the card is still available in PCDevice page and on clicking displays an empty page • HPXWC-11163\[SFT_MPH][PCDevice] Observed the alignment of the popup "copied" is different from the figma. • HPXWC-11182\[PCDevice][High Contrast] Left border becomes invisible when the left navigation is collapsed/closed in high contrast • HPXWC-10043\[HPPK] Not able to find Automation ID for Application, Website, File and Folder options • HPXWC-10980\[ExtMouse] Remove the tooltip from Restore Default button. • HPXWC-6937\Nav indicator line is inconsistent for selected nav-item on Left Nav. • HPXWC-11060\[HPX][ScreenTime] Scroll bar should not be on Header section • HPXWC-11057\[Audio control]some text AUID changing with language • HPXWC-10458\[Pen][Localization] Pen name is getting displayed two times after changing language. • HPXWC-10942\[Display control] Chevron in display module for advance setting has no AUID. • HPXWC-11113\[SFT_MPH][HPPK] Home page is invoked by pressing S3/S4 instead of PC Device and Programmable key • HPXWC-10663\[HPPK] Not able to see Support page key in Grogu machine • HPXWC-10824\[Pen][PPR]Hover effect won’t be triggered when hovering on the button on pen image • HPXWC-6984\[SFT_MPH][PenControl] Intermittently Header issues are observed in the UI of the module. • HPXWC-10970\[SFT_MPH][OTA_FFT][Homepage][HighContrast] No background color is observed on hover over on Control your PC cards • HPXWC-11107\[SFT_MPH][OTA_FFT][PCDevice] Taking Emojis as a system name using virtual keyboard in touch platforms. • HPXWC-10409\[SFT_MPH][PenControl][Narrator] Narrator is not working as expected in the UI of the module • HPXWC-11053\SIO2190594 - The pen image would flicker when adjust pen functions in HPX/Pen control/HP Digital Pen page. • HPXWC-4636\[SFT_MPH][Registration] In HP Registration page text cut off when we set text size to maximum • HPXWC-11052\[SIO2JIRA] Script fails when there is too many spaces in a row • HPXWC-10406\[ExtMouse] It does not match design when hover on information icon in Mouse. • HPXWC-8990\[SFT_MPH][Core] Observed white and black effects when clicking on 'x' (close) buttons in few modules(HPPK, PC Device, Pen Control). • HPXWC-10886\[SFT_MPH][SmartExp][Tab] Tool tip information is not hiding on clicking enter button while navigating through tab • HPXWC-10628\[Pen][Commercial] 0% battery icon is showing on pen control page • HPXWC-10945\[PCDevice][ScreenDistance] Cutoff on Screen distance page with S-mode change. • HPXWC-10083\[SFT_MPH][OTA_FFT][Registration] While entering valid email id in registration page, red underline is observed. • HPXWC-10855\[CGQA]HP Registration page background color is not matching same as figma design Stories: • HPXWC-10754\[Pen] Show user edited pen name in navigation menu pen name • HPXWC-11188\[Pen] Add alphanumeric regex for pen name edit field • HPXWC-10967\Develop strictly necessary fusion interface support in RN privacy library • HPXWC-11261\[Video-42] Integrate HPPVForMyHP_Release_v3.2307.83.22104.zip into HPX 2023.07.A • HPXWC-11244\HPAC Functions: Optimize deviceReset and fwupdate function • HPXWC-11087\[Refactoring] Refactor the PCBatteryManager native-view to the new pattern • HPXWC-11259\[SIO2JIRA] Fixing the Automated Pipeline • HPXWC-10487\[SIO2JIRA] Documentation on how to implement on other systems • HPXWC-9330\[TechDebt][hp-af-common Removal Pt 1] Move testID methods and generateAccessibilityLabelHyperlink method to hp-af-nativebase • HPXWC-10095\[Application Settings] [Bar] [UI] Add new apps to app-settings bar • HPXWC-10377\[Application Settings][Context Engine] Develop Get/Set API for app-list from Context Aware Service to App Local Store • HPXWC-11025\Fix translation locale as per HPx guideline in 4 modules • HPXWC-10070\[Bopeep SD] 506px layout implementation • HPXWC-10801\[Tech Debt] Cleanup native-views post refactoring • HPXWC-10379\[Application Settings][Context Aware Service] Integrate context-aware user mode service with HPX app • HPXWC-10656\Update Thank you page of the feedback screen • HPXWC-10362\[Sys Control][UI] Change the 'Auto' name to 'Smart Sense' • HPXWC-10180\[Application Settings][Context Engine] Notify HPX via app-service when foreground application is changed | G41: 1. Home Page 2. Video Control - SmartCam 3.2307.83 3. Audio Control 4. Display Control - display control driver: 5.2.0.23 5. Network Booster 6. System Control 7. Trackpad 8. Screen Time 9. Screen Distance 10. Pen Control Plus 11. Support 12. Settings | I41: V | J41: V | L41: V | M41: V | N41: V | O41: V | P41: V | Q41: V | R41: V | S41: V | V41: V | Z41: V | AA41: V | AB41: V | AC41: V | AD41: V | AF41: V | AH41: V | AI41: V | AJ41: V | AK41: V | AL41: V | AM41: V | AN41: V | AO41: V | AP41: V | AQ41: V | AR41: V | AS41: V | AT41: V | AU41: V | AV41: V | AW41: V | BG41: V | BH41: V | BK41: V | BL41: V | BM41: V | BN41: V | BO41: V | BP41: V | BQ41: V | BR41: V | BS41: V | BT41: V | BU41: V | BV41: V
A42: 45103 | B42: HPX | C42: Production Build | D42: 25.52325.345.0.A.1 | E42: P014VF-B2V | F42: NOTE: When testing, please turn off auto update in MS Store app first to avoid being automatically updated to the latest version on MS Store. For: 2305 Softroll platforms 24C1 Platforms Main changes: • HPXWC-11240\Unencrypted (complete?) source code of all JS libraries is included in the production build due to the settings page being packaged in dev instead of production mode • HPXWC-11161\[AudioControl][Bopeep] Adaptive audio shows up on Bopeep and HPOne machine with prod build 25.52325.319.0 • HPXWC-11267\Not able to sign in production • HPXWC-11292\[SFT_MPH][OTA_FFT][Core] HPX application keeps on loading after upgrading from MS Store • HPXWC-11309\[Core][Commercial] HPX application keeps on loading after upgrading or installing for the first time through MS Store | G42: 1. Home Page 2. Video Control - SmartCam 3.2306.82 3. Audio Control 4. Display Control - display control driver: 5.2.0.23 5. Support 6. Settings | I42: V | J42: V | L42: V | M42: V | N42: V | O42: V | P42: V | Q42: V | R42: V | S42: V | Z42: V | AA42: V | AB42: V | AC42: V | AD42: V | AH42: V | AI42: V | AJ42: V | AK42: V | AL42: V | AM42: V | AN42: V | AO42: V | AP42: V | AQ42: V | AR42: V | AS42: V | AT42: V | AU42: V | AV42: V | AW42: V | BK42: V
A43: 45103 | B43: HPX | C43: Staging Build | D43: 25.42325.473.0.A.1 | E43: P014VF-B2W | F43: NOTE: When testing, please turn off auto update in MS Store app first to avoid being automatically updated to the latest version on MS Store. For 23C2 Bopeep, Sammy, Sammy6U, Oski, Oski6U, Tuffy, Arti, Articuno, OskiR6U, Lapras Main changes: P1: • HPXWC-11291\[HPC] While launching HPX app its keeps on loadingHPXWC-10489\[HPX] App not launching with desktop mode with powershell command • HPXWC-10549\[SFT_MPH][AudioControl][London] After clicking Restore Default button EQ slider value set 0 to -6 • HPXWC-11267\Not able to sign in production • HPXWC-11251\[Core] HPX application crash observed while navigating other pages by clicking on left navigation pane • HPXWC-11161\[AudioControl][Bopeep] Adaptive audio shows up on Bopeep and HPOne machine with prod build 25.52325.319.0 • HPXWC-11238\[PCVideo] Feature Flags Are Not Matching Between the AsyncStorage.db and LD • HPXWC-11240\Unencrypted (complete?) source code of all JS libraries is included in the production build due to the settings page being packaged in dev instead of production mode • HPXWC-11255\[My Account] App crashing on Prod build after navigating from go to my account page to home tab • HPXWC-10979\[ExtMouse] Error message will show in mouse module when hover on Mouse sensitivity button. • HPXWC-10982\[ExtMouse] It has no reaction when click restore button in mouse. • HPXWC-11134\SIO2191004 - The 'display' word show Garbled characters in HPX home page on build 22WW4MCZ6AB(22621.1778)#ABF_FR. • HPXWC-10591\[Analytics][Instrumentation] missing on press events • HPXWC-9827\[SFT_MPH][OTA_FFT][AudioControl] sliders are flicker when we continuously tap on the slider • HPXWC-10402\[SFT_MPH][OTA_FFT][SmartCam123] Observed "video control" toggle button as Cut Off on resizing the app • HPXWC-10698\[HotKeys][London] myHP will not load if launched from S1 or S4 • HPXWC-10251\[PCDevice][Contino] Devices has no reaction when click it after upgrading from MS store • HPXWC-10706\[HPPK][London] Programmable Key will not launch from S4 if another myHP page is open • HPXWC-10400\[ExtMouse][ExtKB] Device name cannot show up until you click it • HPXWC-10404\[ExtMouse][ExtKeyboard] Mouse/Keyboard connected status always will show as "Connected: Usb" when hover on it • HPXSUP-1749\[Installation] New submitted files don't include in HPX Support folder. Others: • HPXWC-10834\[PCDevice][AudioControl] Audio control page loading issue(delay). • HPXWC-11295\[PCDevicePg][PPR] Color of copy icon is incorrect • HPXWC-11014\[Pen] Default actions are getting perform after device restart. • HPXWC-10770\[Pen] Pen image should scroll down along with the actual application. • HPXWC-11033\[SFT_MPH][OTA][AudioControl][DarkMode] Settings icon is highlighted in white in Audio control page • HPXWC-10919\[SFT_MPH][PenControl][L10N] Cutoff in the battery tooltip is observed when localized to some of the languages • HPXWC-11065\[Dark mode] - Hover on Sign Out" or "Go to my account", the background color displays highlight. • HPXWC-10779\[SFT_MPH][OTA_FFT][Core] On launching HPX application myHP logo is changing its location. • HPXWC-9566\[SFT_MPH][SystemControl][L10N] Tooltips are not popping up in appropriate locations for Arabic and Hebrew languages • HPXWC-10677\[SFT_MPH][PenControl] Text cutoff is observed in the dropdowns when the text size is increased to maximum • HPXWC-10604\SIO2188392 - HPX sign in logo become small after change to smaller resolution on UHD panel. • HPXWC-10858\On hover Feature Cards have no background color in high contrast theme on PC Device Page • HPXSUP-1790\[Dark Mode][Offline]The background color of offline support page is different with mockup • HPXSUP-1766\[Skeleton] - When jumping to the support page from other pages, a white scrollbar on the right will appear • HPXWC-8869\[SFT_MPH][SmartExp][CMSL] If a module disabled, the card is still available in PCDevice page and on clicking displays an empty page • HPXWC-11163\[SFT_MPH][PCDevice] Observed the alignment of the popup "copied" is different from the figma. • HPXWC-11182\[PCDevice][High Contrast] Left border becomes invisible when the left navigation is collapsed/closed in high contrast • HPXWC-10043\[HPPK] Not able to find Automation ID for Application, Website, File and Folder options • HPXWC-10980\[ExtMouse] Remove the tooltip from Restore Default button. • HPXWC-6937\Nav indicator line is inconsistent for selected nav-item on Left Nav. • HPXWC-11060\[HPX][ScreenTime] Scroll bar should not be on Header section • HPXWC-11057\[Audio control]some text AUID changing with language • HPXWC-10458\[Pen][Localization] Pen name is getting displayed two times after changing language. • HPXWC-10942\[Display control] Chevron in display module for advance setting has no AUID. • HPXWC-11113\[SFT_MPH][HPPK] Home page is invoked by pressing S3/S4 instead of PC Device and Programmable key • HPXWC-10663\[HPPK] Not able to see Support page key in Grogu machine • HPXWC-10824\[Pen][PPR]Hover effect won’t be triggered when hovering on the button on pen image • HPXWC-6984\[SFT_MPH][PenControl] Intermittently Header issues are observed in the UI of the module. • HPXWC-10970\[SFT_MPH][OTA_FFT][Homepage][HighContrast] No background color is observed on hover over on Control your PC cards • HPXWC-11107\[SFT_MPH][OTA_FFT][PCDevice] Taking Emojis as a system name using virtual keyboard in touch platforms. • HPXWC-10409\[SFT_MPH][PenControl][Narrator] Narrator is not working as expected in the UI of the module • HPXWC-11053\SIO2190594 - The pen image would flicker when adjust pen functions in HPX/Pen control/HP Digital Pen page. • HPXWC-4636\[SFT_MPH][Registration] In HP Registration page text cut off when we set text size to maximum • HPXWC-11052\[SIO2JIRA] Script fails when there is too many spaces in a row • HPXWC-10406\[ExtMouse] It does not match design when hover on information icon in Mouse. • HPXWC-8990\[SFT_MPH][Core] Observed white and black effects when clicking on 'x' (close) buttons in few modules(HPPK, PC Device, Pen Control). • HPXWC-10886\[SFT_MPH][SmartExp][Tab] Tool tip information is not hiding on clicking enter button while navigating through tab • HPXWC-10628\[Pen][Commercial] 0% battery icon is showing on pen control page • HPXWC-10945\[PCDevice][ScreenDistance] Cutoff on Screen distance page with S-mode change. • HPXWC-10083\[SFT_MPH][OTA_FFT][Registration] While entering valid email id in registration page, red underline is observed. • HPXWC-10855\[CGQA]HP Registration page background color is not matching same as figma design Stories: • HPXWC-10754\[Pen] Show user edited pen name in navigation menu pen name • HPXWC-11188\[Pen] Add alphanumeric regex for pen name edit field • HPXWC-10967\Develop strictly necessary fusion interface support in RN privacy library • HPXWC-11261\[Video-42] Integrate HPPVForMyHP_Release_v3.2307.83.22104.zip into HPX 2023.07.A • HPXWC-11244\HPAC Functions: Optimize deviceReset and fwupdate function • HPXWC-11087\[Refactoring] Refactor the PCBatteryManager native-view to the new pattern • HPXWC-11259\[SIO2JIRA] Fixing the Automated Pipeline • HPXWC-10487\[SIO2JIRA] Documentation on how to implement on other systems • HPXWC-9330\[TechDebt][hp-af-common Removal Pt 1] Move testID methods and generateAccessibilityLabelHyperlink method to hp-af-nativebase • HPXWC-10095\[Application Settings] [Bar] [UI] Add new apps to app-settings bar • HPXWC-10377\[Application Settings][Context Engine] Develop Get/Set API for app-list from Context Aware Service to App Local Store • HPXWC-11025\Fix translation locale as per HPx guideline in 4 modules • HPXWC-10070\[Bopeep SD] 506px layout implementation • HPXWC-10801\[Tech Debt] Cleanup native-views post refactoring • HPXWC-10379\[Application Settings][Context Aware Service] Integrate context-aware user mode service with HPX app • HPXWC-10656\Update Thank you page of the feedback screen • HPXWC-10362\[Sys Control][UI] Change the 'Auto' name to 'Smart Sense' • HPXWC-10180\[Application Settings][Context Engine] Notify HPX via app-service when foreground application is changed | G43: 1. Home Page 2. Video Control - SmartCam 3.2307.83 3. Audio Control 4. Display Control - display control driver: 5.2.0.23 5. Support 6. Settings | I43: V | J43: V | L43: V | M43: V | N43: V | O43: V | P43: V | Q43: V | R43: V | S43: V | Z43: V | AA43: V | AB43: V | AC43: V | AD43: V | AH43: V | AI43: V | AJ43: V | AK43: V | AL43: V | AM43: V | AN43: V | AO43: V | AP43: V | AQ43: V | AR43: V | AS43: V | AT43: V | AU43: V | AV43: V | AW43: V | BG43: V | BH43: V | BK43: V | BN43: V | BO43: V | BP43: V | BQ43: V | BR43: V | BS43: V | BT43: V | BU43: V | BV43: V
A44: 45110 | B44: HPX | C44: Integration Build | D44: 25.22327.511.0.A.1 | E44: P014VF-B2Y | F44: NOTE: When testing, please turn off auto update in MS Store app first to avoid being automatically updated to the latest version on MS Store. For 23C2 Willie, Herbie Main changes: • Hpxwc-11369 || integrate hpdc dll ver. 5.2.29.0 with hpx • HPXWC-11041\SIO2190616 - [Bopeep] Adaptive Audio didn't automatically toggle 'ON' by default when switch the Presets to 'Movie'HPXWC-11556\[HPX][LeftNav] Right side app UI cut off observed on every HPX module • HPXWC-11556\[HPX][LeftNav] Right side app UI cut off observed on every HPX module • HPXWC-11426\[SIO2192151] The Brightness value changed to 0 after adjust Contrast value from one of the modes then switch to other modes in the Display control of HPX. • HPXWC-11431\[STS][Core] High Vulnerability - Insecure Binary Protection - HP INSTALLED APPS • HPXWC-10716\[STS][Veracode] Framework - Veracode Scan Size shows only 0.9KB • HPXWC-11572\[Crash] Clicking on left menu items while myHP is loading results in crash • HPXWC-11399\[SFT_MPH][SmartCam123] 'Video Control' module is not displaying with qjqk feature byte in Kraken platform • HPXWC-11410\[SFT_MPH][DisplayControl][L10N] In Ukrainian language LBL scheduler toggle button cutoff is seen. • HPXWC-11202\[HPX][Herbie] Appservice will close connection in DC mode • HPXWC-11526\[Bopeep ST] The mini size responsize UI feature broke • HPXWC-11430\[SystemControl] Arti show system control model. • HPXWC-11508\[Bopeep SD] Update the card description of Screen Distance in the PCDevice • HPXWC-11452\[PCDevicePg][Hrader] Edit device name functionality is not working as expected for all the languages except en-US(English). • HPXWC-11520\[Bopeep SD] The minimized responsive UI feature broke • HPXWC-11521\[Bopeep ST] Update the card description of Screen Time in the PCDevice • HPXWC-11216\0SIO2191750 - Bell Notifications/No new messages show EN in HPX on AB2 image. • HPXWC-11170\[SFT_MPH][DisplayControl][Accessibility][AIO] Automated checks is failing for advanced icon. • HPXWC-11415\[Dark Mode] The colors of the left nav icons are inconsistent after collapsing/expanding the menu • HPXWC-11360\[SFT_MPH][OTA_FFT][HighContrast][Core] Icon color of Home and PC Device/Support change when navigated from Home page and navigated back with the arrow button on applying High contrast themes • HPXWC-11345\[PCDevice][AudioControl] All the Audio page tooltips are not as per Figma. • HPXWC-11433\[STS][Core] High Vulnerability - UNSIGNED EXECUTABLES - CONTEXT AWARE TEAM • HPXWC-10555\SIO2188227 - [Bopeep] The contrast value cannot be restored to the default when click the "Restore defaults" button in HPX/Display Control. • HPXWC-11199\[SFT_MPH][DisplayControl][OTA_FFT] When we click on brightness and contrast slider randomly 5 to 15 times intermittently slider moving to 0 or 100 • HPXWC-10130\[Application Settings] [Bar] [UI] Remove an application from app-settings bar • HPXWC-11485\[AudioControl][Equalizer] 10-band EQ is missing on Waves devices • Update Realtek SDK to: RtkAudioCorePureForHP_1.42.297.101(114134) | G44: 1. Home Page 2. Video Control - SmartCam 3.2307.83 3. Audio Control 4. Display Control - display control driver: 5.2.0.29 5. System Control 6. Trackpad 7. Screen Time 8. Screen Distance 9. Pen Control Plus 10. Support 11. Settings | I44: V | J44: V | L44: V | M44: V | N44: V | O44: V | P44: V | Q44: V | R44: V | S44: V | V44: V | Z44: V | AA44: V | AB44: V | AC44: V | AD44: V | AF44: V | AH44: V | AI44: V | AJ44: V | AK44: V | AL44: V | AM44: V | AN44: V | AO44: V | AP44: V | AQ44: V | AR44: V | AS44: V | AT44: V | AU44: V | AV44: V | AW44: V | BG44: V | BH44: V | BK44: V | BL44: V | BM44: V | BN44: V | BO44: V | BP44: V | BQ44: V | BR44: V | BS44: V | BT44: V | BU44: V | BV44: V
A45: 45110 | B45: HPX | C45: Staging Build | D45: 25.42327.499.0.A.1 | E45: P014VF-B2Z | F45: NOTE: When testing, please turn off auto update in MS Store app first to avoid being automatically updated to the latest version on MS Store. For 23C2 Bopeep, Sammy, Sammy6U, Oski, Oski6U, Tuffy, Arti, Articuno, OskiR6U, Lapras Main changes: • Hpxwc-11369 || integrate hpdc dll ver. 5.2.29.0 with hpx • HPXWC-11041\SIO2190616 - [Bopeep] Adaptive Audio didn't automatically toggle 'ON' by default when switch the Presets to 'Movie'HPXWC-11556\[HPX][LeftNav] Right side app UI cut off observed on every HPX module • HPXWC-11426\[SIO2192151] The Brightness value changed to 0 after adjust Contrast value from one of the modes then switch to other modes in the Display control of HPX. • HPXWC-11431\[STS][Core] High Vulnerability - Insecure Binary Protection - HP INSTALLED APPS • HPXWC-10716\[STS][Veracode] Framework - Veracode Scan Size shows only 0.9KB • HPXWC-11572\[Crash] Clicking on left menu items while myHP is loading results in crash • HPXWC-11399\[SFT_MPH][SmartCam123] 'Video Control' module is not displaying with qjqk feature byte in Kraken platform • HPXWC-11410\[SFT_MPH][DisplayControl][L10N] In Ukrainian language LBL scheduler toggle button cutoff is seen. • HPXWC-11202\[HPX][Herbie] Appservice will close connection in DC mode • HPXWC-11526\[Bopeep ST] The mini size responsize UI feature broke • HPXWC-11430\[SystemControl] Arti show system control model. • HPXWC-11508\[Bopeep SD] Update the card description of Screen Distance in the PCDevice • HPXWC-11452\[PCDevicePg][Hrader] Edit device name functionality is not working as expected for all the languages except en-US(English). • HPXWC-11520\[Bopeep SD] The minimized responsive UI feature broke • HPXWC-11521\[Bopeep ST] Update the card description of Screen Time in the PCDevice • HPXWC-11216\0SIO2191750 - Bell Notifications/No new messages show EN in HPX on AB2 image. • HPXWC-11170\[SFT_MPH][DisplayControl][Accessibility][AIO] Automated checks is failing for advanced icon. • HPXWC-11415\[Dark Mode] The colors of the left nav icons are inconsistent after collapsing/expanding the menu • HPXWC-11360\[SFT_MPH][OTA_FFT][HighContrast][Core] Icon color of Home and PC Device/Support change when navigated from Home page and navigated back with the arrow button on applying High contrast themes • HPXWC-11345\[PCDevice][AudioControl] All the Audio page tooltips are not as per Figma. • HPXWC-10555\SIO2188227 - [Bopeep] The contrast value cannot be restored to the default when click the "Restore defaults" button in HPX/Display Control. • HPXWC-11199\[SFT_MPH][DisplayControl][OTA_FFT] When we click on brightness and contrast slider randomly 5 to 15 times intermittently slider moving to 0 or 100 • HPXWC-10130\[Application Settings] [Bar] [UI] Remove an application from app-settings bar • Update Realtek SDK to: RtkAudioCorePureForHP_1.42.297.101(114134) | G45: 1. Home Page 2. Video Control - SmartCam 3.2307.83 3. Audio Control 4. Display Control - display control driver: 5.2.0.29 5. System Control 6. Screen Time 7. Screen Distance 8. Pen Control Plus 9. Support 10. Settings | I45: V | J45: V | L45: V | M45: V | N45: V | O45: V | P45: V | Q45: V | R45: V | S45: V | Z45: V | AA45: V | AB45: V | AC45: V | AD45: V | AH45: V | AI45: V | AJ45: V | AK45: V | AL45: V | AM45: V | AN45: V | AO45: V | AP45: V | AQ45: V | AR45: V | AS45: V | AT45: V | AU45: V | AV45: V | AW45: V | BG45: V | BH45: V | BK45: V | BN45: V | BO45: V | BP45: V | BQ45: V | BR45: V | BS45: V | BT45: V | BU45: V | BV45: V
A46: 45117 | B46: HPX | C46: Integration Build | D46: 25.22327.535.0.A.1 | E46: P0154M-B2D | F46: NOTE: When testing, please turn off auto update in MS Store app first to avoid being automatically updated to the latest version on MS Store. For 23C2 Willie, Herbie Main changes: • Update SmartCam to 3.2307.89 • HPXAPPS-146 [CGQA] User is not getting NPS notification during restart mode in Contino systems • HPXAPPS-184 [SFT_MPH][AutoLaunch] HPX Auto-launch is failing for win 11 OS. • HPXAPPS-988 [CGQA] Previously filled data should be clear after feedback submit successfully. Stories: • HPXWC-11766 [Video-42] SmartCam v3.2307.89 for HPX integration 2023.07.B • HPXWC-9391 Upgrade Proximity nugets for security check update • HPXAPPS-1147 [Audio control] All the radio buttons and its text have same AUID. • HPXWC-11611 SIO2192920 - The name/help of 'Adaptive Audio/Auto/Far from display/Near to display' item is not translated in HPX Audio Controls.(AB2 image) • HPXWC-11203 [SFT_MPH][PCDevice] Observed edge corner shapes of the icons seem different from figma. • HPXAPPS-1098 [SFT_MPH][AudioControl][Narrator] Reading background items when we hover on settings tab in audio control module • HPXAPPS-1114 [CGQA] [localization]HP Privacy page is not localized in zh-Hans and sr-LATN-rs languages | G46: 1. Home Page 2. Video Control - SmartCam v3.2307.89 3. Audio Control 4. Display Control - display control driver: 5.2.0.29 5. System Control 6. Trackpad 7. Screen Time 8. Screen Distance 9. Pen Control Plus 10. Support 11. Settings | I46: V | J46: V | L46: V | M46: V | N46: V | O46: V | P46: V | Q46: V | R46: V | S46: V | V46: V | Z46: V | AA46: V | AB46: V | AC46: V | AD46: V | AF46: V | AH46: V | AI46: V | AJ46: V | AK46: V | AL46: V | AM46: V | AN46: V | AO46: V | AP46: V | AQ46: V | AR46: V | AS46: V | AT46: V | AU46: V | AV46: V | AW46: V | AX46: V | AY46: V | BG46: V | BH46: V | BK46: V | BL46: V | BM46: V | BN46: V | BO46: V | BP46: V | BQ46: V | BR46: V | BS46: V | BT46: V | BU46: V | BV46: V
A47: 45117 | B47: HPX | C47: Staging Build | D47: 25.42327.511.0.A.1 | E47: P0154M-B2E | F47: NOTE: When testing, please turn off auto update in MS Store app first to avoid being automatically updated to the latest version on MS Store. For 23C2 Sammy, Sammy6U, Oski, Oski6U, Tuffy, Arti, Articuno, OskiR6U, Lapras Main changes: • HPXWC-11433\[STS][Core] High Vulnerability - Unsigned deliverables - Context Aware teamHPXWC-11403\[ExtMouse] Some strings are missing when wait for 5 minutes and wake up mouse. • HPXAPPS-737\[HPX] Not able to navigate back to PCDevice or Home page from left nav panel once navigate to submodules. • HPXAPPS-817\SIO2192224 - The font of 'Minimize' 'Maximize' 'Close' display is unclear in the upper right corner of myHP window. • HPXWC-11653\[PCDevice] It takes more than 3 minutes for PC devices navigation bar to load when hpx is re-launched multiple times • HPXWC-7941\[AudioControl] Speaker configuration should only work when plugin external device on the behind of desktop. • HPXAPPS-690\[SFT_MPH][OTA][Core] When we close navigation menu and again open navigation menu, PC Device option is not displaying automatically • HPXWC-11203\[SFT_MPH][PCDevice] Observed edge corner shapes of the icons seems different from figma. • HPXWC-11539\[AudioConttrol][Contino]AUID missing from Immersive audio feature • HPXWC-10478\SIO2188056 - Cannot use finger/pen drag the output\input bar in audio control of myHP. • HPXAPPS-959\[SFT_MPH][OTA_FFT][Core] On launching HPX application myHP logo is changing its location. • HPXWC-11108\[SystemControl] "System Control" card name should be sentence case • HPXWC-9500\[SFT_MPH][SystemControl] The Text "Auto" in Smart Sense tooltip is not aligned to center when Text size is increased. • HPXWC-10989\[SFT_MPH][PCDevice] On increasing the text size to maximum edit icon is overlapping with PN/SN when system's name characters is maximum. • HPXWC-11644\[SFT_MPH][HighContrast][PCDevice] Observed black bars on hover over the cards on applying high contrast themes. • HPXWC-10770\[Pen] Pen image should scroll down along with the actual application. • HPXWC-11404\[Pen] AUID is not applicable for Restore Defaults button tooltip. • HPXWC-11578\SIO2192889 - Cannot copy the product number and SN by clicking the copy button with finger on the HPX/Desktop/ page. • HPXWC-11458\[AudioControl][Bopeep][Accessibility] Audio controls content will be cut off when we make text bigger and resize myhp window • HPXWC-11400\[SFT_MPH][PCDevice] Observed white background in the system's name entry box. • HPXWC-11035\System Control show en in some languages • HPXWC-11122\[SFT_MPH][PenControl] Observed a box behind the battery icon for a second on navigating from the other modules. • HPXWC-11391\[Bopeep ST] Workaround for the appservice disconnection, gray out the UI • HPXWC-10182\[Application Settings][Context Engine][UI] Notify engine state (add, remove, and selected) change • HPXWC-10096\[Application Settings] [Bar] Send Add/Remove/Selected app details to contextaware engine • HPXWC-10381\[Application Settings][Context Engine] Monitor user selected apps for foreground state • HPXWC-10189\[Application Settings][Context Aware Service] Launching Context-Aware service as per feature switch • HPXWC-11282\[Display][UI] Implement help dialog (Code Review) • [Screen Time] - Add translations for screen time • HPXWC-10878\[Display][UI] Implement help dialog | G47: 1. Home Page 2. Video Control - SmartCam v3.2307.86 3. Audio Control 4. Display Control - display control driver: 5.2.0.29 5. System Control 6. Screen Time 7. Screen Distance 8. Pen Control Plus 9. Support 10. Settings | I47: V | J47: V | L47: V | M47: V | N47: V | O47: V | P47: V | Q47: V | R47: V | S47: V | V47: V | Z47: V | AA47: V | AB47: V | AC47: V | AD47: V | AH47: V | AI47: V | AJ47: V | AK47: V | AL47: V | AM47: V | AN47: V | AO47: V | AP47: V | AQ47: V | AR47: V | AS47: V | AT47: V | AU47: V | AV47: V | AW47: V | AX47: V | AY47: V | BG47: V | BH47: V | BK47: V | BN47: V | BO47: V | BP47: V | BQ47: V | BR47: V | BS47: V | BT47: V | BU47: V | BV47: V
A48: 45117 | B48: HPX | C48: Production Build | D48: 25.52328.396.0.A.1 | E48: P0154M-B2C | F48: NOTE: When testing, please turn off auto update in MS Store app first to avoid being automatically updated to the latest version on MS Store. For: 23C2 Bopeep 2305 Softroll platforms 24C1 Platforms Main changes: • HPXSUP-1887 [OCFResources]-HTML Path error, about page is blank now. • HPXSUP-1861 [Veracode] Remove useless files of HPNetworkCheck • HPXWC-11635 [AudioControl][Bopeep] Adaptive audio module should grey out when we select Music and Voice option • HPXAPPS-146 [CGQA] User is not getting NPS notification during restart mode in Contino systems • HPXAPPS-184 [SFT_MPH][AutoLaunch] HPX Auto-launch is failing for win 11 OS. • HPXWC-11433\[STS][Core] High Vulnerability - Unsigned deliverables - Context Aware teamHPXWC-11403\[ExtMouse] Some strings are missing when wait for 5 minutes and wake up mouse. • HPXAPPS-737\[HPX] Not able to navigate back to PCDevice or Home page from left nav panel once navigate to submodules. • HPXAPPS-817\SIO2192224 - The font of 'Minimize' 'Maximize' 'Close' display is unclear in the upper right corner of myHP window. • HPXWC-11653\[PCDevice] It takes more than 3 minutes for PC devices navigation bar to load when hpx is re-launched multiple times • HPXWC-7941\[AudioControl] Speaker configuration should only work when plugin external device on the behind of desktop. • HPXAPPS-690\[SFT_MPH][OTA][Core] When we close navigation menu and again open navigation menu, PC Device option is not displaying automatically • HPXWC-11203\[SFT_MPH][PCDevice] Observed edge corner shapes of the icons seems different from figma. • HPXWC-11539\[AudioConttrol][Contino]AUID missing from Immersive audio feature • HPXWC-10478\SIO2188056 - Cannot use finger/pen drag the output\input bar in audio control of myHP. • HPXAPPS-959\[SFT_MPH][OTA_FFT][Core] On launching HPX application myHP logo is changing its location. • HPXWC-11108\[SystemControl] "System Control" card name should be sentence case • HPXWC-9500\[SFT_MPH][SystemControl] The Text "Auto" in Smart Sense tooltip is not aligned to center when Text size is increased. • HPXWC-10989\[SFT_MPH][PCDevice] On increasing the text size to maximum edit icon is overlapping with PN/SN when system's name characters is maximum. • HPXWC-11644\[SFT_MPH][HighContrast][PCDevice] Observed black bars on hover over the cards on applying high contrast themes. • HPXWC-11578\SIO2192889 - Cannot copy the product number and SN by clicking the copy button with finger on the HPX/Desktop/ page. • HPXWC-11458\[AudioControl][Bopeep][Accessibility] Audio controls content will be cut off when we make text bigger and resize myhp window • HPXWC-11035\System Control show en in some languages • [Screen Time] - Add translations for screen time • HPXWC-10878\[Display][UI] Implement help dialog | G48: 1. Home Page 2. Video Control - SmartCam v3.2307.86 3. Audio Control 4. Display Control - display control driver: 5.2.0.29 5. Support 6. Settings | I48: V | J48: V | L48: V | M48: V | N48: V | O48: V | P48: V | Q48: V | R48: V | S48: V | V48: V | Z48: V | AA48: V | AB48: V | AC48: V | AD48: V | AH48: V | AI48: V | AJ48: V | AK48: V | AL48: V | AM48: V | AN48: V | AO48: V | AP48: V | AQ48: V | AR48: V | AS48: V | AT48: V | AU48: V | AV48: V | AW48: V | BK48: V
A49: 45124 | B49: HPX | C49: Production Build | D49: 25.52328.396.0.A.1 | E49: P0154M-B2C | F49: NOTE: When testing, please turn off auto update in MS Store app first to avoid being automatically updated to the latest version on MS Store. For: 23C2 Sammy, Oski, Sammy6U, Oski6U 2305 Softroll platforms Main changes: • HPXSUP-1887 [OCFResources]-HTML Path error, about page is blank now. • HPXSUP-1861 [Veracode] Remove useless files of HPNetworkCheck • HPXWC-11635 [AudioControl][Bopeep] Adaptive audio module should grey out when we select Music and Voice option • HPXAPPS-146 [CGQA] User is not getting NPS notification during restart mode in Contino systems • HPXAPPS-184 [SFT_MPH][AutoLaunch] HPX Auto-launch is failing for win 11 OS. • HPXWC-11433\[STS][Core] High Vulnerability - Unsigned deliverables - Context Aware teamHPXWC-11403\[ExtMouse] Some strings are missing when wait for 5 minutes and wake up mouse. • HPXAPPS-737\[HPX] Not able to navigate back to PCDevice or Home page from left nav panel once navigate to submodules. • HPXAPPS-817\SIO2192224 - The font of 'Minimize' 'Maximize' 'Close' display is unclear in the upper right corner of myHP window. • HPXWC-11653\[PCDevice] It takes more than 3 minutes for PC devices navigation bar to load when hpx is re-launched multiple times • HPXWC-7941\[AudioControl] Speaker configuration should only work when plugin external device on the behind of desktop. • HPXAPPS-690\[SFT_MPH][OTA][Core] When we close navigation menu and again open navigation menu, PC Device option is not displaying automatically • HPXWC-11203\[SFT_MPH][PCDevice] Observed edge corner shapes of the icons seems different from figma. • HPXWC-11539\[AudioConttrol][Contino]AUID missing from Immersive audio feature • HPXWC-10478\SIO2188056 - Cannot use finger/pen drag the output\input bar in audio control of myHP. • HPXAPPS-959\[SFT_MPH][OTA_FFT][Core] On launching HPX application myHP logo is changing its location. • HPXWC-11108\[SystemControl] "System Control" card name should be sentence case • HPXWC-9500\[SFT_MPH][SystemControl] The Text "Auto" in Smart Sense tooltip is not aligned to center when Text size is increased. • HPXWC-10989\[SFT_MPH][PCDevice] On increasing the text size to maximum edit icon is overlapping with PN/SN when system's name characters is maximum. • HPXWC-11644\[SFT_MPH][HighContrast][PCDevice] Observed black bars on hover over the cards on applying high contrast themes. • HPXWC-11578\SIO2192889 - Cannot copy the product number and SN by clicking the copy button with finger on the HPX/Desktop/ page. • HPXWC-11458\[AudioControl][Bopeep][Accessibility] Audio controls content will be cut off when we make text bigger and resize myhp window • HPXWC-11035\System Control show en in some languages • [Screen Time] - Add translations for screen time • HPXWC-10878\[Display][UI] Implement help dialog | G49: 1. Home Page 2. Video Control - SmartCam v3.2307.86 3. Audio Control 4. Display Control - display control driver: 5.2.0.29 5. Support 6. Settings 7. System Control 8. Screen Distance 9. Screen Time | I49: V | J49: V | L49: V | M49: V | N49: V | O49: V | P49: V | Q49: V | R49: V | S49: V | V49: V | Z49: V | AA49: V | AB49: V | AC49: V | AD49: V | AH49: V | AI49: V | AJ49: V | AK49: V | AL49: V | AM49: V | AN49: V | AO49: V | AP49: V | AQ49: V | AR49: V | AS49: V | AT49: V | AU49: V | AV49: V | AW49: V | BG49: V | BH49: V | BK49: V | BN49: V | BO49: V | BP49: V | BQ49: V | BR49: V
A50: 45124 | B50: HPX | C50: Integration Build | D50: 25.22328.553.0.A.1 | E50: P0154M-B2G | F50: NOTE: When testing, please turn off auto update in MS Store app first to avoid being automatically updated to the latest version on MS Store. For: 23C2 Willie, Herbie Main changes: • Update SmartCam to v3.2307.91 • HPXWC-11500 [Battery] Arti (consumer tower pc) show battery control model. • HPXWC-11870 [Audio][Bopeep] Not able to turn off adaptive audio toggle. • HPXWC-11758 [AudioControl][Bopeep] Adaptive audio toggle always will show On status even I turn off it • HPXAPPS-992 [Core] HPX application crash observed • HPXWC-11573 [HPX][PCDevice] Submodule order under PCDevice is not matching to figma. • HPXAPPS-1194 [Communication][Bell][UI] Message card UI changes as per new figma + Icon Fillrule fix • HPXAPPS-1282 Update settings view privacy tab with strictly necessary notice string • HPXWC-11632 [Audio] Poly logo support for Willie and Herbie • HPXWC-11275 [Battery Manager][UI] Implement Battery Schedule dialog Part 2 (code review) • HPXWC-11097 [TechDebt] Remove Network Booster background task • HPXAPPS-1409 [SIO2JIRA] Adding Missed Components • HPXWC-11770 [SIO2193899] No number value displayed when the cursor hovers over the brightness/contrast slider in HPX Display Controls. • HPXWC-11908 [SFT_MPH][OTA_FFT][PCDevice] Place holder is overlapping with text in the UI by navigating with tab and shift+tab on using keyboard. • HPXWC-11546 [SystemControl][Security] System Control - Control Flow Guard (CFG)| Rating: High CWE-ID: 693 | found in STS2023-1190 • HPXAPPS-1115 [SFT_MPH][SystemControl][L10N] Tooltips for Cool and Performance cards are not popping up in appropriate locations in Arabic(AR) and Hebrew(HE) • HPXWC-11698 [AudioControl][Unico]AUID missing from the content and the tooltip in the three tabs of speaker configuration. • HPXWC-11481 [AudioControl][Bopeep][Accessibility] Narrator read wrongly for Audio controls module • HPXAPPS-942 [Offline] Icons color on offline Banner is different with mockup • HPXAPPS-802 [Offline] When zooming out HPX window, The area of "X" covers the area of "Connect" on the offline banner • HPXWC-11939 [SFT_MPH][PenControl] Battery icon is visible in the form of a box in the UI of the module • HPXWC-11546 [SystemControl][Security] System Control - Control Flow Guard (CFG)| Rating: High CWE-ID: 693 | found in STS2023-1190 | G50: 1. Home Page 2. Video Control - SmartCam v3.2307.91 3. Audio Control 4. Display Control - display control driver: 5.2.0.29 5. Support 6. Settings 7. System Control 8. Screen Distance 9. Screen Time 10. Trackpad 11. Pen Control Plus | I50: V | J50: V | L50: V | M50: V | N50: V | O50: V | P50: V | Q50: V | R50: V | S50: V | V50: V | Z50: V | AA50: V | AB50: V | AC50: V | AD50: V | AH50: V | AI50: V | AJ50: V | AK50: V | AL50: V | AM50: V | AN50: V | AO50: V | AP50: V | AQ50: V | AR50: V | AS50: V | AT50: V | AU50: V | AV50: V | AW50: V | BG50: V | BH50: V | BK50: V | BL50: V | BM50: V | BN50: V | BO50: V | BP50: V | BQ50: V | BR50: V | BS50: V | BT50: V | BU50: V | BV50: V
A51: 45124 | B51: HPX | C51: Production Build | D51: 25.52328.411.0.A.1 | E51: P0154M-B2H | F51: NOTE: When testing, please turn off auto update in MS Store app first to avoid being automatically updated to the latest version on MS Store. For: 23C2 Tuffy, Arti, Articuno, OskiR6U, Lapras 24C1 Platforms Main changes: • Update SmartCam to v3.2307.91 • HPXWC-11500 [Battery] Arti (consumer tower pc) show battery control model. • HPXWC-11870 [Audio][Bopeep] Not able to turn off adaptive audio toggle. • HPXWC-11758 [AudioControl][Bopeep] Adaptive audio toggle always will show On status even I turn off it • HPXAPPS-992 [Core] HPX application crash observed • HPXWC-11573 [HPX][PCDevice] Submodule order under PCDevice is not matching to figma. • HPXAPPS-1194 [Communication][Bell][UI] Message card UI changes as per new figma + Icon Fillrule fix • HPXAPPS-1282 Update settings view privacy tab with strictly necessary notice string • HPXWC-11632 [Audio] Poly logo support for Willie and Herbie • HPXWC-11275 [Battery Manager][UI] Implement Battery Schedule dialog Part 2 (code review) • HPXWC-11097 [TechDebt] Remove Network Booster background task • HPXAPPS-1409 [SIO2JIRA] Adding Missed Components • HPXWC-11770 [SIO2193899] No number value displayed when the cursor hovers over the brightness/contrast slider in HPX Display Controls. • HPXWC-11908 [SFT_MPH][OTA_FFT][PCDevice] Place holder is overlapping with text in the UI by navigating with tab and shift+tab on using keyboard. • HPXWC-11546 [SystemControl][Security] System Control - Control Flow Guard (CFG)| Rating: High CWE-ID: 693 | found in STS2023-1190 • HPXAPPS-1115 [SFT_MPH][SystemControl][L10N] Tooltips for Cool and Performance cards are not popping up in appropriate locations in Arabic(AR) and Hebrew(HE) • HPXWC-11698 [AudioControl][Unico]AUID missing from the content and the tooltip in the three tabs of speaker configuration. • HPXWC-11481 [AudioControl][Bopeep][Accessibility] Narrator read wrongly for Audio controls module • HPXAPPS-942 [Offline] Icons color on offline Banner is different with mockup • HPXAPPS-802 [Offline] When zooming out HPX window, The area of "X" covers the area of "Connect" on the offline banner • HPXWC-11939 [SFT_MPH][PenControl] Battery icon is visible in the form of a box in the UI of the module • HPXWC-11546 [SystemControl][Security] System Control - Control Flow Guard (CFG)| Rating: High CWE-ID: 693 | found in STS2023-1190 | G51: 1. Home Page 2. Video Control - SmartCam v3.2307.91 3. Audio Control 4. Display Control - display control driver: 5.2.0.29 5. Support 6. Settings 7. System Control 8. Screen Distance 9. Screen Time | I51: V | J51: V | L51: V | M51: V | N51: V | O51: V | P51: V | Q51: V | R51: V | S51: V | V51: V | Z51: V | AA51: V | AB51: V | AC51: V | AD51: V | AH51: V | AI51: V | AJ51: V | AK51: V | AL51: V | AM51: V | AN51: V | AO51: V | AP51: V | AQ51: V | AR51: V | AS51: V | AT51: V | AU51: V | AV51: V | AW51: V | BG51: V | BH51: V | BK51: V | BN51: V | BO51: V | BP51: V | BQ51: V | BR51: V
A52: 45131 | B52: HPX | C52: Staging Build | D52: 25.42329.643.0.A.1 | E52: P0154M-B2M | F52: NOTE: When testing, please turn off auto update in MS Store app first to avoid being automatically updated to the latest version on MS Store. For: 23C2 Willie, Herbie Main changes: • Update SmartCam to v3.2307.96 • HPXAPPS-1538 [SFT_MPH][OTA_FFT][Core] Support deeplink does not work while app is open. • HPXWC-12094 [SFT_MPH][PenControl] Profile page is shown when clicked on the Edit button in the UI of the module • HPXAPPS-1639 NX Affected Runs Tests For Every Package • HPXAPPS-1105 [ExtMouse] It has no reaction when click buttons\links by touching on Mouse page. • HPXAPPS-993 Full env dev builds regularly crash when navigating • HPXAPPS-558 Updating HPX Documentation • HPXAPPS-1624 Update CODEOWNERS file for Framework team • HPXAPPS-1342 Create a HPX UI toolkit (Storybook) module • HPXAPPS-1645 Update Root Command Documentation • HPXWC-12004 Dogfooding smart cam internally for HP employees • HPXAPPS-995 [CGQA] Feedback screen some texts font color/size/style are not matching same as figma design • HPXAPPS-1376 [Offline] Close Icon color on offline Banner is different with mockup • HPXAPPS-1537 [SFT_MPH][OTA_FFT][Core] Home Page is not highlighted in left nav for first launch of HPX app. • HPXAPPS-1604 [Core][LeftNav] The icons get unselected if clicking on them again • HPXAPPS-965 [SFT_MPH][OTA_FFT][HighContrast][Core] Icon color of Home and PC Device/Support change when navigated from Home page and navigated back with the arrow button on applying High contrast themes • HPXAPPS-769 [LeftNav] PCDevice and Support icon sometime not visible in left nav in Desert Theme • HPXAPPS-193 [SFT_MPH][Registration][Accessibility] Color Contrast test is failing for First Name Last Name and Email Address Text field and Register Button in Registration Page. • HPXWC-11819 [ScreenDistance][TPE_SFT][Accessibility]Info icon no shows hint by enter or space key. • HPXAPPS-413 [STS][Veracode] Framework - PDB Files Missing | G52: 1. Home Page 2. Video Control - SmartCam v3.2307.96 3. Audio Control 4. Display Control - display control driver: 5.2.0.29 5. Support 6. Settings 7. System Control 8. Screen Distance 9. Screen Time 10. Trackpad 11. Pen Control Plus | I52: V | J52: V | L52: V | M52: V | N52: V | O52: V | P52: V | Q52: V | R52: V | S52: V | V52: V | Z52: V | AA52: V | AB52: V | AC52: V | AD52: V | AH52: V | AI52: V | AJ52: V | AK52: V | AL52: V | AM52: V | AN52: V | AO52: V | AP52: V | AQ52: V | AR52: V | AS52: V | AT52: V | AU52: V | AV52: V | AW52: V | AX52: V | AY52: V | BG52: V | BH52: V | BK52: V | BL52: V | BM52: V | BN52: V | BO52: V | BP52: V | BQ52: V | BR52: V | BS52: V | BT52: V | BU52: V | BV52: V
A53: 45131 | B53: HPX | C53: Production Build | D53: 25.52329.430.0.A.1 | E53: P0154M-B2L | F53: NOTE: When testing, please turn off auto update in MS Store app first to avoid being automatically updated to the latest version on MS Store. For: 23C2 Platforms 2305 Softroll platforms 24C1 Platforms Main changes: • Update SmartCam to v3.2307.96 • HPXWC-12073 [SFT_MPH][DisplayControl][AIO] When we Enable / Disable LBL scheduler and HP Enhance+ mode is selected automatically at that time RGB feature is not getting greyed out and able to change slider values. • HPXAPPS-975 [Housekeeping] Update README for @hp-af/react-native-netinfo library • HPXWC-12134 [USA-Video] Integrate HPPVForMyHP_Release_v3.2307.96.21703.zip into HPX 2023.07.B. Please launch with HPPVLauncher.exe. • HPXWC-11632 [Audio] Poly logo support for Willie and Herbie • HPXAPPS-1330 [SFT_MPH][OTA][Core] When we minimized and launch HPX App we observed that text is merged (Only on Windows 10) • HPXAPPS-786 Replace custom logging with HP.ApplicationFramework.Logging in Desktop Extension • HPXAPPS-1117 [Audio Control][Equalizer] 10 band EQ sliders do not align with where the user pointer is • HPXAPPS-987 [CGQA][Feedback] "select a star rating before you submit " validation location is not matching same as figma design • HPXWC-11912 [SFT_MPH][SmartExp] Toggle button is not persistent on relaunching HPX app while the module dialogue is opened • HPXWC-11906 [SFT_MPH][SmartExp] Overlap between 'Cancel' and 'Continue' button on resizing the HPX window to small • HPXWC-12146 [SFT_MPH][DisplayControl][AIO] When we select the HP Enhance+ mode and relaunch the application, the RGB feature is not visible for any of the modes. • HPXWC-10337 [SFT_MPH][OTA_FFT][AudioControl] Mic mode radio button is flicker on clicking restore default button • HPXWC-10573 [AudioControl][Bopeep] Auto option doesn't grey out when camera turns off • HPXWC-11949 [SFT_MPH][OTA][AudioControl][Narrator] Narrator reads some extra string for Multi-Streaming toggle button | G53: 1. Home Page 2. Video Control - SmartCam v3.2307.96 3. Audio Control 4. Display Control - display control driver: 5.2.0.29 5. Support 6. Settings 7. System Control 8. Screen Distance 9. Screen Time | I53: V | J53: V | L53: V | M53: V | N53: V | O53: V | P53: V | Q53: V | R53: V | S53: V | V53: V | Z53: V | AA53: V | AB53: V | AC53: V | AD53: V | AH53: V | AI53: V | AJ53: V | AK53: V | AL53: V | AM53: V | AN53: V | AO53: V | AP53: V | AQ53: V | AR53: V | AS53: V | AT53: V | AU53: V | AV53: V | AW53: V | AX53: V | AY53: V | BG53: V | BH53: V | BK53: V | BN53: V | BO53: V | BP53: V | BQ53: V | BR53: V
A54: 45138 | B54: HPX | C54: Production Build | D54: 25.52330.450.0.A.1 | E54: P0154M-B2N | F54: NOTE: When testing, please turn off auto update in MS Store app first to avoid being automatically updated to the latest version on MS Store. For: 23C2 Tuffy 2305 Softroll platforms Main changes: • HPXWC-12366 [Perf] - System Controls -need to toggle off Commercial and visible only for Consumer | G54: 1. Home Page 2. Video Control - SmartCam v3.2307.96 3. Audio Control 4. Display Control - display control driver: 5.2.0.29 5. Support 6. Settings 7. System Control 8. Screen Distance 9. Screen Time | I54: V | J54: V | L54: V | M54: V | N54: V | O54: V | P54: V | Q54: V | R54: V | S54: V | V54: V | Z54: V | AA54: V | AB54: V | AC54: V | AD54: V | AH54: V | AI54: V | AJ54: V | AK54: V | AL54: V | AM54: V | AN54: V | AO54: V | AP54: V | AQ54: V | AR54: V | AS54: V | AT54: V | AU54: V | AV54: V | AW54: V | AX54: V | AY54: V | BG54: V | BH54: V | BK54: V | BN54: V | BO54: V | BP54: V | BQ54: V | BR54: V
A55: 45138 | B55: HPX | C55: Staging Build | D55: 25.42330.665.0.A.1 | E55: P0154M-B2P | F55: NOTE: When testing, please turn off auto update in MS Store app first to avoid being automatically updated to the latest version on MS Store. For: 23C2 Willie, Herbie Main changes: • Enabled Poly logo • Update Display Control DLL to 5.2.35.0 • HPXWC-12396 [SFT_MPH][DisplayControl][AIO] Add Application feature is showing under Display Control module. • HPXWC-12391 [Pen] Add pen device logs like penId, battery level etc • HPXWC-10435 [Display][Middleware] - Define and implement redux for application settings • HPXAPPS-1121 [SFT_MPH][PenControl][Narrator] Narrator is pointing to the mid of the UI and narrating as "Image" • HPXWC-11772 [AudioControl][Unico] Setup and test sound carat does not have ExpandCollapse.ExpandCollapseState property • HPXAPPS-1735 [Cybersec][sigcheck][Core] Unsigned binary - HP.AppFramework.LoggingDE.exe • HPXAPPS-254 [Offline] Sometimes, after disconnecting or reconnecting wifi, the Home/Support page displayed is different than expected • HPXAPPS-1522 [HPX][Home] Offline banner flashes for a second before loading Welcome banner • HPXAPPS-962 [Support][Offline][Sleep] Sometimes, the Support home page shows ' This content is under development...' • HPXWC-12220 [SFT_MPH][Display Control][AIO][HighContrast] Brightness & Contrast card and Display modes card outline is not showing for all High Contrast themes. • HPXWC-12361 [SFT_MPH][FFT_OTA][DispayControl][TAB] We are able to select Display modes, Standard and Advanced Strings using Tab button • HPXWC-11831 [SFT_MPH][SystemControl] OLED tooltip cut off is seen due to taskbar when text size is max. • HPXWC-11833 [SFT_MPH][SystemControl] Tooltips cut off and flicker issue is seen when Text size is max and app window is small. • HPXWC-11837 [SFT_MPH][SystemControl] Thermal settings info message is merged when text size is max and app window is small • HPXAPPS-969 [HighContrast] Hover color is not applied to product number and serial number values in high contrast mode. • HPXWC-10693 SIO2188852 - [Contino] Headphone will not immediately disappear in HPX/Devices/Audio control I/O when Unplug headphone • HPXWC-6311 SIO2171229 - The Output/Input devices will automatically switch to Speaker/Microphone Array after click "Restore Default" button with headset connected • HPXWC-12297 [SFT_MPH][OTA][AudioControl][HighContrast] Play Test button is not visible after applying high contrast Themes | G55: 1. Home Page 2. Video Control - SmartCam v3.2307.96 3. Audio Control 4. Display Control - display control driver: 5.2.35.0 5. Support 6. Settings 7. System Control 8. Screen Distance 9. Screen Time 10. Trackpad 11. Pen Control Plus | I55: V | J55: V | L55: V | M55: V | N55: V | O55: V | P55: V | Q55: V | R55: V | S55: V | V55: V | Z55: V | AA55: V | AB55: V | AC55: V | AD55: V | AH55: V | AI55: V | AJ55: V | AK55: V | AL55: V | AM55: V | AN55: V | AO55: V | AP55: V | AQ55: V | AR55: V | AS55: V | AT55: V | AU55: V | AV55: V | AW55: V | AX55: V | AY55: V | BG55: V | BH55: V | BK55: V | BL55: V | BM55: V | BN55: V | BO55: V | BP55: V | BQ55: V | BR55: V | BS55: V | BT55: V | BU55: V | BV55: V
A56: 45138 | B56: HPX | C56: Production Build | D56: 25.52330.454.0.A.1 | E56: P0154M-B2Q | F56: NOTE: When testing, please turn off auto update in MS Store app first to avoid being automatically updated to the latest version on MS Store. For: 23C2 Platforms except Tuffy, Willie, Herbie 24C1 Platforms Main changes: • Update Display Control DLL to 5.2.35.0 • HPXWC-12396 [SFT_MPH][DisplayControl][AIO] Add Application feature is showing under Display Control module. • HPXWC-12391 [Pen] Add pen device logs like penId, battery level etc • HPXWC-10435 [Display][Middleware] - Define and implement redux for application settings • HPXAPPS-1121 [SFT_MPH][PenControl][Narrator] Narrator is pointing to the mid of the UI and narrating as "Image" • HPXWC-11772 [AudioControl][Unico] Setup and test sound carat does not have ExpandCollapse.ExpandCollapseState property • HPXAPPS-1735 [Cybersec][sigcheck][Core] Unsigned binary - HP.AppFramework.LoggingDE.exe • HPXAPPS-254 [Offline] Sometimes, after disconnecting or reconnecting wifi, the Home/Support page displayed is different than expected • HPXAPPS-1522 [HPX][Home] Offline banner flashes for a second before loading Welcome banner • HPXAPPS-962 [Support][Offline][Sleep] Sometimes, the Support home page shows ' This content is under development...' • HPXWC-12220 [SFT_MPH][Display Control][AIO][HighContrast] Brightness & Contrast card and Display modes card outline is not showing for all High Contrast themes. • HPXWC-12361 [SFT_MPH][FFT_OTA][DispayControl][TAB] We are able to select Display modes, Standard and Advanced Strings using Tab button • HPXWC-11831 [SFT_MPH][SystemControl] OLED tooltip cut off is seen due to taskbar when text size is max. • HPXWC-11833 [SFT_MPH][SystemControl] Tooltips cut off and flicker issue is seen when Text size is max and app window is small. • HPXWC-11837 [SFT_MPH][SystemControl] Thermal settings info message is merged when text size is max and app window is small • HPXAPPS-969 [HighContrast] Hover color is not applied to product number and serial number values in high contrast mode. • HPXWC-10693 SIO2188852 - [Contino] Headphone will not immediately disappear in HPX/Devices/Audio control I/O when Unplug headphone • HPXWC-6311 SIO2171229 - The Output/Input devices will automatically switch to Speaker/Microphone Array after click "Restore Default" button with headset connected • HPXWC-12297 [SFT_MPH][OTA][AudioControl][HighContrast] Play Test button is not visible after applying high contrast Themes | G56: 1. Home Page 2. Video Control - SmartCam v3.2307.96 3. Audio Control 4. Display Control - display control driver: 5.2.35.0 5. Support 6. Settings 7. System Control 8. Screen Distance 9. Screen Time | I56: V | J56: V | L56: V | M56: V | N56: V | O56: V | P56: V | Q56: V | R56: V | S56: V | V56: V | Z56: V | AA56: V | AB56: V | AC56: V | AD56: V | AH56: V | AI56: V | AJ56: V | AK56: V | AL56: V | AM56: V | AN56: V | AO56: V | AP56: V | AQ56: V | AR56: V | AS56: V | AT56: V | AU56: V | AV56: V | AW56: V | AX56: V | AY56: V | BG56: V | BH56: V | BK56: V | BN56: V | BO56: V | BP56: V | BQ56: V | BR56: V
A57: 45152 | B57: HPX | C57: Staging Build | D57: 25.42332.710.0.A.1 | E57: P0154M-B2U | F57: NOTE: When testing, please turn off auto update in MS Store app first to avoid being automatically updated to the latest version on MS Store. For: 23C2 Willie, Herbie Main changes: • Update SmartCam to v3.2307.98 • HPXWC-12552 [SFT_MPH][Battery] "Optimize Battery Performance" charging option is not selected when "Let HP manage my Battery" is selected in BIOS(F10) and this option also has Persistence Issue • HPXWC-12422 [SFT_MPH][Battery] Battery information values are varying from standalone HPPM application to HPX app in Battery Module(New capacity, Maximum capacity) • HPXAPPS-2264 Clicking on the account icon does nothing • HPXWC-12550 [SFT_MPH][Battery] Charging Icon in battery image is not aligned properly in Battery module UI • HPXAPPS-525 [HomePage] Re-enable the "Next Steps" section of the Home page • HPXSUP-1747 [Translation] Support 7 new languages for diagnostics tools • HPXAPPS-2142 Dark mode support for Storybook module • HPXWC-11416 [System Control] Hide system control module if standalone app is installed and update feature flag as well. • HPXAPPS-1596 [SettingsNativeView] In settings in Dark Mode There is no border separation in Header • HPXAPPS-2242 [Settings-NativeView] In High Contrast themes, Settings string is missing in Settings Header • HPXWC-12185 [Battery Manager][UI] Implement responsive behavior for Battery Schedule dialog • HPXWC-12188 [Battery Manager][UI]Address Pixel Perfect Review comments • HPXWC-11678 [Gesture] HPX backend implementation (Negut) - 1 • HPXAPPS-1201 [Communication][Bell][UI] Implementation of notification flyout edit action on all messages • HPXWC-12408 [Battery Manager][UI]Implement the UI changes as per the updated UI/UX for Battery Info • HPXAPPS-1798 Implement the Landing page for HPID • HPXAPPS-1699 [SFT_MPH][Core][Narrator] Narrator is reading as pane for all modules • HPXAPPS-2193 [SFT_MPH][OTA][HomePage][Tab] Entire Home page is selected while tab navigating • HPXAPPS-2023 [SFT_MPH][DisplayControl][AIO][TAB] Using Tab+Enter Key “HDMI Input OSD Help” model is not getting pop-up • HPXWC-12170 [SFT_MPH][DisplayControl][AIO][Narrator] Narrator reads am/pm box unclearly • HPXWC-12650 [PCDevice] If we make text size to largest then product number value click tooltip is not as per figma • HPXAPPS-1399 [Service] myHP stuck loading when launched from HPID . • HPXAPPS-2225 [SFT_MPH][Displaycontrol][AIO] User cannot access the tooltip info by pressing Tab+Enter/Space keys only for Color Adjustment when we navigate using Tab button. • HPXWC-12643 [SFT_MPH][DisplayControl][AIO][Dark] When we hover over (i) tooltip, text is getting disappear within second and not visible in dark mode. • HPXAPPS-1797 [Privacy] [High Contrast] Hover over manage option, the text doesn't show hover effect • HPXAPPS-1796 [Privacy] [High Contrast] Manage option button is displayed in the box on high contrast modes • HPXWC-12375 [Keyboard][HighContrast] Some text are missing on Keyboard header after applying contrast themes. • HPXAPPS-1333 [SFT_MPH][HighContrast][PCDevice] Observed black bars on hover over the cards on applying high contrast themes. • HPXWC-12679 [SFT_MPH][OTA][ScreenDistance][HighContrast] Tooltip Message is not show properly after applying color contrast theme • HPXWC-12663 [Pen] Circle and section border color not matching with Figma and Pen tip highlight is not covering entire tip with blue color and more observations found in main branch build. • HPXWC-12703 [PenControl] Pen Control does not remember updated header name on relaunch HPX • HPXAPPS-2164 [SFT_MPH][Registration] In Registration when we hover on "Skip this step" Button we are able to see underline. • HPXWC-12597 [HPX][HighContrast][RNUpgrade] The strings "Mouse sensitivity" is no visible when set high contrast mode. • HPXAPPS-2166 [SFT_MPH][OTA_FFT][HomePage] Narrator is narrating the "view all controls" as custom instead of link/button. • HPXWC-12159 [SFT_MPH][SystemControl] Tab place holder is covering too much space for some elements • HPXAPPS-2243 [SettingsNative] Settings tabs is not clickable properly • HPXAPPS-1603 [SettingsNativeView] In settings in Highcontrast themes there is no border separation in Header • HPXWC-12632 Intermittently foreground application is not getting highlighted in the app setting bar | G57: 1. Home Page 2. Video Control - SmartCam v3.2307.98 3. Audio Control 4. Display Control - display control driver: 5.2.35.0 5. Support 6. Settings 7. System Control 8. Screen Distance 9. Screen Time 10. Trackpad 11. Pen Control Plus | I57: V | J57: V | L57: V | M57: V | N57: V | O57: V | P57: V | Q57: V | R57: V | S57: V | V57: V | Z57: V | AA57: V | AB57: V | AC57: V | AD57: V | AH57: V | AI57: V | AJ57: V | AK57: V | AL57: V | AM57: V | AN57: V | AO57: V | AP57: V | AQ57: V | AR57: V | AS57: V | AT57: V | AU57: V | AV57: V | AW57: V | AX57: V | AY57: V | BG57: V | BH57: V | BK57: V | BL57: V | BM57: V | BN57: V | BO57: V | BP57: V | BQ57: V | BR57: V | BS57: V | BT57: V | BU57: V | BV57: V
A58: 45152 | B58: HPX | C58: Production Build | D58: 25.52332.502.0.A.1 | E58: P0154M-B2T | F58: NOTE: When testing, please turn off auto update in MS Store app first to avoid being automatically updated to the latest version on MS Store. For: 23C2 Platforms except Tuffy, Willie, Herbie 24C1 Platforms Main changes: • Update SmartCam to v3.2307.98 • HPXAPPS-2209 [SFT_MPH][OTA_FFT][DisplayControl][AIO] Few second delay loading Display Control and other cards under Home page and PC Device page • HPXWC-12772 [SFT_MPH][OTA_FFT][HPPK] Few seconds delay is observed to loading programmable key card on Home page • HPXWC-12733 [SFT_MPH][OTA][SystemControl] Few second delay loading System Control card under PC Device page • HPXWC-12773 [SFT_MPH][OTA][Audio Control] Few seconds delay is observed in Audio control module loading while HPX app launch • HPXAPPS-2264 Clicking on the account icon does nothing • HPXWC-11945 [SFT_MPH][PenControl] Delay is observed to show Pen Control module in the Navigation bar • HPXWC-10041 [SFT_MPH][OTA_FFT][SmartCam123] Video control card is displayed after 5secs when launched HPX application | G58: 1. Home Page 2. Video Control - SmartCam v3.2307.98 3. Audio Control 4. Display Control - display control driver: 5.2.35.0 5. Support 6. Settings 7. System Control 8. Screen Distance 9. Screen Time | I58: V | J58: V | L58: V | M58: V | N58: V | O58: V | P58: V | Q58: V | R58: V | S58: V | V58: V | Z58: V | AA58: V | AB58: V | AC58: V | AD58: V | AH58: V | AI58: V | AJ58: V | AK58: V | AL58: V | AM58: V | AN58: V | AO58: V | AP58: V | AQ58: V | AR58: V | AS58: V | AT58: V | AU58: V | AV58: V | AW58: V | AX58: V | AY58: V | BG58: V | BH58: V | BK58: V | BN58: V | BO58: V | BP58: V | BQ58: V | BR58: V
A59: 45159 | B59: HPX | C59: Staging Build | D59: 25.42333.721.0.A.1 | E59: P0154M-B2V | F59: NOTE: When testing, please turn off auto update in MS Store app first to avoid being automatically updated to the latest version on MS Store. For: 23C2 Willie, Herbie Main changes: • HPXAPPS-2209 [SFT_MPH][OTA_FFT][DisplayControl][AIO] Few second delay loading Display Control and other cards under Home page and PC Device page • HPXAPPS-1799 Integrate the HPID Login Dialog with the Sign In button • HPXAPPS-1623 [SIO2195914] HPX always open automatically after the unit restarts. • HPXWC-11678 [Gesture] HPX backend implementation (Negut) - 1 • HPXWC-12573 Resolve all shortcut files (.lnk) to link to its actual executable file (.exe) • HPXWC-12805 [SFT_MPH][DisplayControl][AIO][L10N] Text cut off is observed for backspace descriptions in few languages. • HPXWC-12658 [SFT_MPH][OTA_FFT][DisplayControl][AIO][HighContrast] Brightness & contrast tooltip edge border is not proper when we apply high contrast. • HPXAPPS-2191 [Offline] The Hyperlink 'Connect' on the offline banner is not aligned with the preceding string. • HPXWC-12528 [SFT-MPH][Battery] Battery Health doesn't show "Normal" when charger is unplugged and this contradicts with Standalone Application. • HPXWC-11023 [Bopeep ST] High Contrast themes layout • HPXAPPS-1602 [SettingsNativeview] When we increase the text size in windows settings make the screen size to smallest there is a text cutoff in Settings Notification tab • HPXAPPS-1203 [Communication][Bell][UI] Implement No New Message and Error Message UI for bell notification flyout • HPXAPPS-1801 Implement accessibility, narrator, highcontrast and darkmode for HPID Landing page • HPXAPPS-1594 [Settings NativeView] When we increase the text size in windows settings make the screen size to smallest we cannot go to about page in settings • HPXWC-10254 [Application Settings] [Context Aware] [NFR] Support Accessibility (WER) Requirements • HPXAPPS-1760 HPX hangs when deeplink incorrect • HPXWC-5720 [SFT_MPH][OTA][Audio] When we click Restore Defaults button in Audio control module then we observed lag in HPX App UI response • HPXAPPS-1787 [SFT_MPH][Registration] 'Skip this step' spacing is not as per Figma. • HPXAPPS-2098 Fix spacing between bell icon and profile icon as per Figma • HPXAPPS-2099 Fix spacing from right to profile icon on top bar • HPXAPPS-2100 Fix spacing between back arrow and myHP logo as per Figma • HPXWC-12775 [Pen][Consumer][DarkMode] Tooltip for battery icon is blank in dark mode. • HPXAPPS-1613 [SFT_MPH][OTA_FFT] Not able to select the hyperlink in Get Details section by using tab and shift+tab keys. • HPXAPPS-2245 [HighContrast][PCDevice][Win11] Card icons are not visible on applying Aquatic contrast themes. • HPXWC-11481 [AudioControl][Bopeep][Accessibility] Narrator read wrongly for Audio controls module • HPXAPPS-198 [CGQA] HP registration page is not localized in ID-ID language • HPXAPPS-2194 [SFT_MPH][OTA_FFT][HighContrast][Core] On applying high contrast themes, hyperlink is getting invisible in Get details section. | G59: 1. Home Page 2. Video Control - SmartCam v3.2307.98 3. Audio Control 4. Display Control - display control driver: 5.2.35.0 5. Support 6. Settings 7. System Control 8. Screen Distance 9. Screen Time 10. Trackpad 11. Pen Control Plus | I59: V | J59: V | L59: V | M59: V | N59: V | O59: V | P59: V | Q59: V | R59: V | S59: V | V59: V | Z59: V | AA59: V | AB59: V | AC59: V | AD59: V | AH59: V | AI59: V | AJ59: V | AK59: V | AL59: V | AM59: V | AN59: V | AO59: V | AP59: V | AQ59: V | AR59: V | AS59: V | AT59: V | AU59: V | AV59: V | AW59: V | AX59: V | AY59: V | BG59: V | BH59: V | BK59: V | BL59: V | BM59: V | BN59: V | BO59: V | BP59: V | BQ59: V | BR59: V | BS59: V | BT59: V | BU59: V | BV59: V
A60: 45166 | B60: HPX | C60: Production Build 8A RC6 | D60: 25.52334.606.0.A.1 | E60: P0154M-B2W | F60: NOTE: When testing, please turn off auto update in MS Store app first to avoid being automatically updated to the latest version on MS Store. For: 23C2 Arti/Articuno Main changes: • HPXAPPS-2357 [Analytics] Even though turn on all the options, no data flow into DB for some units • HPXWC-13062 [SFT_MPH][OTA][SystemControl] Thermal setting modes are not persistent • HPXWC-13064 [SFT_MPH][OTA][SystemControl] Thermal setting modes are unselected after plug charger | G60: 1. Home Page 2. Video Control - SmartCam v3.2307.98 3. Audio Control 4. Display Control - display control driver: 5.2.35.0 5. Support 6. Settings 7. System Control 8. Screen Distance 9. Screen Time 10. Touchpad | I60: V | J60: V | L60: V | M60: V | N60: V | O60: V | P60: V | Q60: V | R60: V | S60: V | V60: V | Z60: V | AA60: V | AB60: V | AC60: V | AD60: V | AH60: V | AI60: V | AJ60: V | AK60: V | AL60: V | AM60: V | AN60: V | AO60: V | AP60: V | AQ60: V | AR60: V | AS60: V | AT60: V | AU60: V | AV60: V | AW60: V | AX60: V | AY60: V | BG60: V | BH60: V | BK60: V | BL60: V | BM60: V | BN60: V | BO60: V | BP60: V | BQ60: V | BR60: V
A61: 45166 | B61: HPX | C61: Production Build 9A | D61: 25.52334.593.0.A.1 | E61: P0154M-B2X | F61: NOTE: When testing, please turn off auto update in MS Store app first to avoid being automatically updated to the latest version on MS Store. For: 23C2 Platforms except Arti/Articuno 24C1 Platforms Main changes: • HPXAPPS-2012 [SFT_MPH][OTA][Core][DarkMode] In Navigation bar, when we click on any module name, color is changing in blue • HPXAPPS-2017 [MyAccount] My Account page is empty • HPXWC-12480 [SFT_MPH][OTA_FFT][AudioControl] Intermittent Audio Presets is not grayed out after connecting 3.5mm headset • HPXWC-12474 [SIO2197547] The 'Adaptive Audio' will change back to 'Auto' when re-launch HPX after manually setting it to 'Far from display/Near to display' in HPX Audio Control. • HPXAPPS-2115 [HPX] HPX crashes when clicking 'pc device' page after goes in to any module page on latest build. • HPXAPPS-947 [ServiceRouting] Profile icon shows empty after clicking on any tiles on Home page • HPXWC-12574 [Bopeep][ScreenDistance] Screen distance toggle will show wrong status after clicking Restore default button • HPXWC-12569 [Bopeep][ScreenTime] Screen time toggle's status is opposite with its actual status • HPXAPPS-2163 [SFT_MPH][Registration] By clicking 'HP Privacy Statement' link is not navigating to browser/Not functional at all. • HPXWC-12629 [AudioControl] Not able to turn on Noise Reduction toggle • HPXWC-12645 [SFT_MPH][OTA][AudioControl] Noise reduction is missing after relaunching HPX application • HPXAPPS-2264 Clicking on the account icon does nothing • HPXAPPS-2209 [SFT_MPH][OTA_FFT][DisplayControl][AIO] Few second delay loading Display Control and other cards under Home page and PC Device page • HPXAPPS-1765 [SFT_MPH][OTA_FFT][Core] After pressing F12 hotkey, "Devices" page is not opening in left nav. • HPXWC-12963 [SFT_MPH][OTA][AudioControl] No presets are selected after selecting movie and relaunching the application on Roku/Montes platform • HPXAPPS-2425 [SNN] When user does not see Strictly Necessary Notice in UI, the registry NecessaryNoticeShown is set to 1 • HPXWC-11987 [SIO2194826] Equalizer 10-ban values will change from '0' to '-6' after selecting a preset mode then re-launching HPX Audio Control. • HPXWC-13031 [SFT_MPH][OTA][SystemControl] System Control module is showing on Weller platform. • HPXWC-12486 [AudioControl] There should have no logo on cDT Tower PC(OPP\ENVY\Pavilion) • HPXWC-12171 SIO2195971/SIO2196420 - [Arctic/Arctic_OC] "AUDIO BY BANG & OLUFSEN" logo shows in myHP/Audio control when plug the speaker into rear line out port. • HPXWC-12410 [Sys Control][UI] update the cool mode name to '冷却' in China image. • HPXWC-12330 [Bopeep SD][Translation] Implement August localization strings • HPXAPPS-908 [Bopeep ST] 1738px layout implementation • HPXAPPS-525 [HomePage] Re-enable the "Next Steps" section of the Home page • HPXSUP-1747 [Translation] Support 7 new languages for diagnostics tools • HPXWC-11416 [System Control] Hide system control module if standalone app is installed and update feature flag as well. • HPXAPPS-1596 [SettingsNativeView] In settings in Dark Mode There is no border separation in Header • HPXAPPS-2242 [Settings-NativeView] In High Contrast themes, Settings string is missing in Settings Header • HPXAPPS-1798 Implement the Landing page for HPID • HPXWC-11023 [Bopeep ST] High Contrast themes layout • HPXWC-12779 Generate/write unit test cases using GitHub Copilot for PCDevice/featureCard component • HPXAPPS-1801 Implement accessibility, narrator, highcontrast and darkmode for HPID Landing page • HPXWC-10254 [Application Settings] [Context Aware] [NFR] Support Accessibility (WER) Requirements • HPXAPPS-1799 Integrate the HPID Login Dialog with the Sign In button • HPXAPPS-1623 [SIO2195914] HPX always open automatically after the unit restarts. • HPXWC-12324 [Sys Control][Focus mode] Migrate to HPX (win32) • HPXWC-10170 [Sys Control][ELP] UI/win32 call SDK • HPXAPPS-1800 Add analytics to the Landing screen of the HPID Login • HPXAPPS-2334 [Analytics]Update HPManifest xml file to enable strictly necessary registry path in hpx • HPXWC-12840 [Bopeep SD] Update camera shutter notification icon for support high contrast theme • HPXWC-10738 [Display][Native] - Add Application • HPXWC-10734 [Display][Native] - Build and Save All App settings • HPXWC-12469 [SFT_MPH][OTA][AudioControl][DarkMode][Zonin] Dark mode is not applied for settings tab • HPXWC-6984 [SFT_MPH][PenControl] Intermittently Header issues are observed in the UI of the module. • HPXAPPS-1157 [Pen][PPR] Header Incorect naming section spacing • HPXWC-12436 Pencontrol uses interal APIs of feature switch • HPXWC-12509 [PCDevice][HighContrast] Some text are missing on PCdevice header after applying contrast themes. • HPXWC-12302 [Pen] Observations found in high contrast themes. • HPXWC-12500 [SFT_MPH][PenControl] The name of the pen is displayed dark when clicked on the Edit button • HPXAPPS-252 SIO2169521 Missing "Use the HP Virtual Assistant" and "Run hardware diagnostics" under HPX/Support/Device support/Guided troubleshooting with build • HPXAPPS-1787 [SFT_MPH][Registration] 'Skip this step' spacing is not as per Figma. • HPXAPPS-1088 [HighContrast] The hyperlink inside PC modal is not displaying in high contrast modes • HPXAPPS-1085 [HighContrast][PCDevice] Color of Get details link and View data collected are not changing as per theme selection. • HPXAPPS-1101 [SFT_MPH][SystemControl] User cannot access the tooltip info by pressing Tab+Enter/Space keys • HPXAPPS-243 [Registration][DarkMode] Hover over the inputs fields and clickable buttons are not as expected on registration page in dark mode • HPXWC-12578 [SFT_MPH][PenControl] Restore default settings are not getting applied to the hover click Toggle switches • HPXWC-12302 [Pen] Observations found in high contrast themes. • HPXAPPS-1717 [SFT_MPH][OTA][Services] HP privacy link is not highlighting with underline in warranty-View data collected • HPXAPPS-691 [ServiceRouting][Home] Card Icon are missing when we navigate back to home page from Interstitial screen. • HPXAPPS-972 [SFT_MPH][EIT][Bell][ServiceRouting] Bell Icon vanishes while we navigate back from recommended for you cards in home page • HPXAPPS-1718 [SFT_MPH][OTA][PCDevice][TAB] When we increase text size, Text is not highlighting properly using TAB key • HPXAPPS-2013 [SFT_MPH][OTA][Home][TabNavigation] Able to navigate to non-pressable events like control your PC • HPXAPPS-1038 [SFT_MPH][PCDevice] Text cut-off and overlapping observed when increasing text size to maximum • HPXAPPS-1180 [SFT_MPH][Services] Able to redirect to myaccount page and displays error while clicked on go to my account immediately after clicking on sign-out • HPXAPPS-2022 [High Contrast] myHP is showing partial effect when we switch between different high contrast modes • HPXAPPS-1073 [SFT_MPH][PCDevice] Not able to navigate "Allow personalized support" window in Get Details section by using keyboard. • HPXWC-11875 [ScreenTime][TPE_SFT][Accessibility]Info icon cannot be reached by tab or arrow key • HPXWC-12032 [PCDevice][ScreenTime][HighContrast] Screentime module Icon is not changing as per high contrast theme. • HPXAPPS-2210 [Settings] SNN shows up and disappears in settings Privacy tab • HPXWC-12634 [Pen][High Contrast] Tooltip Text is not visible for edit pen name for unauthorized numeric symbol • HPXAPPS-1699 [SFT_MPH][Core][Narrator] Narrator is reading as pane for all modules • HPXAPPS-2193 [SFT_MPH][OTA][HomePage][Tab] Entire Home page is selected while tab navigating • HPXAPPS-2023 [SFT_MPH][DisplayControl][AIO][TAB] Using Tab+Enter Key “HDMI Input OSD Help” model is not getting pop-up • HPXWC-12170 [SFT_MPH][DisplayControl][AIO][Narrator] Narrator reads am/pm box unclearly • HPXWC-12650 [PCDevice] If we make text size to largest then product number value click tooltip is not as per figma • HPXAPPS-1399 [Service] myHP stuck loading when launched from HPID . • HPXAPPS-2225 [SFT_MPH][Displaycontrol][AIO] User cannot access the tooltip info by pressing Tab+Enter/Space keys only for Color Adjustment when we navigate using Tab button. • HPXWC-12643 [SFT_MPH][DisplayControl][AIO][Dark] When we hover over (i) tooltip, text is getting disappear within second and not visible in dark mode. • HPXAPPS-1797 [Privacy] [High Contrast] Hover over manage option, the text doesn't show hover effect • HPXAPPS-1796 [Privacy] [High Contrast] Manage option button is displayed in the box on high contrast modes • HPXWC-12375 [Keyboard][HighContrast] Some text are missing on Keyboard header after applying contrast themes. • HPXAPPS-1333 [SFT_MPH][HighContrast][PCDevice] Observed black bars on hover over the cards on applying high contrast themes. • HPXWC-12679 [SFT_MPH][OTA][ScreenDistance][HighContrast] Tooltip Message is not show properly after applying color contrast theme • HPXWC-12663 [Pen] Circle and section border color not matching with Figma and Pen tip highlight is not covering entire tip with blue color and more observations found in main branch build. • HPXWC-12703 [PenControl] Pen Control does not remember updated header name on relaunch HPX • HPXAPPS-2164 [SFT_MPH][Registration] In Registration when we hover on "Skip this step" Button we are able to see underline. • HPXAPPS-2166 [SFT_MPH][OTA_FFT][HomePage] Narrator is narrating the "view all controls" as custom instead of link/button. • HPXWC-12159 [SFT_MPH][SystemControl] Tab place holder is covering too much space for some elements • HPXWC-12632 Intermittently foreground application is not getting highlighted in the app setting bar • HPXWC-5720 [SFT_MPH][OTA][Audio] When we click Restore Defaults button in Audio control module then we observed lag in HPX App UI response • HPXAPPS-1787 [SFT_MPH][Registration] 'Skip this step' spacing is not as per Figma. • HPXAPPS-2098 Fix spacing between bell icon and profile icon as per Figma • HPXAPPS-2099 Fix spacing from right to profile icon on top bar • HPXAPPS-2100 Fix spacing between back arrow and myHP logo as per Figma • HPXWC-12775 [Pen][Consumer][DarkMode] Tooltip for battery icon is blank in dark mode. • HPXWC-12287 [Mouse][HighContrast] Some text are missing on Mouse header after applying contrast themes. • HPXAPPS-2245 [HighContrast][PCDevice][Win11] Card icons are not visible on applying Aquatic contrast themes. • HPXWC-11481 [AudioControl][Bopeep][Accessibility] Narrator read wrongly for Audio controls module • HPXAPPS-2194 [SFT_MPH][OTA_FFT][HighContrast][Core] On applying high contrast themes, hyperlink is getting invisible in Get details section. • HPXWC-12805 [SFT_MPH][DisplayControl][AIO][L10N] Text cut off is observed for backspace descriptions in few languages. • HPXWC-12658 [SFT_MPH][OTA_FFT][DisplayControl][AIO][HighContrast] Brightness & contrast tooltip edge border is not proper when we apply high contrast. • HPXAPPS-2191 [Offline] The Hyperlink 'Connect' on the offline banner is not aligned with the preceding string. • HPXWC-11909 [ExtKeyboard][Accessibility][HighContrast] Configure key icon can not see clear when turn on high contrast theme and hover on key in keyboard. • HPXWC-6419 [SFT_MPH][AudioControl] In Hamburger menu PC audio string is showing • HPXWC-12205 [SFT_MPH][DisplayControl][AIO] When we drag RGB slider with the arrow keys of keyboard, Its moving back to old value first and after that going to original value which we selected • HPXWC-12633 [SFT_MPH][PenControl] The alignment of the pen name and pen icon is not as per the figma • HPXWC-11214 [SIO2191735] The sound will interrupt 1s when launch HPX during audio playback. • HPXSUP-1859 [Support][Cybersec][STS2023-1407] - PESecurity tool - Error - Safe exception error handler - SafeSEH • HPXAPPS-1722 [SignIn] Support home is totally blank when sign in on home page • HPXWC-12831 [SFT_MPH][PCDevice] Observed the Product number and Serial number popup window is blinking on Cybug platform. • HPXAPPS-1720 [SFT_MPH][First Use Privacy][Services] Tab and Narrator Placeholder is not covering properly at a time. • HPXAPPS-1080 [HighContrast] Profile Flyout has not observed High contrast themes properly. • HPXAPPS-248 [SFT_MPH][Core] Intermittently "myHP" Logo is missing. • HPXAPPS-1339 [NavigationBar] Sometimes, Navigation bar doesn't turn to Support when click the Support section under PC Device page • HPXAPPS-1081 [CGQA]Profile icon should be transparent without any square background • HPXAPPS-2087 [SFT_MPH][OTA][Settings] Link(text) in the about tab are not arranged and alligned properly on london platform • HPXWC-11794 [SystemControl][TPE_SFT][Accessibility]Information icon doesn't show hint when tab navigated to there. • HPXWC-11577 SIO2192748 - The Trackpad icon was the same as Support icon in myHP. • HPXAPPS-1152 [Accessibility][Settings] Privacy and About page hyperlinks and selected text doesn't match High Contrast themes • HPXWC-12969 [SFT_MPH][OTA][ScreenTime] Not able to uncheck the Do not show again check box • HPXWC-12803 [SFT_MPH][ContextAware] Size difference seen on Cancel button in application page UI Compared to figma • HPXWC-12966 [SFT_MPH][OTA_FFT][AudioControl] Cut off is seen in strings when we enable narrator and navigate through tab button. | G61: 1. Home Page 2. Video Control - SmartCam v3.2307.98 3. Audio Control 4. Display Control - display control driver: 5.2.35.0 5. Support 6. Settings 7. System Control 8. Screen Distance 9. Screen Time 10. Touchpad | I61: V | J61: V | L61: V | M61: V | N61: V | O61: V | P61: V | Q61: V | R61: V | S61: V | V61: V | Z61: V | AA61: V | AB61: V | AC61: V | AD61: V | AH61: V | AI61: V | AJ61: V | AK61: V | AL61: V | AM61: V | AN61: V | AO61: V | AP61: V | AQ61: V | AR61: V | AS61: V | AT61: V | AU61: V | AV61: V | AW61: V | AX61: V | AY61: V | BG61: V | BH61: V | BK61: V | BL61: V | BM61: V | BN61: V | BO61: V | BP61: V | BQ61: V | BR61: V
A62: 45173 | B62: HPX | C62: Production Build 9A RC1 | D62: 25.52335.641.0.A.1 | E62: P0154M-B2Z | F62: NOTE: When testing, please turn off auto update in MS Store app first to avoid being automatically updated to the latest version on MS Store. For: 23C2 Platforms Willie, Herbie, Lapras, OskiR6U 24C1 Platforms Main changes: • Update SmartCam to v3.2309.103 • HPXAPPS-2580 HP main app process is still alive in the background after closing the application • HPXWC-12823 [SIO2197884][Escalation][VideoControl] HPED13.5G3/KPMG/Webcam Freezing with Auto Frame enabled/PC APJ/IN • HPXAPPS-2361 [Analytics] Getting dataingress client ID and URL config into HPX build to access from native side • HPXWC-12930 [system control] Write unit test cases for Rdux, Saga and TooltipLabel • HPXWC-10718 [Display]Native] - Remove backspace from Help dialog • HPXWC-12653 [SFT_MPH][DisplayControl][AIO][TAB] Navigate to Advance setting page using Tab Key, Tab border is not showing for whole advance setting page properly. • HPXWC-10743 [Display][Native] - Switch the application • HPXWC-10728 [Display][Native] - Save application setting whenever user changes • HPXWC-10736 [Display][Native] - Restore Default for All Applications • ⁠HPXWC-12656 [ApplicationSettings][Context Aware] Improve code coverage for @contextaware/service library • HPXWC-13189 [DT42-VIdeo] Integrate 3.2309.103 for 9A release • HPXAPPS-2660 Update DataCollection • HPXAPPS-2549 Double hamburger menu icon after changing the screen size while loading • HPXWC-12256 [SIO2196265] There is no response when press the F12 key and then click PC name/breadcrumb in Programmable key. • HPXWC-12909 [SFT_MPH][ContextAware][Accessibility] Close Tooltip icon cut-off seen when navigate through tab • HPXWC-11822 [ScreenDistance][TPE_SFT][Accessibility]Narrator read wrong type when navigated by tab or arrow key and press enter or space key • HPXWC-11827 [ScreenDistance][TPE_SFT][Accessibility]Cannot selected titles, descriptions and information icons by swiping with 3 fingers • HPXWC-11823 [ScreenDistance][TPE_SFT][Accessibility]Accessibility Insights for Windows, Inspect shows wrong type • HPXWC-11825 [ScreenDistance][TPE_SFT][Accessibility]Narrator only read single word of description when touched • HPXWC-13112 [SFT_MPH][PCDevice] Highlighter is overlapping with text in the System's name by navigating with tab key on using keyboard. • HPXAPPS-2562 [SFT_MPH][OTA][HomePage] Whenever we launch HPX application or Navigate to Home, 2-3 seconds Internal Cards are not displaying on there right place • HPXWC-12931 [ContextAware] The left arrow and right arrow, visible after adding fifth application, are not clickable. • HPXAPPS-1564 [SFT_MPH][Tab][Registration] On selection of 'hp' logo by using tab, observed that tab place holder occupied more space. • HPXWC-13060 [SIO2196134] System Control displays English rather than Simplified Chinese in Simplified Chinese image • HPXWC-10159 SIO2186880 - The contents in trackpad show EN in myHP on non-EN image. • HPXWC-12948 [Display Control] [AUID] Low blue light tool tip text in advanced settings in display control has missing AUID • HPXAPPS-1594 [Settings NativeView] When we increase the text size in windows settings make the screen size to smallest we cannot go to about page in settings • HPXWC-13133 [PenControl] Restore Default text is not shown as per figma. • HPXAPPS-2201 [SFT_MPH][Core] Observed text and "x" close button cutoff in the Get Details section, when increasing the text size to maximum. • HPXAPPS-2615 [Feedback][Narrator] Some texts are not getting narrated • HPXWC-13066 [PCDevice] Privacy Alert and Auto dimming cards under pcdevice not changing text with "fr-CA", "es-ES", "es-MX" language • HPXAPPS-186 [SFT_MPH][Registration][HighContrast] High Contrast theme is not applied Properly on Registration Page and HP logo is not visible properly for Aquatic Theme | G62: 1. Home Page 2. Video Control - SmartCam v3.2309.103 3. Audio Control 4. Display Control - display control driver: 5.2.35.0 5. Support 6. Settings 7. System Control 8. Screen Distance 9. Screen Time 10. Touchpad 11. Pen Control | I62: V | J62: V | L62: V | M62: V | N62: V | O62: V | P62: V | Q62: V | R62: V | S62: V | V62: V | Z62: V | AA62: V | AB62: V | AC62: V | AD62: V | AE62: V | AF62: V | AH62: V | AI62: V | AJ62: V | AK62: V | AL62: V | AM62: V | AN62: V | AO62: V | AP62: V | AQ62: V | AR62: V | AS62: V | AT62: V | AU62: V | AV62: V | AW62: V | AX62: V | AY62: V | BG62: V | BH62: V | BK62: V | BL62: V | BM62: V | BN62: V | BO62: V | BP62: V | BQ62: V | BR62: V | BS62: V | BT62: V | BU62: V | BV62: V
