Workbook
Name DATA: #REF!

Sheet Module Owners
A1: myHP
A2: Module/Scope | B2: Assign to Component | C2: Owner
A3: Core/Generic for consumer | B3: myHP | C3: Lee, Su-Hau <su-hau.lee1@hp.com>; Huang, Alex <alex.huang@hp.com>
A4: Core/Generic for CMIT | B4: myHP for CMIT | C4: Lee, Su-Hau <su-hau.lee1@hp.com>; Huang, Alex <alex.huang@hp.com>
A5: Consumer Audio Controls | B5: myHP module_Audio Control | C5: Huang, Alex <alex.huang@hp.com>
A6: Consumer myHP Audio Switch | B6: myHP module_Audio Switch | C6: Huang, Alex <alex.huang@hp.com>
A7: Consumer Display Control | B7: myHP module_Display Control | C7: Wang, Vicky (Consumer SWPM) <vicky.wang3@hp.com>
A8: CMIT Programmable Key | B8: myHP module_Programmable Key | C8: Narayanappa, Geetha (CW-Mphasis - SFT) <geetha.narayanappa1@hp.com>; Armstrong, Sridhar (CW) <sridhar.armstrong@hp.com>
A9: SmartCam 1, SmartCam 2 | B9: myHP module_SmartCam | C9: Hsiao, Steven (CW-CW DSAI) <steven.hsiao@hp.com>, Wang, Vicky (Consumer SWPM) <vicky.wang3@hp.com>
A10: SmartCam 3 | B10: myHP module_SmartCam3 | C10: Hsiao, Steven (CW-CW DSAI) <steven.hsiao@hp.com>, Wang, Vicky (Consumer SWPM) <vicky.wang3@hp.com>
A11: CMIT IC1.0 | B11: myHP module_IC1.0 | C11: Armstrong, Sridhar (CW) <sridhar.armstrong@hp.com>
A12: CMIT Smart Experiences | B12: myHP module_Smart Experiences | C12: Guru, Anand <anand.guru@hp.com>
A13: CMIT Audio Controls | B13: myHP module_CMITAudio | C13: Jagdale, Shailesh (CW-Capgemini -WW PM) <shailesh.jagdale@hp.com>
A15: HPX
A16: Module/Scope | B16: Assign to Component | C16: Owner
A17: Core/Generic for consumer | B17: HPX | C17: Lee, Su-Hau <su-hau.lee1@hp.com>; Huang, Alex <alex.huang@hp.com>
A18: Core/Generic for CMIT | B18: HPX for CMIT | C18: Lee, Su-Hau <su-hau.lee1@hp.com>; Huang, Alex <alex.huang@hp.com>
A19: Consumer Audio Controls | B19: HPX_Audio Control | C19: Huang, Alex <alex.huang@hp.com> (NB: Katherine Wei DT: Ken Chiu)
A20: Consumer myHP Audio Switch | B20: HPX_Audio Switch | C20: Huang, Alex <alex.huang@hp.com>
A21: Consumer Display Control | B21: HPX_Display Control | C21: JADHAV, SANJEEV (CW) <sanjeev.jadhav@hp.com> (Wang, Vicky (Consumer SWPM) <vicky.wang3@hp.com>)
A22: CMIT Programmable Key | B22: HPX_Programmable Key | C22: Narayanappa, Geetha (CW-Mphasis - SFT) <geetha.narayanappa1@hp.com>; Armstrong, Sridhar (CW) <sridhar.armstrong@hp.com>
A23: SmartCam 1, SmartCam 2 | B23: HPX_SmartCam 2.0 | C23: Hsiao, Steven (CW-CW DSAI) <steven.hsiao@hp.com> (Wang, Vicky (Consumer SWPM) <vicky.wang3@hp.com>)
A24: SmartCam 3.5 | B24: HPX_SmartCam3.5 | C24: Hsiao, Steven (CW-CW DSAI) <steven.hsiao@hp.com> (Wang, Vicky (Consumer SWPM) <vicky.wang3@hp.com>)
A25: CMIT Smart Experiences | B25: HPX_Smart Experiences | C25: Narayanappa, Geetha (CW-Mphasis - SFT) <geetha.narayanappa1@hp.com>
A26: Pen Control (Consumer) | B26: HPX_Pen Control | C26: Lin, Makayla <makaylal@hp.com> (Patel, Jay (CW) <jay.patel@hp.com>)
A27: 5G | B27: HPX_5G | C27: Huang, Alex <alex.huang@hp.com>
... A37: System Control (Consumer) | B37: HPX_System Control | C37: Tsai, TC CPS SE <tc.tsai@hp.com> (Tsai, Josette <josette.tsai@hp.com>)
A38: System Control (Commercial) | B38: HPX_System Control_CMIT
A39: Battery Manager (Commercial) | B39: HPX_Battery Manager_CMIT
A40: Wi-Fi Sharing (Consumer) | B40: HPX_WiFi Sharing | C40: Tsai, Josette <josette.tsai@hp.com>

Sheet HPX Version
H1: Main Feature | I1: Auto Launch | J1: First Use Flow | K1: Audio Switch (Appears in taskband) | L1: Home Page | M1: Support | N1: Audio Control | Y1: Video Control | AR1: Presence Detection | AT1: Network Booster | AV1: HP Programmable Key | AX1: System Control | AZ1: Settings | BA1: Pen | BB1: Battery Manager | BC1: Screen Time | BD1: Screen Distance | BE1: Gesture | BF1: Docking | BG1: Energy Consumption | BH1: Camera and presence detection | BI1: HP GO | BJ1: Smart Displays | BK1: Look To Move
H2: Sub-Feature | O2: Audio Levels | P2: Noise Cancellation/ AI Noise Removal | Q2: Equalizer | R2: Speaker Swap | S2: Speaker Configuration (only in Tower PC) | T2: Dynamic Audio | U2: Audio Personalization | V2: AI Dynamic Spatial effect | W2: Studio Recording Mode | X2: Restore Default | Z2: Feature Byte | AA2: Auto Frame | AB2: Low Light | AC2: Backlight | AD2: Background Blur/Image | AE2: Auto and Manual Keystone | AF2: Be-Right-Back | AG2: Video and Image Capture/PDF | AH2: Live Stream | AI2: Rotate/Zoom/Pan | AJ2: Output Resolution | AK2: Skin Color Correction | AL2: Appearance Filter | AM2: Presence Share | AN2: Multicamera (Mixer tab) | AO2: Auto Camera Select | AP2: Gallery Mode | AQ2: Anti-Flicker (Selected platforms. Open MS Camera app and check Video Settings. If Flicker reduction is supported, Anti-flicker will be shown in SmartCam) | AR2: Privacy Alert | AS2: Auto Screen Dimming | AU2: Mode switch (bandwidth prioritization) - non Evo sku only | AW2: App, Website, Folder, File Launch | AY2: Smart Resource Optimizer
A3: Date | B3: Component | C3: Build Type | D3: Version | E3: Part Number(IRS) | F3: Release Notes | G3: Modules Enabled
A4: 44908 | B4: HPX for CMIT | C4: Dev Build | D4: 25.12249.42.0.A.1 | E4: P014C9-B2A | F4: For 2023 NPI, CFR on or after 1/3 platforms Changes: First HPX Dev Track build Known issues: 1. HPX doesn't work in offline mode yet 2. HP ID (Sign In) only works in HP network 3. The Welcome page only works in HP network 4. The Support page only works in HP network 5. SmartCam2 preview camera is always in "Please wait" state | G4: 1. Welcome Page 2. Video Control - SmartCam 2 (if the system has SmartCam2 feature byte qj) - SmartCam 3.5.14.0 (if the system has SmartCam3 feature byte qM) 3. HP Programmable Key 4. Privacy alert 5. Auto Screen Dimming 6. Support 7. Settings | I4: V | J4: V | L4: V | M4: V | Y4: V | Z4: V | AA4: V | AB4: V | AC4: V | AD4: V | AE4: V | AF4: V | AG4: V | AH4: V | AI4: V | AJ4: V | AK4: V | AL4: V | AM4: V | AN4: V | AO4: V | AR4: V | AS4: V | AV4: V | AW4: V | AZ4: V
A5: 44914 | B5: HPX for CMIT | C5: Dev Build | D5: 25.12251.139.0.A.1 | E5: P014C9-B2B | F5: For 2023 NPI, CFR on or after 1/3 platforms Main changes: • Update SmartCam to 3.5.20.0 • Redundant control cards will not show • Sound Calibration removed • Performance enhancement • Localization fixes • Fixed HPX shows white screen when launch in offline mode Known issues: 1. HP ID (Sign In) only works in HP network 2. The Support page content only shows in HP network 3. SmartCam2 preview camera is always in "Please wait" state | G5: 1. Welcome Page 2. Video Control - SmartCam 2 (if the system has SmartCam2 feature byte qj) - SmartCam 3.5.20.0 (if the system has SmartCam3 feature byte qM) 3. HP Programmable Key 4. Privacy alert 5. Auto Screen Dimming 6. Support 7. Settings | I5: V | J5: V | L5: V | M5: V | Y5: V | Z5: V | AA5: V | AB5: V | AC5: V | AD5: V | AE5: V | AF5: V | AG5: V | AH5: V | AI5: V | AJ5: V | AK5: V | AL5: V | AM5: V | AN5: V | AO5: V | AR5: V | AS5: V | AV5: V | AW5: V | AZ5: V
A6: 44932 | B6: HPX for CMIT | C6: ITG Build | D6: 25.22301.11.0.A.1 | E6: P014C9-B2C | F6: For 2023 NPI, CFR on or after 1/10 platforms Main changes: - Update SmartCam to 3.5.26.0 - HPXWC-5009\Flyout menu in Arabic language appears in wrong side (they should appear in right side) - HPXWC-5126\[Home Page] PC Control Section does not render on Home page - HPXWC-5133\To enable for getting all the keys from the AKV - HPXWC-3399\[CGQA] Thank you! screen UI is not same as design specification - HPXWC-5062\[HPX][L10N] HP registration page not localized with some languages - HPXWC-5027\[SFT_MPH][OTA][VideoControl] Video control module is not visible in HPX V.25.12251.154.0 - Removed Privacy Settings in First Use Flow - Removed Mouse from menu Known issues: 1. HP ID (Sign In) only works in HP network 2. The Support page content only shows in HP network 3. SmartCam2 preview camera is always in "Please wait" state | G6: 1. Welcome Page 2. Video Control - SmartCam 2 (if the system has SmartCam2 feature byte qj) - SmartCam 3.5.26.0 (if the system has SmartCam3 feature byte qM) 3. HP Programmable Key 4. Privacy alert 5. Auto Screen Dimming 6. Support 7. Settings | I6: V | J6: V | L6: V | M6: V | Y6: V | Z6: V | AA6: V | AB6: V | AC6: V | AD6: V | AE6: V | AF6: V | AG6: V | AH6: V | AI6: V | AJ6: V | AK6: V | AL6: V | AM6: V | AN6: V | AO6: V | AR6: V | AS6: V | AV6: V | AW6: V | AZ6: V
A7: 44935 | B7: HPX for CMIT | C7: ITG Build | D7: 25.22302.22.0.A.1 | E7: P014C9-B2D | F7: For 2023 NPI, CFR on or after 1/10 platforms Main changes: - HPXWC-5281\Update SmartCam Nuget package to 3.5.30 - HPXWC-5009\Flyout menu in Arabic language appears in wrong side (they should appear in right side) - HPXWC-5126\[Home Page] PC Control Section does not render on Home page - HPXWC-5133\To enable for getting all the keys from the AKV - HPXWC-3399\[CGQA] Thank you! screen UI is not same as design specification - HPXWC-5062\[HPX][L10N] HP registration page not localized with some languages - HPXWC-5027\[SFT_MPH][OTA][VideoControl] Video control module is not visible in HPX V.25.12251.154.0 - Removed Privacy Settings in First Use Flow - Removed Mouse from menu - HPXWC-5286\[London]"Programmable key" not able to launch from "Home page". - HPXWC-4923\Update translation files to be in line with the latest spec - HPXWC-4741\SIO2161423 - [CommercialPC:AsteroidsR/GalaxianR/PacmanR] Some words not localization in HPX on non-English image. - HPXWC-5072\SIO2163859 - Prompt text has "& apos;" in Programmable key in French image - HPXWC-4947\ SIO2162928 - UI show black page when launch HPX without internet Known issues: 1. HP ID (Sign In) only works in HP network 2. The Support page content only shows in HP network 3. SmartCam2 preview camera is always in "Please wait" state | G7: 1. Welcome Page 2. Video Control - SmartCam 2 (if the system has SmartCam2 feature byte qj) - SmartCam 3.5.30.0 (if the system has SmartCam3 feature byte qM) 3. HP Programmable Key 4. Privacy alert 5. Auto Screen Dimming 6. Keyboard 7. Support 8. Settings | I7: V | J7: V | L7: V | M7: V | Y7: V | Z7: V | AA7: V | AB7: V | AC7: V | AD7: V | AE7: V | AF7: V | AG7: V | AH7: V | AI7: V | AJ7: V | AK7: V | AL7: V | AM7: V | AN7: V | AO7: V | AR7: V | AS7: V | AV7: V | AW7: V | AZ7: V
A8: 44939 | B8: HPX for CMIT | C8: ITG Build | D8: 25.22302.36.0.A.1 | E8: P014C9-B2E | F8: For 2023 NPI, CFR on or after 1/10 platforms Main changes: Keyboard feature removed Fixed SmartCam2 camera preview always show "Please wait" Sign In/Welcome/Support pages can now work in non-HP network • HPXSUP-687\The string "Support" in left navigation isn't translated for id-ID language. • HPXWC-4276\[SFT_MPH][PCDevice] Text cut-off and overlapping observed when increasing text size to maximum • HPXWC-5121\Integrate Localizations and Replace HPDC.dll file • HPXWC-5160\[SFT_MPH][SmartExp][L10N] Extra string for "30 minutes" in Romanian-RO language • HPXWC-5200\[SmartExp]: Loalization support for consent dialog • HPXWC-4982\SIO2162441 - [NB][QTA][SCIT-NPI] Window will auto exit when click "Manage Options" during HPX first use flow • HPXWC-4957\ [SFT_MPH][Registration][L10N] Registration Page is missing in Hebrew Language • HPXWC-5061\[Setup] HPX will crash when first launch with HE-IL language • HPXWC-4864\[SFT_MPH][Registration] Checkbox UI is not matching with figma design • HPXWC-5078\ [SFT-MPH][OTA][Video] Camera preview is greyed out when we click on Video Control module (SC2) • HPXWC-5392\ Add deep link for sublevel items • HPXWC-5240\ Keyboard module seems to be not under any feature switch • HPXSUP-716\ [Support] Support page still not loading, keep flashing with latest ITG build, after implemented the production link. • HPXSUP-623\ [Support home page]- The support home page hangs on loading page • HPXSUP-620\ [Offline] - The Device name/SN/PN are missing. • HPXSUP-625\ [Offline] - No translation on offline page • HPXSUP-628\ [Offline] - We still show up Phone card in offline even though the location isn't US/CA • HPXSUP-675\ [Offline] - Support icon and the string are too close together in latest build • HPXSUP-395\ [Offlline -Accessibility] - Serval Failures when run Automated checks • HPXSUP-679\ [Custom protocol &Hotkey] The support page always hangs when enter the myhp://support/device in RUN window • HPXSUP-585\ [Offline]-The contents of the call card and web card on the offline page are not aligned • HPXSUP-586\ [Offline]-When zooming out HPX window, the scroll bar is not as expected on offline page. • HPXSUP-616\ [Offline] - The offline UI is different from Mockup • HPXWC-5334\ [SFT_MPH][SmartExp] Privacy Alert page is not opening on clicking toast notification • HPXWC-5072\ SIO2163859 - Prompt text has "& apos;" in Programmable key in French image | G8: 1. Welcome Page 2. Video Control - SmartCam 2 (if the system has SmartCam2 feature byte qj) - SmartCam 3.5.30.0 (if the system has SmartCam3 feature byte qM) 3. HP Programmable Key 4. Privacy alert 5. Auto Screen Dimming 6. Support 7. Settings | I8: V | J8: V | L8: V | M8: V | Y8: V | Z8: V | AA8: V | AB8: V | AC8: V | AD8: V | AE8: V | AF8: V | AG8: V | AH8: V | AI8: V | AJ8: V | AK8: V | AL8: V | AM8: V | AN8: V | AO8: V | AR8: V | AS8: V | AV8: V | AW8: V | AZ8: V
A9: 44942 | B9: HPX for CMIT | C9: Integration Build | D9: 25.22303.43.0.A.1 | E9: P014C9-B2F | F9: For 2023 NPI, CFR on or after 1/10 platforms Main changes: Update Smartcam 3 to 3.5.37.0 Keyboard feature removed Fixed SmartCam2 camera preview always show "Please wait" Sign In/Welcome/Support pages can now work in non-HP network • HPXSUP-687\The string "Support" in left navigation isn't translated for id-ID language. • HPXWC-4276\[SFT_MPH][PCDevice] Text cut-off and overlapping observed when increasing text size to maximum • HPXWC-5121\Integrate Localizations and Replace HPDC.dll file • HPXWC-5160\[SFT_MPH][SmartExp][L10N] Extra string for "30 minutes" in Romanian-RO language • HPXWC-5200\[SmartExp]: Loalization support for consent dialog • HPXWC-4982\SIO2162441 - [NB][QTA][SCIT-NPI] Window will auto exit when click "Manage Options" during HPX first use flow • HPXWC-4957\ [SFT_MPH][Registration][L10N] Registration Page is missing in Hebrew Language • HPXWC-5061\[Setup] HPX will crash when first launch with HE-IL language • HPXWC-4864\[SFT_MPH][Registration] Checkbox UI is not matching with figma design • HPXWC-5078\ [SFT-MPH][OTA][Video] Camera preview is greyed out when we click on Video Control module (SC2) • HPXWC-5392\ Add deep link for sublevel items • HPXWC-5240\ Keyboard module seems to be not under any feature switch • HPXSUP-716\ [Support] Support page still not loading, keep flashing with latest ITG build, after implemented the production link. • HPXSUP-623\ [Support home page]- The support home page hangs on loading page • HPXSUP-620\ [Offline] - The Device name/SN/PN are missing. • HPXSUP-625\ [Offline] - No translation on offline page • HPXSUP-628\ [Offline] - We still show up Phone card in offline even though the location isn't US/CA • HPXSUP-675\ [Offline] - Support icon and the string are too close together in latest build • HPXSUP-395\ [Offlline -Accessibility] - Serval Failures when run Automated checks • HPXSUP-679\ [Custom protocol &Hotkey] The support page always hangs when enter the myhp://support/device in RUN window • HPXSUP-585\ [Offline]-The contents of the call card and web card on the offline page are not aligned • HPXSUP-586\ [Offline]-When zooming out HPX window, the scroll bar is not as expected on offline page. • HPXSUP-616\ [Offline] - The offline UI is different from Mockup • HPXWC-5334\ [SFT_MPH][SmartExp] Privacy Alert page is not opening on clicking toast notification • HPXWC-5072\ SIO2163859 - Prompt text has "& apos;" in Programmable key in French image • HPXWC-5406\ [PCVideo] Show 'start HP Present Video failed' error when trying to launch Video control. • Update Smartcam 3 to 3.5.37.0 • HPXWC-4895\ SIO2162130 - [Pen] Pen Control list under HPX Devices, but HP Pen Settings already installed. • HPXWC-5231\ [Localization] Chinese dialects appear in the wrong dialect • HPXWC-5334\ [SFT_MPH][SmartExp] Privacy Alert page is not opening on clicking toast notification • HPXWC-5315\ [SFT_MPH][RGBKB] "Restore setting" button looks different from figma UI • HPXWC-4931\ State of hamburger menu is not changing in left navigation on hover o HPXWC-5142\ Create a template for System Control in HPX o HPXWC-5417\ [EIT] Even after logging out, the screen remains in the logged-in state. • HPXWC-5296\ [Core] "Something went wrong" error message always pop up on some machines | G9: 1. Home Page 2. Video Control - SmartCam 2 (if the system has SmartCam2 feature byte qj) - SmartCam 3.5.37.0 (if the system has SmartCam3 feature byte qM) 3. HP Programmable Key 4. Privacy alert 5. Auto Screen Dimming 6. Support 7. Settings | I9: V | J9: V | L9: V | M9: V | Y9: V | Z9: V | AA9: V | AB9: V | AC9: V | AD9: V | AE9: V | AF9: V | AG9: V | AH9: V | AI9: V | AJ9: V | AK9: V | AL9: V | AM9: V | AN9: V | AO9: V | AR9: V | AS9: V | AV9: V | AW9: V | AZ9: V
A10: 44954 | B10: HPX for CMIT | C10: Staging Build | D10: 25.42304.147.0.A.1 | E10: P014C9-B2G | F10: For 2023 NPI, CFR on or after 1/10 platforms Main changes: Update SmartCam to 3.5.39.0 • HPXWC-4499\ Left navigation should be reflected when device name is updated in PCDevicePage • HPXSUP-749\ Update ClientID to HPXWin for warranty API • HPXWC-4967\ [SFT_MPH][Services]intermittently on clicking on "go to myAccount" in the flyout shows an error • HPXWC-2811\ [CGQA][FirstUse] Font size/color/style are not matching same as design specification for first use flow all screens. • HPXWC-5477\ [SmartExp][PPR] Incorrect Padding Inside the Card • HPXWC-4889\ First use using oversize (and duplicate) PNGs instead of JPG assets for photo images • HPXSUP-750\ [Localization]-The support page shows Simplified Chinese on zh-TW machine • HPXWC-5432\ [SFT_MPH][OTA] PC Device warranty status is mismatch with Support page warranty status • HPXWC-5177\ [UI][Truncation] Truncated text needs an on hover flyout that displays the full string to the user • HPXWC-4249\ [SFT_MPH][Core] Battery life test result exceeding more than 0.01 threshold value for HPX application. • HPXWC-5541\Smartexperiences using oversize PNGs for photo content • HPXWC-4142\[PPR] HP Registration country dropdown text font should match with country dropdown values font. • HPXWC-5413\[HomePg] Application crashes from Interstitial pages • HPXWC-5567\[SFT_MPH][Core] PC Device UI shows mostly empty on changing back the High contrast to None. • HPXWC-5703\ [Core][Performance] Memory leak observed upon clicking on different module from left navigation panel • HPXWC-5704\ [Core] Webview instances are never destroyed, eventually leading to memory full/crash • HPXWC-5722\ [SFT_MPH][SmartExp] Snooze Duration Dropdown box is not visible in Privacy Alert Page • HPXWC-5550\ SIO2167393 - [SIT][SWT-SW][CZN-H][HPX0.5_OTA]"Connect" button show cut off when offline in myHP\home page on AB2 image. • HPXWC-5750\ [Settings] Change Copyright to 2023 | G10: 1. Home Page 2. Video Control - SmartCam 2 (if the system has SmartCam2 feature byte qj) - SmartCam 3.5.39.0 (if the system has SmartCam3 feature byte qM) 3. HP Programmable Key 4. Privacy alert 5. Auto Screen Dimming 6. Support 7. Settings | I10: V | J10: V | L10: V | M10: V | Y10: V | Z10: V | AA10: V | AB10: V | AC10: V | AD10: V | AE10: V | AF10: V | AG10: V | AH10: V | AI10: V | AJ10: V | AK10: V | AL10: V | AM10: V | AN10: V | AO10: V | AR10: V | AS10: V | AV10: V | AW10: V | AZ10: V
A11: 44957 | B11: HPX for CMIT | C11: Staging Build | D11: 25.42305.150.0.A.1 | E11: P014C9-B2H | F11: For 2023 NPI, CFR on or after 1/10 platforms Main changes: Staging Build Update SmartCam to 3.5.39.0 HPXWC-5815\[myAccount] HPX closed when we click 'go to my account' in ITG build. HPXWC-5184\[SFT_MPH][OTA][Settings] Intermittently HPX version is displaying as NULL HPXWC-5772\[UI] Icons are not properly visible in some resolutions. HPXWC-5752\[PPR] Square corner with different color near rounded corner HPXWC-4978\[SFT_MPH][OTA] Text cut-off is seen when we minimize the Privacy Settings page. HPXWC-5749\[PCDevice] Warranty status icon for "Unknown" mismatch with figma on ultron laptop HPXWC-5162\[SFT_MPH][DisplayControl] Text box cutoff seen when we navigate using tab button HPXWC-5799\[DevOps] 0 version bulk script needs to be skipped when there is not file under ./change folder HPXWC-5677\[CGQA] myHP icon is missing in internet connection screen title-bar. HPXWC-5470\[Core] LocalizationJplugin is not providing 5 character locale HPXWC-5816\[Support][Deeplink] Support card on PC Device page takes you to top level Support module HPXWC-5797\[Pen] Feature-specific (Pen? Wacom.ISD.SettingsClient.dll) binary embedded in the Shell (UWP or DesktopExtension) HPXWC-5552\[PCVideo] HPPV screen can not open again when restart PC then launch HPPV screen again HPXWC-5735\[Analytics] PC Mouse generating unnecessary events on hover HPXWC-5355\[AudioControl] Sound does not change when increase or decrease the ft and db value when click play test button HPXWC-5474\[HPPK][PPR] Modal window: Application, header typography is incorrect | G11: 1. Home Page 2. Video Control - SmartCam 2 (if the system has SmartCam2 feature byte qj) - SmartCam 3.5.39.0 (if the system has SmartCam3 feature byte qM) 3. HP Programmable Key 4. Privacy alert 5. Auto Screen Dimming 6. Support 7. Settings | I11: V | J11: V | L11: V | M11: V | Y11: V | Z11: V | AA11: V | AB11: V | AC11: V | AD11: V | AE11: V | AF11: V | AG11: V | AH11: V | AI11: V | AJ11: V | AK11: V | AL11: V | AM11: V | AN11: V | AO11: V | AR11: V | AS11: V | AV11: V | AW11: V | AZ11: V
A12: 44963 | B12: HPX for CMIT | C12: Staging Build | D12: 25.42305.5.0.A.1 | E12: P014C9-B2J | F12: For 2023 NPI, CFR on or after 1/10 platforms Main changes: Note: This is still a staging build. We are still waiting for a production build that will be used for shipping. Fixed issues: SIO2167712 - [SIT][FIT-MM][Zonin][ADL-S][HPX0.5_OTA] There is no "Audio control" item and "Video control" item in Device/PC device page after launch the HPX.(AB2&ABJ) SIO2169145 - [SIT][SWT-SW][Montes-ADL][HPX0.5_OTA] There is no smartcam in HPX after OTA upgrade from MS store. (HPX v25.42305.150.0) SIO2169133 - [SIT][SWT-SW][Contino][Barcelo][HPX0.5_OTA]There is no smartcam in HPX after OTA upgrade from MS store. (HPX v25.42305.150.0) SIO2169215 - [SIT][SWT-SW][ADL][HPX0.5_OTA]There is no Video Control in myHP(HPX). SIO2169158 - [SIT][SWT-SW][BCL-R][Win11][PV1][HPX0.5_OTA] HPX(myHP) Version show 25.22304.113.0 in About page but should be 25.42305.150.0 (F/R:1/2 units) HPXSUP-767\[OCChat] Chat Page will be loading sometimes when change country frequently. HPXWC-5926\[Home] Welcome Banner should not have comma when User is signed in to the account HPXWC-4305\[SFT_MPH][CoreNav][Accessibility] Narrator fails to read expected action when hamburger menu is opened/closed. myHP icon read as custom HPXWC-6015\[Home Page] Set new static height for Recommended for you section of Home page HPXWC-5563\[Accessibility] There is no response when using Enter key to open notification and profile icons. HPXWC-5764\[Communications]In Spanish-Spain Language, Mismatch in toggle alignment in Settings-Notifications page HPXWC-5763\[Communications]In Catalan - Ca Language, Mismatch in toggle alignment in Settings-Notifications page HPXWC-4829\[HPX 0.5] Icon: PC Unselected Device icon is incorrect HPXWC-4828\[HPX 0.5] Icon: Devices icon and color is incorrect | G12: 1. Home Page 2. Video Control - SmartCam 2 (if the system has SmartCam2 feature byte qj) - SmartCam 3.5.39.0 (if the system has SmartCam3 feature byte qM) 3. HP Programmable Key 4. Privacy alert 5. Auto Screen Dimming 6. Support 7. Settings | I12: V | J12: V | L12: V | M12: V | Y12: V | Z12: V | AA12: V | AB12: V | AC12: V | AD12: V | AE12: V | AF12: V | AG12: V | AH12: V | AI12: V | AJ12: V | AK12: V | AL12: V | AM12: V | AN12: V | AO12: V | AR12: V | AS12: V | AV12: V | AW12: V | AZ12: V
A13: 44967 | B13: HPX for CMIT | C13: Staging Build | D13: 25.42306.11.0.A.1 | E13: P014C9-B2K | F13: For 2023 NPI, CFR on or after 1/30 platforms Main changes: Note: This is still a staging build. We are still waiting for a production build that will be used for shipping. Fixed issues since 25.42306.8.0 : - HPXWC-5868\ [CGQA] HP icon is not properly visible for some resolutions in HP Registration and privacy policy screens. - HPXWC-3926\ [CGQA] Privacy-Policy screen UI is not matching with design specification. - HPXWC-5806\ [Display] Feature-specific (DisplayControl? HPDC.dll) binary embedded in the Shell (UWP or DesktopExtension) - HPXWC-5492\ [Pen] Pen Control not visible even if standalone Pen Settings App is not present in device - HPXWC-6032\ [AudioControl][DynamicAudio] Dynamic Audio should not show up in side panel on Nittany - HPXWC-5939\ [PCDevice] "Get Details" for warranty info is seen after HPX application restarts. - HPXSUP-939\ PCDevice - image borders are black SVG methone images - HPXWC-5668\ [RGBKB] Code optimization in Effects Fixed issues since 25.42306.9.0 : - HPXWC-6005\ [Core] Home page Programmable Key icon is incorrect on HP1 platforms - HPXWC-5603\ SIO2167745 - [SIT][SWT-SW][22H2-SFR][Blizzard_L] The function is lost on 4ch and 5.1ch of speaker configuration with support devices - HPXWC-5547\ SIO2167525 - [NB][Roc][Kraken][CFR][QTA][SCIT-NPI] Navigation auto open and can not use the myHP Home page - HPXWC-5860\ [PCDevice] The Warranty icon for in-warranty system is not correct after clicking on Get Details - HPXWC-5755\[Audio][PPR] Sound calibration dropdown menu should use updated style - HPXWC-5862\[SFT_MPH][SmartExp][L10N] 'HP Privacy link' text cutoff in some languages on dialog box Fixed issues in 25.42306.11.0 : - HPXWC-5495\[SFT_MPH][Core] Resize window, see movement and adjustment of the UI elements in accordance to window size - HPXWC-6180\SIO2167901 - [NB][Kraken][Roc] The "<--" button overlaps "x" close button in HPX/Home/Recommended for you on ABV image. - HPXWC-5653\SIO2167554 - [NB][Roc][Kraken][SCIT-NPI] The characters show "" when enter "12345"(Arabic) in the registration page. - HPXWC-5824\[SFT_MPH][DisplayControl][Accessibility] Narrator cannot read any feature on Display Control module using finger touch and clicking through mouse - HPXWC-5824\[SFT_MPH][DisplayControl][Accessibility] Narrator cannot read any feature on Display Control module using finger touch and clicking through mouse - HPXWC-6186\[Account][PCDevice] Home/Device page mashup after idle time - HPXWC-5788\[SFT_MPH][SmartExp][L10N] 'Auto Screen Dimming' string is not localized in Greek-EL language - HPXWC-5967\Feature-specific (PCAudio? MaxxAudioAPOShellRPC64.dll) binary embedded in the Shell (UWP or DesktopExtension) - HPXWC-5973\[Audio] EQ is not showing correct units on Grogu and London | G13: 1. Home Page 2. Video Control - SmartCam 2 (if the system has SmartCam2 feature byte qj) - SmartCam 3.5.39.0 (if the system has SmartCam3 feature byte qM) 3. HP Programmable Key 4. Privacy alert 5. Auto Screen Dimming 6. Support 7. Settings | I13: V | J13: V | L13: V | M13: V | Y13: V | Z13: V | AA13: V | AB13: V | AC13: V | AD13: V | AE13: V | AF13: V | AG13: V | AH13: V | AI13: V | AJ13: V | AK13: V | AL13: V | AM13: V | AN13: V | AO13: V | AR13: V | AS13: V | AV13: V | AW13: V | AZ13: V
A14: 44970 | B14: HPX for CMIT | C14: Staging Build | D14: 25.42306.27.0.A.1 | E14: P014C9-B2L | F14: For 2023 NPI, CFR on or after 1/30 platforms Main changes: • HPXWC-6190\[Audio] Enhancement - Turn OFF "Restore Defaults" button within audio control on HPX 0.5 to support 09Feb23 release • HPXWC-5960\[Communications] Investigate to fix toggle button alignment issue • HPXWC-5396\[Home] Missing PC connect(5G) from home page • HPXWC-5865\[SFT_MPH][Homepage] Narrator is not able to read the selected text (control your pc header). • HPXWC-4401\[HighContrast] Turn on High Contrast theme, open one page, cannot see the Icon in the left menu • HPXWC-5778\[SFT_MPH][FirstUse][Privacy] About Your Privacy Page has not shown when all the consent value are set to unknown. • HPXWC-6149\[Offline] Error shows when disconnect the network. HPX does not work offline. • HPXWC-6239\[5G] HPX crashed when use cellular data connection • HPXWC-6142\[AudioControl] Dynamic Audio content is not classified correctly • HPXWC-6063\[AudioControl] Audio presets default option is "Voice" instead of "Music" in Arti-A machine • HPXWC-4399\[PCConnect] Cannot navigate to the PCConnect module through the link of PC device module • JWEB-5894\[Analytics] [Instrumentation] Privacy Setting Analytics Data • HPXWC-6120\[FirstUse][HPID] HP registration and HP privacy missing when launch HPX at the first time • HPXWC-5165\[SFT_MPH][SmartExp][L10N] UI is not localized for Smart Experiences cards in Bahasa Indonesian (ID) language • HPXWC-6202\[Core] Support is missing on Home page | G14: 1. Home Page 2. Video Control - SmartCam 2 (if the system has SmartCam2 feature byte qj) - SmartCam 3.5.39.0 (if the system has SmartCam3 feature byte qM) 3. HP Programmable Key 4. Privacy alert 5. Auto Screen Dimming 6. Support 7. Settings | I14: V | J14: V | L14: V | M14: V | Y14: V | Z14: V | AA14: V | AB14: V | AC14: V | AD14: V | AE14: V | AF14: V | AG14: V | AH14: V | AI14: V | AJ14: V | AK14: V | AL14: V | AM14: V | AN14: V | AO14: V | AR14: V | AS14: V | AV14: V | AW14: V | AZ14: V
A15: 44973 | B15: HPX for CMIT | C15: Production build | D15: 25.52307.21.0.A.1 | E15: P014C9-B2N | F15: For 2023 NPI, CFR on or after 1/30 platforms Main changes: Fixed issues • HPXWC-6200\ SIO2170743 - [NB][Iaso][SCIT-NPI] No response when used finger to click the pen icon in HPX\Devices\PC Device. • HPXWC-6326\[SFT_MPH][Homepage] The text content and image in the hero banner is overlapping on Arabic and Hebrew language. • HPXWC-5718\[SFT_MPH][OTA][HomePage] When navigate to HomePage it shows first Offline Message and it displays Home page • HPXWC-6238\ SIO2171018 - [SIT][SWT-SW][HPX0.5_OTA] HPX auto exit after unplug headset. • HPXWC-6143\[SFT_MPH][OTA][Support] Intermittently Product number and serial number is not displayed in Support page • HPXWC-6351\On PC Device page, "Get Details" link is in English when Windows display language is in Chinese • HPXWC-6352\App crashed when continuously select Folder/file item from Dropdown on Programmable key • HPXWC-6191\Hamburger Menu holding element has the wrong corners • HPXWC-6139\SIO2170302 - [DigdugR] myHP content character will shows "..." after change text size in Setting/Accessibility. • HPXWC-5473\[HPPK][PPR] Modal window: Application, margins and spacing are not as specified • Fixed user store: • Add back audio DLL. • Add language support for sr-BA • HPXWC-6157\Add device mode button in PCSystemControl module • HPXWC-6008\Ability to override features flags with manageability tools • HPXWC-6248\[Home Page] Remove native code setting the Banner heading. • HPXWC-6357\Implement translated strings for February received - PCDevicePage • HPXWC-6306\Add get mode and sanity check in System Control nuget | G15: 1. Home Page 2. Video Control - SmartCam 2 (if the system has SmartCam2 feature byte qj) - SmartCam 3.5.39.0 (if the system has SmartCam3 feature byte qM) 3. HP Programmable Key 4. Privacy alert 5. Auto Screen Dimming 6. Support 7. Settings | I15: V | J15: V | L15: V | M15: V | Y15: V | Z15: V | AA15: V | AB15: V | AC15: V | AD15: V | AE15: V | AF15: V | AG15: V | AH15: V | AI15: V | AJ15: V | AK15: V | AL15: V | AM15: V | AN15: V | AO15: V | AR15: V | AS15: V | AV15: V | AW15: V | AZ15: V
... A29: 45121 | B29: HPX for CMIT | C29: Production build | D29: 25.52328.396.0.A.1 | E29: P0151E-B2J | F29: Main changes: P1: • HPXSUP-1887 [OCFResources]-HTML Path error, about page is blank now. Stories: • HPXSUP-1861 [Veracode] Remove useless files of HPNetworkCheck • HPXWC-11635 [AudioControl][Bopeep] Adaptive audio module should grey out when we select Music and Voice option | G29: 1. Home Page 2. Video Control - SmartCam 3.v3.2307.86 3. HP Programmable Key 4. Privacy alert 5. Auto Screen Dimming 6. Support 7. Settings | I29: V | J29: V | L29: V | M29: V | Y29: V | Z29: V | AA29: V | AB29: V | AC29: V | AD29: V | AE29: V | AF29: V | AG29: V | AH29: V | AI29: V | AJ29: V | AK29: V | AL29: V | AM29: V | AN29: V | AO29: V | AR29: V | AS29: V | AV29: V | AW29: V | AZ29: V
A30: 45128 | B30: HPX for CMIT | C30: Production build | D30: 25.52329.430.0.A.1 | E30: P0151E-B2L | F30: Main changes: • Update SmartCam to v3.2307.96 • HPXAPPS-975 [Housekeeping] Update README for @hp-af/react-native-netinfo library • HPXWC-12134 [USA-Video] Integrate HPPVForMyHP_Release_v3.2307.96.21703.zip into HPX 2023.07.B. Please launch with HPPVLauncher.exe. • HPXAPPS-1330 [SFT_MPH][OTA][Core] When we minimized and launch HPX App we observed that text is merged (Only on Windows 10) • HPXAPPS-786 Replace custom logging with HP.ApplicationFramework.Logging in Desktop Extension • HPXAPPS-987 [CGQA][Feedback] "select a star rating before you submit " validation location is not matching same as figma design • HPXWC-11912 [SFT_MPH][SmartExp] Toggle button is not persistent on relaunching HPX app while the module dialogue is opened • HPXWC-11906 [SFT_MPH][SmartExp] Overlap between 'Cancel' and 'Continue' button on resizing the HPX window to small | G30: 1. Home Page 2. Video Control - SmartCam v3.2307.96 3. HP Programmable Key 4. Privacy alert 5. Auto Screen Dimming 6. Support 7. Settings | I30: V | J30: V | L30: V | M30: V | Y30: V | Z30: V | AA30: V | AB30: V | AC30: V | AD30: V | AE30: V | AF30: V | AG30: V | AH30: V | AI30: V | AJ30: V | AK30: V | AL30: V | AM30: V | AN30: V | AO30: V | AP30: V | AQ30: V | AR30: V | AS30: V | AV30: V | AW30: V | AZ30: V
A31: 45135 | B31: HPX for CMIT | C31: Production build | D31: 25.52330.450.0.A.1 | E31: P0151E-B2M | F31: Main changes: • HPXWC-12366 [Perf] - System Controls -need to toggle off Commercial and visible only for Consumer | G31: 1. Home Page 2. Video Control - SmartCam v3.2307.96 3. HP Programmable Key 4. Privacy alert 5. Auto Screen Dimming 6. Support 7. Settings | I31: V | J31: V | L31: V | M31: V | Y31: V | Z31: V | AA31: V | AB31: V | AC31: V | AD31: V | AE31: V | AF31: V | AG31: V | AH31: V | AI31: V | AJ31: V | AK31: V | AL31: V | AM31: V | AN31: V | AO31: V | AP31: V | AQ31: V | AR31: V | AS31: V | AV31: V | AW31: V | AZ31: V
A32: 45163 | B32: HPX for CMIT | C32: Production build | D32: 25.52334.593.0.A.1 | E32: P0151E-B2P | F32: Main changes: • Update SmartCam to 3.2307.98 • HPXAPPS-2012 [SFT_MPH][OTA][Core][DarkMode] In Navigation bar, when we click on any module name, color is changing in blue • HPXAPPS-2078 [Services-UI] Cannot restore Mouse sensitivity's value • HPXAPPS-2017 [MyAccount] My Account page is empty • HPXAPPS-2115 [HPX] HPX crashes when clicking 'pc device' page after goes in to any module page on latest build. • HPXAPPS-2070 [HPX] Most toggles change to off (from On) after relaunch HPX. (SmartExp, Privacy Alert,PenControl,RGB and 5G). • HPXAPPS-947 [ServiceRouting] Profile icon shows empty after clicking on any tiles on Home page • HPXAPPS-2163 [SFT_MPH][Registration] By clicking 'HP Privacy Statement' link is not navigating to browser/Not functional at all. • HPXAPPS-2264 Clicking on the account icon does nothing • HPXAPPS-1765 [SFT_MPH][OTA_FFT][Core] After pressing F12 hotkey, "Devices" page is not opening in left nav. • HPXAPPS-2425 [SNN] When user does not see Strictly Necessary Notice in UI, the registry NecessaryNoticeShown is set to 1 • HPXAPPS-2389 [SFT_MPH][OTA_FFT][HPPK] Observed loading state after pressing F12 key • HPXAPPS-2097 [Settings] React native tab view doesn't work with multiple routes (Patch) • HPXAPPS-2036 Create Publish nexus modules docs • HPXAPPS-525 [HomePage] Re-enable the "Next Steps" section of the Home page • HPXSUP-1747 [Translation] Support 7 new languages for diagnostics tools • HPXAPPS-2142 Dark mode support for Storybook module • HPXAPPS-2150 [Communications] Integrate translation for the strings in Settings page • HPXAPPS-1798 Implement the Landing page for HPID • HPXAPPS-1000 [Communication][Settings][UI]Develop Feedback Tab UI in Settings Native View • HPXWC-12819 [ContextAware] [AppSettings] Fetching installed applications' list from library • HPXWC-12742 [Pen][Commercial] Observation found on Narrator • HPXAPPS-782 Build with NuGet packages • HPXWC-12766 [Pen][Commercial] - Support sentence for titles and header string • HPXAPPS-1801 Implement accessibility, narrator, highcontrast and darkmode for HPID Landing page • HPXWC-10254 [Application Settings] [Context Aware] [NFR] Support Accessibility (WER) Requirements • HPXAPPS-1799 Integrate the HPID Login Dialog with the Sign In button • HPXAPPS-1623 [SIO2195914] HPX always open automatically after the unit restarts. • HPXAPPS-1800 Add analytics to the Landing screen of the HPID Login • HPXAPPS-1563 Add some animation after the submit feedback • HPXWC-12199 [SFT_MPH][SmartExp][Tab] Tab is not focusing model dialogue box area • HPXAPPS-1754 [Core][HPPK][Deeplink] Programmable Key deeplink broken • HPXWC-12509 [PCDevice][HighContrast] Some text are missing on PCdevice header after applying contrast themes. • HPXAPPS-252 SIO2169521 Missing "Use the HP Virtual Assistant" and "Run hardware diagnostics" under HPX/Support/Device support/Guided troubleshooting with build • HPXWC-12326 [SmartExp] Unable to select the tooltips icon with the mouse and check AUID using Accessibility Insights tool • HPXAPPS-1787 [SFT_MPH][Registration] 'Skip this step' spacing is not as per Figma. • HPXAPPS-1088 [HighContrast] The hyperlink inside PC modal is not displaying in high contrast modes • HPXAPPS-1085 [HighContrast][PCDevice] Color of Get details link and View data collected are not changing as per theme selection. • HPXAPPS-243 [Registration][DarkMode] Hover over the inputs fields and clickable buttons are not as expected on registration page in dark mode • HPXWC-12198 [SFT_MPH][OTA_FFT][HPPK][HighContrast] Numbers are not visible when we apply high contrast themes • HPXAPPS-1717 [SFT_MPH][OTA][Services] HP privacy link is not highlighting with underline in warranty-View data collected • HPXAPPS-691 [ServiceRouting][Home] Card Icon are missing when we navigate back to home page from Interstitial screen. • HPXAPPS-1718 [SFT_MPH][OTA][PCDevice][TAB] When we increase text size, Text is not highlighting properly using TAB key • HPXAPPS-2013 [SFT_MPH][OTA][Home][TabNavigation] Able to navigate to non-pressable events like control your PC • HPXAPPS-1038 [SFT_MPH][PCDevice] Text cut-off and overlapping observed when increasing text size to maximum • HPXAPPS-1180 [SFT_MPH][Services] Able to redirect to myaccount page and displays error while clicked on go to my account immediately after clicking on sign-out • HPXAPPS-2022 [High Contrast] myHP is showing partial effect when we switch between different high contrast modes • HPXAPPS-1073 [SFT_MPH][PCDevice] Not able to navigate "Allow personalized support" window in Get Details section by using keyboard. • HPXWC-12642 [Application Settings][Context Aware] Close Button (X) in Delete App Modal is not same in certain resolutions • HPXWC-12440 [SIO2197127] The information under Devices lost in HPX with Corporate-Ready Image after restart unit. • HPXAPPS-2210 [Settings] SNN shows up and disappears in settings Privacy tab • HPXAPPS-1081 [CGQA]Profile icon should be transparent without any square background • HPXWC-12456 [Application Settings] [Context Aware] Develop a method for checking whether context-aware service is running • HPXWC-11728 [SIO2193672] : It would need 5~10s to response after select the Application option for the first time in MyHP/Programmable Key • HPXAPPS-1699 [SFT_MPH][Core][Narrator] Narrator is reading as pane for all modules • HPXAPPS-2193 [SFT_MPH][OTA][HomePage][Tab] Entire Home page is selected while tab navigating • HPXWC-12650 [PCDevice] If we make text size to largest then product number value click tooltip is not as per figma • HPXAPPS-1399 [Service] myHP stuck loading when launched from HPID . • HPXAPPS-1797 [Privacy] [High Contrast] Hover over manage option, the text doesn't show hover effect • HPXAPPS-1796 [Privacy] [High Contrast] Manage option button is displayed in the box on high contrast modes • HPXWC-12375 [Keyboard][HighContrast] Some text are missing on Keyboard header after applying contrast themes. • HPXAPPS-1333 [SFT_MPH][HighContrast][PCDevice] Observed black bars on hover over the cards on applying high contrast themes. • HPXAPPS-2164 [SFT_MPH][Registration] In Registration when we hover on "Skip this step" Button we are able to see underline. • HPXAPPS-2166 [SFT_MPH][OTA_FFT][HomePage] Narrator is narrating the "view all controls" as custom instead of link/button. • HPXAPPS-2243 [SettingsNative] Settings tabs is not clickable properly • HPXAPPS-1603 [SettingsNativeView] In settings in Highcontrast themes there is no border separation in Header • HPXWC-12632 Intermittently foreground application is not getting highlighted in the app setting bar • HPXAPPS-1760 HPX hangs when deeplink incorrect • HPXAPPS-1787 [SFT_MPH][Registration] 'Skip this step' spacing is not as per Figma. • HPXAPPS-2098 Fix spacing between bell icon and profile icon as per Figma • HPXAPPS-2099 Fix spacing from right to profile icon on top bar • HPXAPPS-2100 Fix spacing between back arrow and myHP logo as per Figma • HPXAPPS-253 SIO2169276 - [Sandwalker][DarkMode] myHP warning messages are difficult to read in dark mode • HPXAPPS-1613 [SFT_MPH][OTA_FFT] Not able to select the hyperlink in Get Details section by using tab and shift+tab keys. • HPXAPPS-2245 [HighContrast][PCDevice][Win11] Card icons are not visible on applying Aquatic contrast themes. • HPXWC-12724 [SFT_MPH][SmartExp] Able to access Smart experiences UI using Restore default button when the camera is disabled from device manager • HPXWC-12635 [SFT_MPH][SmartExp][Tab] Tab is focusing two times for tool tips • HPXAPPS-198 [CGQA] HP registration page is not localized in ID-ID language • HPXAPPS-2194 [SFT_MPH][OTA_FFT][HighContrast][Core] On applying high contrast themes, hyperlink is getting invisible in Get details section. • HPXAPPS-2191 [Offline] The Hyperlink 'Connect' on the offline banner is not aligned with the preceding string. • HPXWC-11909 [ExtKeyboard][Accessibility][HighContrast] Configure key icon can not see clear when turn on high contrast theme and hover on key in keyboard. • HPXSUP-1859 [Support][Cybersec][STS2023-1407] - PESecurity tool - Error - Safe exception error handler - SafeSEH • HPXAPPS-1722 [SignIn] Support home is totally blank when sign in on home page • HPXAPPS-1767 [DeepLink] Once open HPX by press Hotkey, and then Navigation doesn't work • HPXWC-12831 [SFT_MPH][PCDevice] Observed the Product number and Serial number popup window is blinking on Cybug platform. • HPXAPPS-1720 [SFT_MPH][First Use Privacy][Services] Tab and Narrator Placeholder is not covering properly at a time. • HPXAPPS-1080 [HighContrast] Profile Flyout has not observed High contrast themes properly. • HPXAPPS-248 [SFT_MPH][Core] Intermittently "myHP" Logo is missing. • HPXAPPS-1339 [NavigationBar] Sometimes, Navigation bar doesn't turn to Support when click the Support section under PC Device page • HPXAPPS-1081 [CGQA]Profile icon should be transparent without any square background • HPXSUP-2105 [Feedback] - Need translation for some strings in Feedback window for 7 languages • HPXAPPS-2087 [SFT_MPH][OTA][Settings] Link(text) in the about tab are not arranged and alligned properly on london platform • HPXWC-12950 [HPPK][AUID] Personalized text on programmable key has missing AUID • HPXAPPS-1107 [SFT_MPH][SmartExp] Able to navigate across the unfocused area through TAB key • HPXAPPS-1152 [Accessibility][Settings] Privacy and About page hyperlinks and selected text doesn't match High Contrast themes • HPXWC-12803 [SFT_MPH][ContextAware] Size difference seen on Cancel button in application page UI Compared to figma | G32: 1. Home Page 2. Video Control - SmartCam v3.2307.98 3. HP Programmable Key 4. Privacy alert 5. Auto Screen Dimming 6. Support 7. Settings | I32: V | J32: V | L32: V | M32: V | Y32: V | Z32: V | AA32: V | AB32: V | AC32: V | AD32: V | AE32: V | AF32: V | AG32: V | AH32: V | AI32: V | AJ32: V | AK32: V | AL32: V | AM32: V | AN32: V | AO32: V | AP32: V | AQ32: V | AR32: V | AS32: V | AV32: V | AW32: V | AZ32: V
A33: 45180 | B33: HPX for CMIT | C33: Staging 9A | D33: 25.42336.783.0.A.1 | E33: P0151E-B2R | F33: "NOTE: When testing, please turn off auto update in MS Store app first to avoid being automatically updated to the latest version on MS Store. Known Issue: • HPXAPPS-2810 [HPX][Home][RCBranch] There are no strings visible on Welcome Banner Changes: - Enable System Control, Battery Manager, AUdio Control - Update SmartCam to v3.2309.106 • HPXWC-13232 SIO2202874/SIO2203079 - The battery icon in HPX shows a different amount of power than the system's battery icon. • HPXAPPS-2714 [HPX][Home] Narrator is not reading the titles and the descriptions of the action cards • HPXAPPS-2675 [SFT_MPH][L10N][SettingsNative][Feedback] Settings Page shows empty when we apply Arabic/Hebrew Languages • HPXAPPS-2756 Support page cannot be loaded in the latest builds • HPXAPPS-2092 [HPX] myhp will crash directly after upgrading to 25.52331.464.0_MSIXUPLOAD from MS store • HPXWC-13088 [SFT_MPH][SmartExp] Buttons and links are not aligned properly on dialog box • HPXWC-12865 [Battery Manager][Native] API to read/write Maximize Battery Health • HPXAPPS-2333 [SettingsNativeview] Update settings view privacy tab with strictly necessary notice string • HPXAPPS-2488 Update Support tile on Home page for HP One launch - "24x7 Pro live support" • HPXWC-13120 [Battery Manager][UI] Responsive behavior for Consumer view • HPXWC-12810 [SFT_MPH][ContextAware][Accessbility] Narrator is not reading properly for Application page UI • HPXAPPS-2668 [SFT_MPH][HighContrast][Feedback] High Contrast is not applying properly for Submit Button. • HPXWC-13232 SIO2202874/SIO2203079 - The battery icon in HPX shows a different amount of power than the system's battery icon. • HPXWC-13089 [SFT_MPH][ContextAware][L10N] String is not localized on Chinees language • HPXAPPS-2738 [SFT_MPH][SettingsNative][Feedback] "Thank You" Banner is not dismissing when user enter data in input field • HPXWC-13354 [SFT_MPH][OTA_FFT][AudioControl] When we connect 3.5 mm jack we observe the difference in placing of presets string and tool tip icon. • HPXAPPS-2792 [SFT_MPH][SettingsNative][Feedback] AUID is not generating for "Submit Feedback Button" • HPXWC-13141 [SFT_MPH][ContextAware][Accessibility] Add application text cut-off seen when we make text size bigger • HPXAPPS-2670 [SFT_MPH][HomePage] Observed text cut off in Hero banner on minimizing the HPX app • HPXAPPS-2714 [HPX][Home] Narrator is not reading the titles and the descriptions of the action cards | G33: 1. Home Page 2. Video Control - SmartCam v3.2309.106 3. HP Programmable Key 4. Privacy alert 5. Auto Screen Dimming 6. Support 7. Settings 8. System Control 9. Battery Manager 10. Audio Control | I33: V | J33: V | L33: V | M33: V | N33: V | O33: V | P33: V | Q33: V | R33: V | S33: V | T33: V | U33: V | V33: V | Y33: V | Z33: V | AA33: V | AB33: V | AC33: V | AD33: V | AE33: V | AF33: V | AG33: V | AH33: V | AI33: V | AJ33: V | AK33: V | AL33: V | AM33: V | AN33: V | AO33: V | AP33: V | AQ33: V | AR33: V | AS33: V | AV33: V | AW33: V | AX33: V | AZ33: V | BB33: V
A34: 45194 | B34: HPX for CMIT | C34: 10A Staging | D34: 25.42338.826.0.A.1 | E34: P0151E-B2T | F34: "NOTE: When testing, please turn off auto update in MS Store app first to avoid being automatically updated to the latest version on MS Store. "NOTE: With json file to enable features in Staging build, please re-sign in after OOBE to trigger the enablement For 2024 NPI Platforms except Arizona Refresh Changes: - Workaround to Enable System Control, Battery Manager, AUdio Control after dashing • HPXAPPS-2913 myHP crashed on Willie when change language from English to France • HPXAPPS-2952 [HPX][Localization] Application not starting at all • HPXWC-13184 [SFT_MPH][Battery] When we disable Power control in F10, observe In-charging scheduler notifications are coming when we schedule the time • HPXWC-13268 [SFT_MPH][Battery] Improper battery percentage observed on battery module UI • HPXWC-13202 [Battery Manager][UI] UI changes as per updated figma • HPXWC-13118 [Battery Manager][UI] Responsive behavior for Battery Charge Manager • HPXWC-13119 [Battery Manager][UI] WER, narrator for Battery Charge Manager • HPXAPPS-2739 [SFT_MPH][OTA][HomePage][DarkMode] Observed White Space before loading "Get the Most Out of HP" Cards at the End of the HPX Application • HPXWC-13224 [SFT_MPH][ContextAware] Application cut-off seen in list while scrolling applications through Tab • HPXAPPS-3006 [Bell] App is not fetching any messages • HPXWC-13375 [SFT_MPH][OTA][PC Device] PN/SN pop up window is not navigating back to it's normal position after maximizing the screen from minimum. • HPXAPPS-188 [CGQA] Contrast theme is not applyed same as windows theme specification • HPXAPPS-2842 [SFT_MPH][Services][First Use][L10N] Learn more link is not working for Hebrew language. • HPXAPPS-2891 [SFT_MPH][Core] Intermittently "myHP" logo is shown in wrong position in top bar for RTL (Arabic and Hebrew) languages. • HPXAPPS-2926 [PCDevicePg] Clicking on "Support" card is not navigating to proper page • HPXAPPS-2926 [PCDevicePg] Clicking on "Support" card is not navigating to proper page • HPXAPPS-2800 [Bell] Narrator reads Bell Interstitial side bar Notification messages and pop up notification Flyout as custom • HPXWC-13759 SIO2201684 - The output character show i when use lowercase j to rename pen in HPX\Pen control. • HPXSUP-1873 Migrate react components of VA to native-base based RN components • HPXWC-13142 [SFT_MPH][ContextAware][Accessibility] Cancel button space is not proper when we make text size bigger on Win10 platform • HPXWC-13431 [ContextAware] After adding first application, the whole pane shifts downwards • HPXAPPS-3021 [SNN]NecessaryNoticeShown reg key not updated when app upgraded from previous non SNN supported version of hpx • HPXWC-13173 [localization] Some card description text in pc device module is cut off in fr-CA and es-MX languages | G34: 1. Home Page 2. Video Control - SmartCam v3.2309.106 3. HP Programmable Key 4. Privacy alert 5. Auto Screen Dimming 6. Support 7. Settings 8. System Control 9. Battery Manager 10. Audio Control | I34: V | J34: V | L34: V | M34: V | N34: V | O34: V | P34: V | Q34: V | R34: V | S34: V | T34: V | U34: V | V34: V | Y34: V | Z34: V | AA34: V | AB34: V | AC34: V | AD34: V | AE34: V | AF34: V | AG34: V | AH34: V | AI34: V | AJ34: V | AK34: V | AL34: V | AM34: V | AN34: V | AO34: V | AP34: V | AQ34: V | AR34: V | AS34: V | AV34: V | AW34: V | AX34: V | AZ34: V | BB34: V
A35: 45194 | B35: HPX for CMIT | C35: 9A Production RC6 | D35: 25.52339.812.0.A.1 | E35: P0151E-B2U | F35: "NOTE: When testing, please turn off auto update in MS Store app first to avoid being automatically updated to the latest version on MS Store. For 2024 NPI Arizona Refresh Only Changes: • HPXAPPS-3248: [Settings][RC Branch] Version No. in About tab shows Null • HPXAPPS-3247: [HP Registration][RC Branch] Seeing HP Reg. page on every app launch • HPXAPPS-3254 [HPX][HPID][Production] User cannot sign up successful when user completed sign up in browser. | G35: 1. Home Page 2. Video Control - SmartCam v3.2309.106 3. HP Programmable Key 4. Privacy alert 5. Auto Screen Dimming 6. Support 7. Settings | I35: V | J35: V | L35: V | M35: V | Y35: V | Z35: V | AA35: V | AB35: V | AC35: V | AD35: V | AE35: V | AF35: V | AG35: V | AH35: V | AI35: V | AJ35: V | AK35: V | AL35: V | AM35: V | AN35: V | AO35: V | AP35: V | AQ35: V | AR35: V | AS35: V | AV35: V | AW35: V | AZ35: V
A36: 45201 | B36: HPX for CMIT | C36: 9A Production RC8 | D36: 25.52339.829.0.A.1 | E36: P0151E-B2W | F36: "NOTE: When testing, please turn off auto update in MS Store app first to avoid being automatically updated to the latest version on MS Store. For 2024 NPI Arizona Refresh Only Changes: • HPXAPPS-2209 [SFT_MPH][OTA_FFT][DisplayControl][AIO] Few second delay loading Display Control and other cards under Home page and PC Device page • HPXWC-13823 [Pen] Pen Control Module is not visible in HPX application | G36: 1. Home Page 2. Video Control - SmartCam v3.2309.106 3. HP Programmable Key 4. Privacy alert 5. Auto Screen Dimming 6. Support 7. Settings | I36: V | J36: V | L36: V | M36: V | Y36: V | Z36: V | AA36: V | AB36: V | AC36: V | AD36: V | AE36: V | AF36: V | AG36: V | AH36: V | AI36: V | AJ36: V | AK36: V | AL36: V | AM36: V | AN36: V | AO36: V | AP36: V | AQ36: V | AR36: V | AS36: V | AV36: V | AW36: V | AZ36: V
A37: 45201 | B37: HPX for CMIT | C37: 10A Staging | D37: 26.42339.861.0.A.1 | E37: P0151E-B2X | F37: "NOTE: When testing, please turn off auto update in MS Store app first to avoid being automatically updated to the latest version on MS Store. "NOTE: With json file to enable features in Staging build, please re-sign in after OOBE to trigger the enablement For 2024 NPI Platforms except Arizona Refresh Changes: • Update SmartCam to v3.2310.108 • HPXWC-13160 [SFT_MPH][Battery] Threshold percentage dropdown showing blank when we re-enable 'Power control' option in Bios settings • HPXWC-13875 [DisplayControl] The alignment of slider icons and app icons is not correct • HPXAPPS-3254 [HPX][HPID][Production] User cannot sign up successful when user completed sign up in browser. • HPXAPPS-3432 [Registration] Registration page missing • HPXAPPS-3354 [PCDevice] Unable to see most of the modules cards in PC device page action section • HPXWC-13502 [Touchpad][UI] Corresponding UI when 'Touchpad' turn off in OS settings. • HPXWC-13774 [System Control][Middleware] - API to read Smart Sense V2 support. • HPXWC-13574 [System Control][Middleware] - Redux and Saga implementation for Smart Sense V2 • HPXWC-13575 [System Control][UI] - Display Smart Sense V2 modes • HPXWC-13573 [System Control][Native] - API to read Smart Sense V2 support. • HPXWC-13475 [Pen control] complete Battery tool tip text not coming in inspect tool on consumer machine. • HPXAPPS-2597 [Analytics] SNN should be displayed as part of hpx startup flow • HPXWC-13128 [Sys control][ELP] code rollback | G37: 1. Home Page 2. Video Control - SmartCam v3.2310.108 3. HP Programmable Key 4. Privacy alert 5. Auto Screen Dimming 6. Support 7. Settings 8. System Control 9. Battery Manager 10. Audio Control | I37: V | J37: V | L37: V | M37: V | N37: V | O37: V | P37: V | Q37: V | R37: V | S37: V | T37: V | U37: V | V37: V | Y37: V | Z37: V | AA37: V | AB37: V | AC37: V | AD37: V | AE37: V | AF37: V | AG37: V | AH37: V | AI37: V | AJ37: V | AK37: V | AL37: V | AM37: V | AN37: V | AO37: V | AP37: V | AQ37: V | AR37: V | AS37: V | AV37: V | AW37: V | AX37: V | AZ37: V | BB37: V
A38: 45212 | B38: HPX for CMIT | C38: 10A Staging | D38: 26.42340.870.0.A.1 | E38: P015S9-B2A | F38: "NOTE: When testing, please turn off auto update in MS Store app first to avoid being automatically updated to the latest version on MS Store. "NOTE: With json file to enable features in Staging build, please re-sign in after OOBE to trigger the enablement For 2024 NPI Platforms except Arizona Refresh Changes: • Update SmartCam to v3.2310.110 • HPXAPPS-3652 "isUwpInstalled" from @enabling-services/systemproperties is broken • HPXWC-13956 [System Control][Fusion CASL SDK] - Update API to read Smart Sense V2 support • HPXWC-14059 Integrate Transations for Battery manager and System Control • HPXWC-13130 [UserDetect] implement RTK camera feature • HPXAPPS-3165 [SIO2207476] HPX first use flow(1st Launch in online mode) is not localized with EN language image(A2N). • HPXAPPS-3378 [PPR][NativeSetting][Feedback] Misalignment observed for the "text box(Provide any additional feedback)" and "Submit Feedback" • HPXAPPS-2797 [SFT_MPH][FirstUse][Services] Tab order is not navigating on each component of the page. • HPXAPPS-3171 [HomePage][CEC] Observed a cutoff on PC diagnostic Tools Card on resizing screen to smallest mode. • HPXWC-13303 [AudioControl][SpeakerConfig] Seeing cutoff on ft/db dropdowns on resizing screen to smallest mode. | G38: 1. Home Page 2. Video Control - SmartCam v3.2310.110 3. HP Programmable Key 4. Privacy alert 5. Auto Screen Dimming 6. Support 7. Settings 8. System Control 9. Battery Manager 10. Audio Control | I38: V | J38: V | L38: V | M38: V | N38: V | O38: V | P38: V | Q38: V | R38: V | S38: V | T38: V | U38: V | V38: V | Y38: V | Z38: V | AA38: V | AB38: V | AC38: V | AD38: V | AE38: V | AF38: V | AG38: V | AH38: V | AI38: V | AJ38: V | AK38: V | AL38: V | AM38: V | AN38: V | AO38: V | AP38: V | AQ38: V | AR38: V | AS38: V | AV38: V | AW38: V | AX38: V | AZ38: V | BB38: V
A39: 45219 | B39: HPX for CMIT | C39: 11A Staging | D39: 27.42342.923.0.A.1 | E39: P015S9-B2B | F39: "NOTE: When testing, please turn off auto update in MS Store app first to avoid being automatically updated to the latest version on MS Store. "NOTE: With json file to enable features in Staging build, please re-sign in after OOBE to trigger the enablement For 2024 NPI and 2024 Refresh CQ1 platforms Changes: • HPXWC-13592 [SFT_MPH][OTA][AudioControl] HPX application crashes after plugin and plug out of USB Headset in Audio control • HPXWC-13569 [Display][Native] - Implement an event for brightness • HPXWC-13885 [Display][UI] - [Display][UI]Make Use HDR functionality in line with UX/UX • HPXWC-14250 [HPPK] Design & refactor HPPK Main container for NEW UI • HPXWC-14383 [Pen][Commercial] Fix bugs from versions V1 and V2 • HPXWC-12894 [SFT_MPH][PowerManager][Battery] On relaunching the HPX application or navigate from other modules. Battery percentage will change from 0% to current percentage • HPXAPPS-2204 [High Contrast] [Left Nav] Switching between high contrast modes, the selected tab shows the previous high contrast effect • HPXAPPS-4054 [SFT_MPH][OTA][Core][HighContrast] myHP Strings color is changing for 1-2 seconds in top left • HPXWC-14238 [Pen][Commercial] PPR review Observation for update UI layout feature • HPXAPPS-3668 [SFT_MPH][OTA][HomePage][Tab] Navigate through tab in Home page, text cut off of external cards is observed • HPXAPPS-3978 [HPX][SNN]: Link misalignment on SNN startup screen when text size is Maximum • HPXAPPS-4028 [HPX][SNN]: Text lines are congested on the SNN startup screen when the text size is set to maximum • HPXAPPS-4089 [SFT_MPH][Homepage] Nonactionable strings are getting highlighting when navigating through keyboard. • HPXAPPS-4112 [HPX][AUID] 'Connect' link in the 'You're offline' message lacks an AUID • HPXAPPS-3044 [SFT_MPH][Battery][L10N] The tool tip edge showing opposite side and on resize the HPX window tool tip flicker while hover tool tip in HE language • HPXAPPS-3976 [BatteryManager] Tooltip info is not aligned to tooltip icon with Hebrew and Arabic languages. | G39: 1. Home Page 2. Video Control - SmartCam v3.2310.110 3. HP Programmable Key 4. Privacy alert 5. Auto Screen Dimming 6. Support 7. Settings 8. System Control 9. Battery Manager 10. Audio Control 11. Pen | I39: V | J39: V | L39: V | M39: V | N39: V | O39: V | P39: V | Q39: V | R39: V | S39: V | T39: V | U39: V | V39: V | Y39: V | Z39: V | AA39: V | AB39: V | AC39: V | AD39: V | AE39: V | AF39: V | AG39: V | AH39: V | AI39: V | AJ39: V | AK39: V | AL39: V | AM39: V | AN39: V | AO39: V | AP39: V | AQ39: V | AR39: V | AS39: V | AV39: V | AW39: V | AX39: V | AZ39: V | BA39: V | BB39: V
A40: 45226 | B40: HPX for CMIT | C40: 11A Staging | D40: 27.42343.929.0.A.1 | E40: P015S9-B2C | F40: "NOTE: When testing, please turn off auto update in MS Store app first to avoid being automatically updated to the latest version on MS Store. "NOTE: With json file to enable features in Staging build, please re-sign in after OOBE to trigger the enablement For 2024 NPI and 2024 Refresh CQ1 platforms Changes: • • HPXAPPS-4185 [Home] Settings page displayed rather than home page when first launch HPX • HPXAPPS-4263 [TopAppBar] Duplicate myHP Logo & Text is displayed • HPXSUP-2463 [Support Home] [Device List]Use nativebase provided methods to determine screen width • HPXWC-14383 [Pen][Commercial] Fix bugs from versions V1 and V2 • HPXAPPS-2686 [Communications] [HighContrast] Implement support for high contrast for bell msg v0.5.2 • HPXWC-14247 [HPPK] Design & implement radio button layout for new UI of progkey • HPXWC-14254 [SIO2222463] 'Presets' and 'Equalizer' lose in myHP->Audio Control.(myHP:26.42339.861.0) • HPXWC-14196 [ContextAware][AppSettings] Parse inbox apps when updated or not fully loaded • HPXWC-14245 [HPPK] If user is selecting default option user config should get clear Others: • HPXSUP-2445 [RN build][Device list] - The device list flashes on support home after sign out on device details page. • HPXAPPS-3731 [HomePage][CEC] disclaimer font size issue needs to be smaller • HPXAPPS-4103[HPX][Privacy][Tab]Using Tab button we are able to select the text on the "About your Privacy" page • HPXAPPS-702 [SFT_MPH][Homepage] Automated checks test is failing for Homepage • HPXG-614 Assist/guide Print core team with working in HPX framework • HPXWC-11084 SIO2190965 - The upper/lower button funciton of pen will restore to defaults function after resuming system from S4. • HPXAPPS-4170 [FuF] HP logo should not be tab interactable on registration and Privacy page. • HPXAPPS-3383 [SFT_MPH][ContextAware][Highcontrast] Search Icon is came down on applications page when high contrast theme are applied • HPXAPPS-4313 [SFT_MPH][NPSNotification] NPS notification is popping up even the "share your feedback" toggle button is on OFF state in notifications tab. • HPXAPPS-4154 [SFT_MPH][SNN][L10N] Improper spacing is observed between HPX app border and text when we resize screen. • HPXSUP-2461 [Sign in] - HPID page will always pop up after sign out automatically. • HPXSUP-2404 [RN Build] Leave and back to the Support home page, it shouldn't always call GET /devices/service/async • HPXAPPS-3663 [SFT_MPH][Settings][Accessibility] Thank You Banner contents is overlapping when user set text size to maximum. • HPXAPPS-4008 [SFT_MPH][Registration][HighContrast] High Contrast theme is not applied Properly on Registration Page. • HPXAPPS-4219 [FUF] Registration page should not accept any character/Emojis as first and last name. | G40: 1. Home Page 2. Video Control - SmartCam v3.2310.110 3. HP Programmable Key 4. Privacy alert 5. Auto Screen Dimming 6. Support 7. Settings 8. System Control 9. Battery Manager 10. Audio Control 11. Pen | I40: V | J40: V | L40: V | M40: V | N40: V | O40: V | P40: V | Q40: V | R40: V | S40: V | T40: V | U40: V | V40: V | Y40: V | Z40: V | AA40: V | AB40: V | AC40: V | AD40: V | AE40: V | AF40: V | AG40: V | AH40: V | AI40: V | AJ40: V | AK40: V | AL40: V | AM40: V | AN40: V | AO40: V | AP40: V | AQ40: V | AR40: V | AS40: V | AV40: V | AW40: V | AX40: V | AZ40: V | BA40: V | BB40: V
A41: 45240 | B41: HPX for CMIT | C41: 12A Staging | D41: 28.42345.999.0.A.1 | E41: P015S9-B2F | F41: "NOTE: When testing, please turn off auto update in MS Store app first to avoid being automatically updated to the latest version on MS Store. "NOTE: With json file to enable features in Staging build, please re-sign in after OOBE to trigger the enablement For 2024 NPI and 2024 Refresh CQ1 platforms Changes: • HPXAPPS-4914 Multiple modules missing in latest staging build • HPXAPPS-4895 [SmartCam] Smart cam cannot launch when click video control on latest main branch • HPXWC-14874 Left section - show image on the basis of product number • HPXWC-14995 Listing modules in PCDevice • HPXWC-13936 [Sys Control][UI] Naming update from 'Thermal Settings' to 'Performance Control' • HPXWC-14617 [Display] [Middleware & Native) Brightness support for Basic Settings • HPXWC-13580 [RTK SD/ST] Communication between frontend and backend Nuget • HPXAPPS-4193 [SFT_MPH][SNN][Accessibility] Auto check is failing for telemetry link in privacy page. • HPXWC-14627 [SFT_MPH][PenControl][Commercial] Scrolling is not till the end for the action window in the UI • HPXWC-13167 [SFT_MPH][PowerManager][Battery] End schedule notification not seen when we click on Clear schedule button • HPXWC-13221 [SFT_MPH][PowerManager][Battery] End schedule notifications are not trigger when we switch back to other charging options from Schedule battery charging • HPXWC-13881 [SFT_MPH][PowerManager][Battery] In scheduler notifications are triggering intermittently for the invalid peak shift • HPXWC-14857 [SFT_MPH][PCDevice][Analytics] Analytic data is not generating for 'Info' button. • HPXAPPS-4343 [SFT_MPH][Bell] On increasing the font size "Back" and "Done" buttons are getting cropped. • HPXWC-13101 [AudioControl] Audio presets shows up with delay. • HPXAPPS-4219 [FUF] Registration page should not accept any character/Emojis as first and last name. • HPXAPPS-4517 [SIO2226714] Home page shows Hello cvbxz than Hello there in HPX. • HPXAPPS-4413 [HPX][Privacy][FuF] Period sign incorrectly positioned at the start of lines when using Hebrew. • HPXWC-14587 [AudioControl] Speaker Configuration's settings cannot be remembered • HPXAPPS-2949 [HPX win app][prod] First Launch Welcome banner "HpxFirstWelcomeBanner0823" is displaying again even after relaunching the app multiple times | G41: 1. Home Page 2. Video Control - SmartCam v3.2310.110 3. HP Programmable Key 4. Privacy alert 5. Auto Screen Dimming 6. Support 7. Settings 8. System Control 9. Battery Manager 10. Audio Control 11. Pen | I41: V | J41: V | L41: V | M41: V | N41: V | O41: V | P41: V | Q41: V | R41: V | S41: V | T41: V | U41: V | V41: V | Y41: V | Z41: V | AA41: V | AB41: V | AC41: V | AD41: V | AE41: V | AF41: V | AG41: V | AH41: V | AI41: V | AJ41: V | AK41: V | AL41: V | AM41: V | AN41: V | AO41: V | AP41: V | AQ41: V | AR41: V | AS41: V | AV41: V | AW41: V | AX41: V | AZ41: V | BA41: V | BB41: V
A42: 45250 | B42: HPX for CMIT | C42: 12A Staging | D42: 28.42346.1012.0.A.1 | E42: P015S9-B2G | F42: "NOTE: When testing, please turn off auto update in MS Store app first to avoid being automatically updated to the latest version on MS Store. For 2024 NPI and 2024 Refresh CQ1 platforms Changes: • HPXWC-14928 SIO2228966/ SIO2229765 - [Alish2145I]Equalizer 10-ban values will change back to the previous custom settings when re-launch HPX Audio Control after manually adjusting the value and then clicking on the "Restore..." button. • HPXAPPS-4889 [SIO2230813] The webpage shown 'Page can't be reached' when click 'HP's Privacy Statement' link under HPX/Settings/Feedback Stories: • HPXWC-15058 Scrollbar implementation for listing modules in PCDevice • HPXWC-14993 [Pen][Consumer] Implement caching logic for Pen module • HPXWC-15176 [Pen] Observation found Pen Control Module for Pen name edit and Battery • HPXAPPS-4569 [Analytics] Add RNC package building to get the config keys in the backgroundtask • HPXWC-14940 [HPPK] Match automation UI as figma design • HPXWC-15049 Header V4 - Tooltip and Icon hover for PCDevice new UI • HPXSUP-2557 [Support Home] Device list and VA parts are clickable • HPXAPPS-4656 [HomePage] Update banner CTA buttons as per API • HPXAPPS-4191[SFT_MPH][HighContrast][SettingsNative] High contrast color is not reflecting for "HP's Privacy Statement" hyperlink in the Feedback tab. • HPXAPPS-4370 [SFT_MPH][SettingsNative] Narrator is not narrating the hyperlink "HP's Privacy Statement" in the Feedback tab. • HPXWC-15121 [SIO2230950] : No extra option extend after click More in HPX Pen control button setting menu. • HPXAPPS-4347 [SFT_MPH][OTA][PCDevice] Product number and Serial number action items are not highlighting when switching through tab key. • HPXWC-15231 [Pen] Pen name Text and pen icon is not in center • HPXSUP-2386 [RN][Performance] - Sometimes- Sign in profile, Close HPX and then reopen, go to Support home page, the performance is not good • HPXAPPS-4739 [win-client][Pie] In Big text system setting "HpStoreGiftGuideHeroBanner1023" welcome banner text is cropped. | G42: 1. Home Page 2. Video Control - SmartCam v3.2310.110 3. HP Programmable Key 4. Privacy alert 5. Auto Screen Dimming 6. Support 7. Settings 8. System Control 9. Battery Manager 10. Audio Control 11. Pen | I42: V | J42: V | L42: V | M42: V | N42: V | O42: V | P42: V | Q42: V | R42: V | S42: V | T42: V | U42: V | V42: V | Y42: V | Z42: V | AA42: V | AB42: V | AC42: V | AD42: V | AE42: V | AF42: V | AG42: V | AH42: V | AI42: V | AJ42: V | AK42: V | AL42: V | AM42: V | AN42: V | AO42: V | AP42: V | AQ42: V | AR42: V | AS42: V | AV42: V | AW42: V | AX42: V | AZ42: V | BA42: V | BB42: V
A43: 45257 | B43: HPX for CMIT | C43: 12A Staging | D43: 28.42347.1056.0.A.1 | E43: P015S9-B2H | F43: "NOTE: When testing, please turn off auto update in MS Store app first to avoid being automatically updated to the latest version on MS Store. For 2024 NPI and 2024 Refresh CQ1 platforms Changes: HPXWC-14724 [SFT_MPH][AppSettings-Display][AIO] Observed that we are not able to see night mode visual changes after adding any application to the application settings HPXAPPS-4668 [SIO2227271/SIO2227895] HPX will auto close after launch it when user name is Traditional Chinese on AB0_TW system HPXWC-15147 Faded effect for last option in listing modules in PCDevice HPXAPPS-4540 [localization] Some card description text in pc device module is cut off in fr-CA and es-MX languages HPXWC-15112 [HPPK] Unit test for util helper HPPK HPXWC-15366 [SFT_MPH][OTA_FFT][PC Device] While navigating PC device to home page Observed Edit icon seen in PC device page. HPXWC-15415 [PCDevice] The PN and SN numbers appear for a second when opening PCDevice HPXAPPS-5265 [Navigation] Click support tile from Home page, it goes to Device details page unexpectedly HPXWC-14942 SIO2227520 [Baymax] The camera's power state show D0 in device manager after closed all camera apps on desktop. HPXWC-15468 SIO2235859 - [NB][Sandwalker][IEC][SCIT-SUS][Win10][22H2]: List "Eye Contact" in "Enhance" of video control(MyHP). | G43: 1. Home Page 2. Video Control - SmartCam v3.2310.116 3. HP Programmable Key 4. Privacy alert 5. Auto Screen Dimming 6. Support 7. Settings 8. System Control 9. Battery Manager 10. Audio Control 11. Pen | I43: V | J43: V | L43: V | M43: V | N43: V | O43: V | P43: V | Q43: V | R43: V | S43: V | T43: V | U43: V | V43: V | Y43: V | Z43: V | AA43: V | AB43: V | AC43: V | AD43: V | AE43: V | AF43: V | AG43: V | AH43: V | AI43: V | AJ43: V | AK43: V | AL43: V | AM43: V | AN43: V | AO43: V | AP43: V | AQ43: V | AR43: V | AS43: V | AV43: V | AW43: V | AX43: V | AZ43: V | BA43: V | BB43: V
A44: 45264 | B44: HPX for CMIT | C44: 1A Staging | D44: 29.42348.1097.0.A.1 | E44: P015S9-B2J | F44: "NOTE: When testing, please turn off auto update in MS Store app first to avoid being automatically updated to the latest version on MS Store. For 2024 NPI and 2024 Refresh CQ1 platforms Changes: • HPXAPPS-5423 [SIO2237693] No Registration page in HPX first use flow without completing registration page during OOBE • HPXWC-15580 [HPPK] Implement localization for new HPPK UI • HPXWC-15513 [HPPK] Open a new model with 'OK' and 'CANCLE' button on click of save button for default option • HPXWC-15815 [HPPK] Write the Unit test cases for progkey and increase the Coverage % • HPXWC-15517 [HPPK] Write the Unit test cases for Key Sequence files and increase the Coverage % • HPXWC-15697 [Pen Control] [Commercial] User Interface issues include Top button overlapping with Pen Image and a scrollbar in the sidebar touching the header border • HPXAPPS-1266 [Core] isLoggedIn not return correct value when launching HPX • HPXAPPS-5487 [HPX][SNN] Link cut off on a First Use Flow Privacy page when TAB navigating. • HPXAPPS-5486 [HPX][SNN] Text is being selected with link on a First Use Flow Privacy page when TAB navigating. • HPXWC-14558 [SFT_MPH][PenControl][Commercial] Flickering issues are observed for the highlighting features in the UI • HPXWC-15648 [Pen Control][Commercial] Hover-Click Toggle switch button does not turn ON when clicked • HPXWC-15649 [Pen Control][Commercial] 'Upper barrel button' Action level not changing and it is remains in its previous state, while changing actions 'Right Click' to 'Erase' or visa versa • HPXAPPS-5271 [SFT_CSS][OTA][SettingsNative] Narrator is not narrating the hyperlink "HP's Privacy Statement" in the Feedback tab. • HPXAPPS-5196 [SFT_CSS][OTA][Settings] Narrator is reading non actionable item by navigating through tab key • #6729 Disable Commercial Audio/8A | G44: 1. Home Page 2. Video Control - SmartCam v3.2310.116 3. HP Programmable Key 4. Privacy alert 5. Auto Screen Dimming 6. Support 7. Settings 8. System Control 9. Battery Manager 10. Pen | I44: V | J44: V | L44: V | M44: V | Y44: V | Z44: V | AA44: V | AB44: V | AC44: V | AD44: V | AE44: V | AF44: V | AG44: V | AH44: V | AI44: V | AJ44: V | AK44: V | AL44: V | AM44: V | AN44: V | AO44: V | AP44: V | AQ44: V | AR44: V | AS44: V | AV44: V | AW44: V | AX44: V | AZ44: V | BA44: V | BB44: V
A45: 45271 | B45: HPX for CMIT | C45: 12A RC3 | D45: 28.52349.1300.0.A.1 | E45: P015S9-B2L | F45: "NOTE: When testing, please turn off auto update in MS Store app first to avoid being automatically updated to the latest version on MS Store. For 2024 NPI and 2024 Refresh CQ1 platforms Changes: Known Issues: • HPXAPPS-4456 [Home][Performance] Home Page first use load time has increased by ~2 seconds between the .829 and .909 builds • HPXAPPS-4844 [HPX][Analytics] No data flow on Kibana after First Use Flow. P1: • HPXWC-16083 [PenControl][Commercial] Pen module visible on non targeted devices Stories: • HPXWC-16058 [AudioControl] Update 10A code to contain 12A logo logic for audio control Others: • #6846 Rollback storybook hardcoding in startup | G45: 1. Home Page 2. Video Control - SmartCam v3.2310.116 3. HP Programmable Key 4. Privacy alert 5. Auto Screen Dimming 6. Support 7. Settings 8. System Control 9. Pen | I45: V | J45: V | L45: V | M45: V | Y45: V | Z45: V | AA45: V | AB45: V | AC45: V | AD45: V | AE45: V | AF45: V | AG45: V | AH45: V | AI45: V | AJ45: V | AK45: V | AL45: V | AM45: V | AN45: V | AO45: V | AP45: V | AQ45: V | AR45: V | AS45: V | AV45: V | AW45: V | AX45: V | AZ45: V | BA45: V
A46: 45275 | B46: HPX for CMIT | C46: 1A Staging | D46: 29.42350.1232.0.A.1 | E46: P015S9-B2N | F46: "NOTE: When testing, please turn off auto update in MS Store app first to avoid being automatically updated to the latest version on MS Store. For 2024 NPI platforms with CFR on or after 1/25 Changes: • HPXAPPS-4456 [Home][Performance] Home Page first use load time has increased by ~2 seconds between the .829 and .909 builds • HPXWC-16083 [PenControl][Commercial] Pen module visible on non targeted devices • HPXAPPS-5482 Update profile icon to new design • HPXAPPS-5481 Update bell icon to new design • HPXAPPS-6084 Update Home/Welcome page alignments fix as per latest Figma • HPXAPPS-5336 [HomePage][Banner] Homepage banner text need to update the text, once we get it from the translation team. • HPXWC-16162 [Application Settings][PPR] Chevron Hover State is Incorrect • HPXWC-16122 [Application Settings][PPR] Add Application Button, Incorrect interior margin • HPXWC-15985 [SFT_MPH][HPPK] Tab navigates to background elements when open website dialogue box • HPXAPPS-5407 [Auth] Sign out is taking too long and the profile icon seems like its frozen • HPXWC-15888 SIO2230381 - [Func-DE][NB][Pen][IEC][Baymax13X][SI][Win11][23H2][FF][adhoc]: Cannot restore pen name "HP Rechargeable Active Pen G3" on "Device-Pen" page after click restore defaults. • HPXAPPS-5569 [SFT_CSS][OTA][SNN] Tab highlighter is highlighting the whole UI of the SNN page • HPXAPPS-5632 [SFT_CSS][Settings][HighContrast] The warning text color is not per the respective contrast mode suggests. • HPXWC-15739 [SFT_MPH][PCDevice] White shadow line observed when we minimize in Dark mode • HPXAPPS-5570 [SFT_CSS][OTA][Core] Narrator is selecting connect button 2 times in offline state • HPXWC-15889 [PC][PPR] Device Page Update, PPR Comments • HPXWC-16128 [Application Settings][PPR] Margins around the App Settings component are incorrect • HPXG-717 Extra entries "PrintHpSmart", "My Scan" on Nav bar. | G46: 1. Home Page 2. Video Control - SmartCam v3.2310.116 3. HP Programmable Key 4. Privacy alert 5. Auto Screen Dimming 6. Support 7. Settings 8. System Control 9. Battery Manager 10. Pen | I46: V | J46: V | L46: V | M46: V | Y46: V | Z46: V | AA46: V | AB46: V | AC46: V | AD46: V | AE46: V | AF46: V | AG46: V | AH46: V | AI46: V | AJ46: V | AK46: V | AL46: V | AM46: V | AN46: V | AO46: V | AP46: V | AQ46: V | AR46: V | AS46: V | AV46: V | AW46: V | AX46: V | AZ46: V | BA46: V | BB46: V
A47: 45275 | B47: HPX for CMIT | C47: 12A RC3 | D47: 28.52349.1300.0.A.1 | E47: P015S9-B2L | F47: "NOTE: When testing, please turn off auto update in MS Store app first to avoid being automatically updated to the latest version on MS Store. 2024 NPI platforms Freddo and Broncos also need to target 12A RC3 Changes: Known Issues: • HPXAPPS-4456 [Home][Performance] Home Page first use load time has increased by ~2 seconds between the .829 and .909 builds • HPXAPPS-4844 [HPX][Analytics] No data flow on Kibana after First Use Flow. P1: • HPXWC-16083 [PenControl][Commercial] Pen module visible on non targeted devices Stories: • HPXWC-16058 [AudioControl] Update 10A code to contain 12A logo logic for audio control Others: • #6846 Rollback storybook hardcoding in startup | G47: 1. Home Page 2. Video Control - SmartCam v3.2310.116 3. HP Programmable Key 4. Privacy alert 5. Auto Screen Dimming 6. Support 7. Settings 8. System Control 9. Pen | I47: V | J47: V | L47: V | M47: V | Y47: V | Z47: V | AA47: V | AB47: V | AC47: V | AD47: V | AE47: V | AF47: V | AG47: V | AH47: V | AI47: V | AJ47: V | AK47: V | AL47: V | AM47: V | AN47: V | AO47: V | AP47: V | AQ47: V | AR47: V | AS47: V | AV47: V | AW47: V | AX47: V | AZ47: V | BA47: V
A48: 45285 | B48: HPX for CMIT | C48: 1A Staging | D48: 29.42351.1251.0.A.1 | E48: P015S9-B2P | F48: "NOTE: When testing, please turn off auto update in MS Store app first to avoid being automatically updated to the latest version on MS Store. For 2024 NPI platforms with CFR on or after 1/25 Changes: • HPXAPPS-6378 [Settings] Settings page Privacy screen is showing Common Consent Screen • HPXWC-16332 [SIO2234213] Package_0" shows "C6" not "C10" after checking by Powerhouse_Mountain tool(4.19.4). • HPXWC-15887 SIO2230129 - [Func-DE][NB][Pen][IEC][Baymax13X][SI][Win11][23H2][FF][adhoc]: Battery icon show charging in myHP when pen is on charge. • HPXAPPS-6146 [AppBar] Add high contrast style for new Bell design • HPXAPPS-6304 [SFT_CSS][OTA][Core] On launching HPX application myHP logo is changing its location. • HPXWC-15094 [SFT_MPH][SmartSense V2] The disabled cards are selecting using the tab navigation • HPXAPPS-6106 [SFT_CSS][OTA][SettingsPage] In About & Privacy pages while clicking on hyperlink icons it is not navigating to the browser. • #6793 [System Control] - Unit test cases to increase test coverage #trivial #6793 • HPXAPPS-4761 List of feature flags on eng dashboard incorrect • HPXWC-15991 SIO2230112 - [Func-DE][NB][Pen][IEC][Baymax13X][SI][Win11][23H2][FF]: MyHP-Device-Pen not launched when click "More settings from your device manufacturer" in MS setting. • HPXWC-16008 SIO2239822 - [SFT_MPH][PowerManager][Commerical][Oaken16][[PV] The Full charge(Maximize) capacity is showing greater than Designed(New) capacity • HPXWC-16221 [SIO2239854] The HyperX logo in HPX show cut off on FHD Skus. • HPXWC-13463 [SFT_MPH][PowerManager][Battery]Battery health showing 'Replacement required' message and the charging status is none after kept the system idle overnight by set peak shift • HPXWC-15235 [SFT_MPH][PowerManager] [Consumer] Battery percentage and symbol showing null when system reaches 80% with 'Maximize battery health' is enabled • HPXWC-16240 [ContextAware][AppSettings] Chevron highlight on hover and click is not visible in high contrast themes • HPXWC-16214 [Pen Control][Commercial] When navigating using the tab key and subsequently pressing Enter, the expected Hover click info icon tooltip fails to display. • HPXWC-16281 [SFT_MPH][PenControl][Commercial] A space is observed between the Action list and the header of the module • HPXWC-16145 SIO2240483 - [NB][Olaf][SI][QTA][SCIT-NPI][IV][Win11][23H2]: The "Security Configuration Management" show cut off in myHP/ Programmable Key/Applications window. • HPXWC-15837 [ProgKey] Observation found in Automation UI . • HPXAPPS-5488 [HPX][SNN] The hyperlink "HP Privacy Statement" on the Settings-> Privacy screen and SNN is redirecting to an incorrect webpage • HPXAPPS-5594 [SFT_CSS][OTA]Home][Accessibility] Non-Actionable items are getting highlighted while navigating through Tab key in Home Page without internet. • HPXWC-13342 [SFT_MPH][PowerManager][Battery] 'End/Start time missing' message appear when we replace start/end time with blank (--) • HPXWC-15400 SIO2229332 - [NB][Baymax14W][SI][IEC][SCIT-NPI][SIT][W70_002000][Win11][23H2]: Total(hours) does not show correctly after selecting -- in Start time/End time list in Battery manager. • HPXWC-15000 [SFT_MPH][PowerManager][Tab] Tab is not navigating to warning message displayed on the UI when Bios setting disabled • HPXWC-15753 [SFT_MPH][PowerManager] Radio buttons tool tips are not in proper position • HPXWC-14739 [SFT_MPH][PowerManager][Battery][L10N] Maximum capacity tool tip is overlapping with the value • HPXWC-16204 [SFT_MPH][HPPK] Text is not deleted when click cancel button ,navigate to programmable key/support key and back to Pc device key • HPXWC-16236 [SFT_MPH][HPPK] Radio button analytics id's are not generating • HPXWC-16207 [SFT_MPH][HPPK] Key sequence and text input cancel buttons are not same as per the figma • HPXWC-15318 [SFT_MPH][ContextAware] ContextAware module is not seen when we launch first time • HPXWC-14243 [SFT_MPH][Battery][PowerManager][Commercial] Start/End time strings are not aligned properly | G48: 1. Home Page 2. Video Control - SmartCam v3.2310.116 3. HP Programmable Key 4. Privacy alert 5. Auto Screen Dimming 6. Support 7. Settings 8. System Control 9. Battery Manager 10. Pen | I48: V | J48: V | L48: V | M48: V | Y48: V | Z48: V | AA48: V | AB48: V | AC48: V | AD48: V | AE48: V | AF48: V | AG48: V | AH48: V | AI48: V | AJ48: V | AK48: V | AL48: V | AM48: V | AN48: V | AO48: V | AP48: V | AQ48: V | AR48: V | AS48: V | AV48: V | AW48: V | AX48: V | AZ48: V | BA48: V | BB48: V
A49: 45289 | B49: HPX for CMIT | C49: 1A Staging | D49: 29.42352.1257.0.A.1 | E49: P015S9-B2R | F49: "NOTE: When testing, please turn off auto update in MS Store app first to avoid being automatically updated to the latest version on MS Store. For 2024 NPI platforms with CFR on or after 1/25 For 2024 Refresh CQ1 DT platforms Changes: • HPXAPPS-6075 [Deeplink] Support and SmartCam deeplink are not working properly. • HPXWC-16336 [UserDetect] correct get status/version API in Proximity sensor • HPXAPPS-6244 Add Secured/Developer Fusion info to the Engineering Dashboard • HPXWC-16341 [System Control] Implement the Performance Modes in mWS platforms • HPXAPPS-6308 [SFT_CSS][OTA][Core] After increasing text size to maximum "myHP" string in top left navbar is having cutoff issue after every relaunch • HPXSUP-2679 [HPPTU][SIO2240292][SIO2240901]"HP Performance Tune-up" cannot be minimized by clicking the icon on taskbar. • HPXAPPS-6160 [SIO2241975/SIO2240542/SIO2242233/SIO2244235/SIO2245372] 'Sorry, page not found' with 404 error shows out when clicking 'Pin apps' button of 'Pin apps to your taskbar' card of HPX home page. • HPXWC-16349 [SFT_MPH][HPPK] Without adding configurations, selected options are persistent on London platform. • HPXWC-16329 [PowerManager][Commerical] Tooltip Arrow pointer alignment is not proper • HPXAPPS-6265 [HPPK] After clicking enter key in Key sequence next line is getting add. • HPXAPPS-4533 [HPX][FirstUseFlow] The 'Learn more' link misalignment on First Use Flow screen in Spanish and Italian • HPXAPPS-6090 Strings composed of numbers are incorrectly cast to integers | G49: 1. Home Page 2. Video Control - SmartCam v3.2310.116 3. HP Programmable Key 4. Privacy alert 5. Auto Screen Dimming 6. Support 7. Settings 8. System Control 9. Battery Manager 10. Pen | I49: V | J49: V | L49: V | M49: V | Y49: V | Z49: V | AA49: V | AB49: V | AC49: V | AD49: V | AE49: V | AF49: V | AG49: V | AH49: V | AI49: V | AJ49: V | AK49: V | AL49: V | AM49: V | AN49: V | AO49: V | AP49: V | AQ49: V | AR49: V | AS49: V | AV49: V | AW49: V | AX49: V | AZ49: V | BA49: V | BB49: V
A50: 45299 | B50: HPX for CMIT | C50: 1A Staging | D50: 29.42401.17.0.A.1 | E50: P015S9-B2S | F50: "NOTE: When testing, please turn off auto update in MS Store app first to avoid being automatically updated to the latest version on MS Store. For 2024 NPI platforms with CFR on or after 1/25 For 2024 Refresh CQ1 NB platforms Changes: • HPXWC-16637 [AppSettingsDisplay] Application menu page keeps on loading intermittently • HPXAPPS-4844 [HPX][Analytics] No data flow on Kibana after First Use Flow for 10 minutes. • HPXAPPS-6293 [Crash] Launching myHP intermittently results in crash • HPXAPPS-4949 [SFT_MPH][Core] Intermittently no module from the navigation bar is opening even on clicking multiple times • HPXWC-16380 [HPPK] Integrate translated strings for localization of new UI • HPXAPPS-5359 [SNN] Replace the use of the useStrictlyNecessaryNotice hook (Settings/FuF) • HPXWC-16577 [UserDetect] Update 3rd party libraries • HPXAPPS-6445 Refactor hp-af/navigator • HPXWC-16612 [SFT_MPH][PCDevice] When we click on devices card on pc device page it is not navigating to anywhere • HPXAPPS-6523 [SFT_CSS][OTA][Settings][Accessibility] Narrator is reading Tabs as Text. | G50: 1. Home Page 2. Video Control - SmartCam v3.2310.116 3. HP Programmable Key 4. Privacy alert 5. Auto Screen Dimming 6. Support 7. Settings 8. System Control 9. Battery Manager 10. Pen | I50: V | J50: V | L50: V | M50: V | Y50: V | Z50: V | AA50: V | AB50: V | AC50: V | AD50: V | AE50: V | AF50: V | AG50: V | AH50: V | AI50: V | AJ50: V | AK50: V | AL50: V | AM50: V | AN50: V | AO50: V | AP50: V | AQ50: V | AR50: V | AS50: V | AV50: V | AW50: V | AX50: V | AZ50: V | BA50: V | BB50: V
A51: 45306 | B51: HPX for CMIT | C51: 1A RC2 | D51: 29.52402.56.0.A.1 | E51: P015S9-B2U | F51: "NOTE: When testing, please turn off auto update in MS Store app first to avoid being automatically updated to the latest version on MS Store. For 2024 Refresh CQ1 NB platforms Changes: Known Issues: • HPXWC-16851[SFT_MPH][OTA_FFT][PCDevice] 'INFO' icon is missing in PC Device page • HPXAPPS-5586 Remove old version of feature-switch library • HPXAPPS-5285 [CommonConsents] Show CommonConsents only for first launch flow. • HPXWC-16784 [SFT_MPH][PenControl][Commercial] Pen Sensitivity tab is not opening in the UI of the module • HPXAPPS-6293 [Crash] Launching myHP intermittently results in crash • HPXAPPS-4949 [SFT_MPH][Core] Intermittently no module from the navigation bar is opening even on clicking multiple times • HPXSUP-2735 [Support] Support on the left bar should not show as "24/7Pro live support" • HPXSUP-2662 Uninstall - Remove installed files for Support • HPXAPPS-5359 [SNN] Replace the use of the useStrictlyNecessaryNotice hook (Settings/FuF) • HPXWC-16291 [HPAC] Co-exist with HPAC standalone app • HPXAPPS-6485 [Privacy][CommonConsents] Manage Setting should show User Choices in Offline Mode • HPXWC-16520 [VideoControl] Not able to launch smartcam from PCdevice page. • HPXWC-16594 [SFT_MPH][ContextAware][Accessibility] Accessibility insights failed for Arrow keys on CA module • HPXWC-16367 [SFT_MPH][HPPK] Cut off is observed for cancel button in message pop up on increasing text size maximize • HPXAPPS-6620 [HPX] Copyright string on About screen is not up to date. • HPXG-845 App crashes after cancelling scan • HPXWC-15884 SIO2230126 - [Func-DE][NB][Pen][IEC][Baymax13X][SI][Win11][23H2][FF]: Upper barrel button defaults setting show Right click in "myhp - device - pen". • HPXG-834 Preview not displaying cancel options while scanning • HPXAPPS-6488 [HPX][SNN]Narrator is reading the myHP logo image on the title bar of the SNN startup screen • HPXAPPS-6478 [SFT_CSS][OTA][HPID] Tab is selecting avatar icon in offline state • HPXAPPS-6302 [SFT_CSS][OTA_FFT][SNN][Accessibility] "HP PRIVACY STATEMENT" is cut off while navigating through Tab key when text size is maximum • HPXAPPS-3231 [SFT_MPH][HomePage] Narrator not selecting icons on cards under "Next steps" section when navigating through Caps lock and arrow keys. • HPXWC-16599 [SFT_MPH][PCDevice] Narrator is reading as button instead of battery manager button in pc device page | G51: 1. Home Page 2. Video Control - SmartCam v3.2310.116 3. HP Programmable Key 4. Privacy alert 5. Auto Screen Dimming 6. Support 7. Settings 8. System Control 9. Pen | I51: V | J51: V | L51: V | M51: V | Y51: V | Z51: V | AA51: V | AB51: V | AC51: V | AD51: V | AE51: V | AF51: V | AG51: V | AH51: V | AI51: V | AJ51: V | AK51: V | AL51: V | AM51: V | AN51: V | AO51: V | AQ51: V | AR51: V | AS51: V | AV51: V | AW51: V | AX51: V | AZ51: V | BA51: V
A52: 45306 | B52: HPX for CMIT | C52: 1A Staging | D52: 29.42402.32.0.A.1 | E52: P015S9-B2V | F52: "NOTE: When testing, please turn off auto update in MS Store app first to avoid being automatically updated to the latest version on MS Store. For 2024 NPI platforms with CFR on or after 1/25 Changes: • HPXWC-16784 [SFT_MPH][PenControl][Commercial] Pen Sensitivity tab is not opening in the UI of the module • HPXWC-15709 [Sys Control][Focus mode] Nuget update • ⁠HPXSUP-2662 Uninstall - Remove installed files for Support • ⁠HPXAPPS-5285 [CommonConsents] Show CommonConsents only for first launch flow. • HPXAPPS-5586 Remove old version of feature-switch library • HPXWC-16520 [VideoControl] Not able to launch smartcam from PCdevice page. • HPXWC-16594 [SFT_MPH][ContextAware][Accessibility] Accessibility insights failed for Arrow keys on CA module • HPXWC-16367 [SFT_MPH][HPPK] Cut off is observed for cancel button in message pop up on increasing text size maximize • ⁠HPXAPPS-6620 [HPX] Copyright string on About screen is not up to date. • ⁠HPXG-845 App crashes after cancelling scan • ⁠HPXWC-15884 SIO2230126 - [Func-DE][NB][Pen][IEC][Baymax13X][SI][Win11][23H2][FF]: Upper barrel button defaults setting show Right click in "myhp - device - pen" • ⁠HPXG-834 Preview not displaying cancel options while scanning | G52: 1. Home Page 2. Video Control - SmartCam v3.2310.116 3. HP Programmable Key 4. Privacy alert 5. Auto Screen Dimming 6. Support 7. Settings 8. System Control 9. Battery Manager 10. Pen | I52: V | J52: V | L52: V | M52: V | Y52: V | Z52: V | AA52: V | AB52: V | AC52: V | AD52: V | AE52: V | AF52: V | AG52: V | AH52: V | AI52: V | AJ52: V | AK52: V | AL52: V | AM52: V | AN52: V | AO52: V | AQ52: V | AR52: V | AS52: V | AV52: V | AW52: V | AX52: V | AZ52: V | BA52: V | BB52: V
A53: 45313 | B53: HPX for CMIT | C53: 2A Staging | D53: 30.42403.48.0.A.1 | E53: P015S9-B2W | F53: "NOTE: When testing, please turn off auto update in MS Store app first to avoid being automatically updated to the latest version on MS Store. For 2024 NPI platforms with CFR on or after 1/25 Changes: • HPXWC-16848 [SFT_MPH][PenControl][Commercial] Pen Control module is not visible in HPX application with 1A RC2 v. 29.52402.56.0 • HPXSUP-2760 [OCF][HPOSCheck] - Set the language is sr-Latn-RS, the UI of OSCheck isn't expected • HPXAPPS-6993 [CGQA] Overrides are not working • HPXWC-16832 [PCDevicePg] Old UI is visible on PC Device Page. • HPXAPPS-6990 [HPX] App keeps loading when re-launch the app with offline mode. • HPXAPPS-6973 Bump Major Version post 1A branching • HPXWC-16629 [HPPK] Support Keyboards events for updated react native version • HPXAPPS-6240 [Privacy][CommonConsents] Update Common Consent Screens to match figma • [UserDetection] Fix fusion manifest name mismatch #7143 • HPXWC-16616 [SFT_MPH][PCDevice] Automated checks are failing for PC device page • HPXG-837 App Crashes after attempting to delete scanned items from the Rotate Bottom Nav bar • HPXWC-16609 [HPPK] Configurations are getting deleted automatically in key sequence. • HPXAPPS-5361 [SFT_CSS][OTA][HomePage] Color contrast highlighter of Accessibility insights for windows tool is not highlighting the icons of the cards under Take action section. • HPXAPPS-6404 [SFT_CSS][SNN][Analytics] AUID for telemetry link fails to appear post collecting psswlogs • HPXWC-16761 Automated check is failing for some of the strings in HPPK UI • HPXG-859 "Something went wrong" shows when clicking Rotate on Thumbnail screen after added images. • HPXWC-16772 [PenControl][Commercial] Unintended underline appears beneath the 'more' link, requiring removal. • HPXWC-16575 [SFT_MPH][SmartSenseV2][Tab] Tab is not navigating to warning message displayed on the UI when turn on the Battery saver mode • HPXWC-16596 SIO2245651 - [NB][Oaken][PV][QTA][SCIT-NPI][IV][Win11][23H2]: The string "Fully Charged" shows English in HPX_Battery Manager. • HPXAPPS-6729 [HPX][Settings][Privacy]Narrator is reading the "click here" hyperlink as "text" on the Settings -> Privacy screen • HPXAPPS-6109 [SFT_CSS][OTA][Settings][Accessibility] In Privacy Page & About Page while navigating through Tab Key and Narrator it is not narrating Links as Links • [UserDetection] Update Gesture OSD ⁠#7087 • HPXWC-16591 [ContextAware] The checkbox and continue button in the pop-up window of delete application have no Analytics data • HPXWC-16588 [ContextAware] The add button for adding applications does not have Analytics data • HPXAPPS-6122 [HPX][Settings][Privacy] Narrator is not reading the last statement on the Settings -> Privacy screen • HPXWC-16766 SIO2238376 - [Dogfood][ErnestoX][SI-R]: Power Saving modes option cannot be switched under myHP System control after connect external monitor thru docking | G53: 1. Home Page 2. Video Control - SmartCam v3.2310.116 3. HP Programmable Key 4. Privacy alert 5. Auto Screen Dimming 6. Support 7. Settings 8. System Control 9. Battery Manager 10. Pen | I53: V | J53: V | L53: V | M53: V | Y53: V | Z53: V | AA53: V | AB53: V | AC53: V | AD53: V | AE53: V | AF53: V | AG53: V | AH53: V | AI53: V | AJ53: V | AK53: V | AL53: V | AM53: V | AN53: V | AO53: V | AQ53: V | AR53: V | AS53: V | AV53: V | AW53: V | AX53: V | AZ53: V | BA53: V | BB53: V
A54: 45317 | B54: HPX for CMIT | C54: 1A RC5 | D54: 29.52403.100.0.A.1 | E54: P015S9-B2X | F54: "NOTE: When testing, please turn off auto update in MS Store app first to avoid being automatically updated to the latest version on MS Store. For 2024 NPI Luisa and Ernesto For 2024 Refresh CQ1 NB Changes: • HPXWC-16821 [ContextAware] App setting bar is not visible in Display Control module • HPXWC-16578 [SFT_MPH][ContextAware] ContextAware module is not seen when we launch first • HPXAPPS-6032 [HPX][CEPRenderer]: Add feature flag control to updated CEP design in home page • HPXAPPS-6996 [SFT_CSS][HPID] Prepopulation is not working as Expected • HPXWC-16824 [SFT_MPH][SystemControl] High performance card is showing with RC. 1A HPX v.29.52402.49.0 on Workstation platform • HPXAPPS-7026 [Analytics] AUIDs for Navigation Panel fails to appear post collecting PSSW logs myHP application • HPXSUP-2760 [OCF][HPOSCheck] - Set the language is sr-Latn-RS, the UI of OSCheck isn't expected • HPXAPPS-6993 [CGQA] Overrides are not working • HPXWC-16848 [SFT_MPH][PenControl][Commercial] Pen Control module is not visible in HPX application with 1A RC2 v. 29.52402.56.0 • HPXAPPS-6990 [HPX] App keeps loading when re-launch the app with offline mode. • HPXAPPS-6951 [Bell] Notification flyout and all controls in flyout is showing up old design • HPXWC-16851 [SFT_MPH][OTA_FFT][PCDevice] 'INFO' icon is missing in PC Device page • HPXAPPS-6912 [Home] Not properly highlighted on left nav menu when click "view all controls" in homepage. • HPXAPPS-6998 [SFT_MPH][OTA][Core] PC device is not highlighted in hamburger menu when pressing S3 keys in London unit • HPXAPPS-6680 [SFT_CSS][OTA_FFT][HomePage] " View all controls" is seen with store build 29.52401.17.0 on home page which is not as per figma. | G54: 1. Home Page 2. Video Control - SmartCam v3.2310.116 3. HP Programmable Key 4. Privacy alert 5. Auto Screen Dimming 6. Support 7. Settings 8. System Control 9. Pen | I54: V | J54: V | L54: V | M54: V | Y54: V | Z54: V | AA54: V | AB54: V | AC54: V | AD54: V | AE54: V | AF54: V | AG54: V | AH54: V | AI54: V | AJ54: V | AK54: V | AL54: V | AM54: V | AN54: V | AO54: V | AQ54: V | AR54: V | AS54: V | AV54: V | AW54: V | AX54: V | AZ54: V | BA54: V
A55: 45317 | B55: HPX for CMIT | C55: 2A Staging | D55: 30.42404.73.0.A.1 | E55: P015S9-B2Y | F55: "NOTE: When testing, please turn off auto update in MS Store app first to avoid being automatically updated to the latest version on MS Store. For 2024 NPI platforms with CFR on or after 2/8 Changes: • HPXAPPS-7026 [Analytics] AUIDs for Navigation Panel fails to appear post collecting PSSW logs • HPXWC-16578 [SFT_MPH][ContextAware] ContextAware module is not seen when we launch first time • HPXWC-16769 [PenControl][Commercial] Info Icon product number, serial number and firmware version buttons fail to deselect after pressing the tab key • HPXWC-16672 [SFT_MPH][OTA][HPPK] Increase the text size we observe function key and logo cut off. • HPXAPPS-6246 SIO2240058 - [SplendorR] Notifications in HPX show cut off on AB2 image. • HPXWC-16013 [SFT_MPH][AppSettingsDisplay][AIO] After resuming from sleep if user has added some app from app list to the Specific application, the display settings(mode/brightness) will be changed randomly for a while as the application settings switch automatically • HPXAPPS-4716 [HPX][Analytics] pcDetails event isn't triggered after the app's first launch. • HPXAPPS-6502 [Merged][SFT_CSS][HomePage] Narrator is narrating the description as button in the tiles instead of title. • HPXWC-16782 [Application Settings][Default Apps] Re-design the Inbox app APIs and event data to handle missing InboxApp events in case of late subscription from module • HPXAPPS-7409 [SFT_CSS][OTA_FFT][HomePage] The title of the Support card changes to "24/7 Pro live support" in transactional platform after fusion services stops. • HPXWC-16947 SIO2248548 - [NB][Luisa16][PV][IEC][SCIT-NPI][SIT][Win11][23H2]: The incorrect translation is listed in HPX\Battery manager\Battery health. (JP) | G55: 1. Home Page 2. Video Control - SmartCam v3.2310.116 3. HP Programmable Key 4. Privacy alert 5. Auto Screen Dimming 6. Support 7. Settings 8. System Control 9. Battery Manager 10. Pen | I55: V | J55: V | L55: V | M55: V | Y55: V | Z55: V | AA55: V | AB55: V | AC55: V | AD55: V | AE55: V | AF55: V | AG55: V | AH55: V | AI55: V | AJ55: V | AK55: V | AL55: V | AM55: V | AN55: V | AO55: V | AQ55: V | AR55: V | AS55: V | AV55: V | AW55: V | AX55: V | AZ55: V | BA55: V | BB55: V
A56: 45324 | B56: HPX for CMIT | C56: 2A Production (NOT FOR SHIPPING) | D56: 30.52405.135.0.A.1 | E56: P015S9-B2Z | F56: "NOTE: When testing, please turn off auto update in MS Store app first to avoid being automatically updated to the latest version on MS Store. NOTE: This build CANNOT be used for shipping! For 2024 NPI Changes: • HPXAPPS-7270 [SFT_CSS][OTA_FFT][HPID] User initials are not visible in avatar icon after relaunching • HPXWC-17008 [feature-switch][ContextAware] Fix getFeatureFlag() function call to get the correct value of feature-switch • HPXAPPS-7675 [SFT_CSS][OTA_FFT][Registration] Text Filed boxes are getting expanded when user enters more characters and entered texts are disappearing in Registration Page. • HPXWC-16976 Replace new default image in PCDevice Page • HPXWC-16560 [System Control] Bi-directional API win32 portion (nuget) - 2 • HPXWC-17007 [Pen]Remove old UI code from pen module for both platforms • HPXAPPS-6310 [SFT_CSS][OTA][Core] Home Page is not highlighted in left nav for every relaunch of HPX app. • HPXWC-17020 [SFT_MPH][HPPK] Saved! text is different color in key sequence and text input keys • HPXWC-17085 [SFT_MPH][HPPK] Automation dropdown is not as per the figma • HPXAPPS-6649 [Analytics] Data loss for 10 minutes after changing consents from 'declined' to 'accepted'. • HPXAPPS-6915 [SFT_CSS][OTA_FFT][Core] "Back Button" is displayed on top left corner when user selects Home Page, Settings and Support Page (non-interstitial screen). • HPXWC-16431 [SmartExperience] Smart experience doesn't consistent with design • HPXAPPS-7360 [SFT_CSS][OTA_FFT][Registration] Emoji is being accepted in Email address Field In Registration page. • HPXWC-16815 [HPPK] Observation found in large text size. • HPXAPPS-6992 [SFT_CSS][OTA][Settings] The string submit feedback in feedback tab is not aligned on center when the text size is maximum. • HPXAPPS-7042 [SFT_MPH][OTA][Core] Offline message is not in proper alignment and overlaps with internet disconnected after changing text size to 225% • HPXAPPS-5327 [SFT_CSS][OTA][Core] Intermittently settings page is displaying after launching HPX app. • HPXWC-16944 [PenControl][Commercial] There's a gap on the configure key list when set different scale . • HPXWC-16378 [PCDevicePg] Icon is changed incorrectly when clicking Screen Time and Screen Distance on PC device page. • HPXWC-145 [Pen] Commercial Radial Menu • HPXWC-16384 [SIO2243939] Pen up and down button setting cannot be maintained after twice S5 in HPX(28.52349.1300.0). • HPXWC-16230 [SFT_MPH][HPPK] Narrator is narrating wrong text for default programmable key/myHP Support • HPXWC-16919 [SFT_MPH][HPPK][Accessibility] Narrator is reading twice for Application and Website when we navigate to first time while adding application and website • HPXWC-15142 [SFT_MPH][OTA_FFT][HPPK] Cut off of text is seen when we navigate through tab. • HPXAPPS-6579 [SFT_CSS][OTA_FFT][HomePage] Buttons in tiles doesn't match with new figma. • HPXWC-17038 [SFT_MPH][PenControl][Commercial] Pen Sensitivity title is missing in Sidebar for Contrast mode | G56: 1. Home Page 2. Video Control - SmartCam v3.2310.116 3. HP Programmable Key 4. Privacy alert 5. Auto Screen Dimming 6. Support 7. Settings 8. System Control 9. Pen | I56: V | J56: V | L56: V | M56: V | Y56: V | Z56: V | AA56: V | AB56: V | AC56: V | AD56: V | AE56: V | AF56: V | AG56: V | AH56: V | AI56: V | AJ56: V | AK56: V | AL56: V | AM56: V | AN56: V | AO56: V | AQ56: V | AR56: V | AS56: V | AV56: V | AW56: V | AX56: V | AZ56: V | BA56: V
A57: 45344 | B57: HPX for CMIT | C57: 2A RC3 | D57: 30.52407.200.0.A.1 | E57: P016B6-B2B | F57: For 2024 NPI Changes: • Enabled Battery Manager • HPXAPPS-8197\[Crash] App crash when you launch app using Support deeplink • HPXAPPS-8265\[SFT_CSS][Registration] Error messages shown when we enter valid email id which have numerical in it. • HPXAPPS-8269\[Win-client] [windows] before tile refresh RFY section tile images are not loading • HPXAPPS-8207\[SFT_CSS][Registration] Error message is displaying after deleting the invalid credentials from text field • HPXAPPS-7343\[ReadyToMerge][Home] String of "Add a new profile picture" under in "Get the most out of HP" will show on home page. | G57: 1. Home Page 2. Video Control - SmartCam v3.2310.116 3. HP Programmable Key 4. Privacy alert 5. Auto Screen Dimming 6. Support 7. Settings 8. System Control 9. Pen 10. Battery Manager | I57: V | J57: V | L57: V | M57: V | Y57: V | Z57: V | AA57: V | AB57: V | AC57: V | AD57: V | AE57: V | AF57: V | AG57: V | AH57: V | AI57: V | AJ57: V | AK57: V | AL57: V | AM57: V | AN57: V | AO57: V | AQ57: V | AR57: V | AS57: V | AV57: V | AW57: V | AX57: V | AZ57: V | BA57: V | BB57: V
A58: 45366 | B58: HPX for CMIT | C58: 3A RC1 | D58: 31.52411.259.0.A.1 | E58: P016B6-B2C | F58: For 2024 NPI Bobcats, Stripes, Freddo Changes: • HPXAPPS-8478 [non-HP] Only Settings displayed when launching the app on non-HP devices. • HPXAPPS-8522 [BR-Docks] The device menu exhibits unexpected behavior when the docking module selects a different device. • HPXAPPS-8527 [Privacy][non-HP] Privacy tab is missing when launching the app on non-HP device. • HPXAPPS-8795 [CommonConsents] settings> privacy 'App privacy' section description and toggles are disappeared when user turns on toggle and goes to other section and comes back. • HPXWC-15515 [SFT_MPH][OTA_FFT][SmartExp] 'Activate SureView' button is not working. • HPXAPPS-8969 [SupportHome][SIO2258125] No device card show up in Support Home page • HPXWC-18136 [Application Settings] [Bar] [UI] Focused application should be selected on pressing enter/space bar using tab navigation • HPXWC-17097 [Dock] Adjustment of new function to navigation to Dock Station Page Based on Connection Status • HPXAPPS-5193 [CommonConsents] Write Unit Tests for First Use Common Consents (Part 1) • HPXWC-18375 [Pen] Support localization for sync settings epic • HPXAPPS-8293 [Privacy][Device][CommonConsents] Update purposeID's for managed / unmanaged PC device • HPXAPPS-7414 [CommonConsents] Update the target URL of the hyperlink in the privacy screen • HPXAPPS-9128 [Privacy][Device][CommonConsents] Save Computer Privacy Consents to Registry • HPXWC-18620 [Pen] Remove SSID logic from controlPenvisibility • HPXAPPS-8927 Remove Support Channel references from Repo • HPXWC-18341 [HPPK] Write schema for reducer of Menu Card & Automation • HPXWC-17932 Backend support for myHP pen sync • HPXWC-18069 [Pen] Sync Pen setting in UI if action changed from outside myHP • HPXAPPS-8607 [HPX][Privacy Consents] There is a text cut off seen on the Privacy Consent screen as soon as the myHP app is launched • HPXWC-17629 [pen control] Edit pen name button analytics value is not as expected. • HPXWC-18093 [battery manager] [Name] [AUID] Name for maximize battery health, hrs not matching and missing AUID for clear schedule text • HPXWC-17416 [SFT_MPH][ContextAware] Text cutoff seen for some applications in application page when text size is bigger • HPXWC-17302 [SFT_MPH][PenControl][Commercial] Action list header has text-overlap for the top button and barrel buttons. • HPXAPPS-7634 [CommonConsents] Basic Functionality consent is not OptedIn after selecting 'Necessary Data Only' • HPXAPPS-8182 [CommonConsents] HP Privacy statement hyper link is not functional in Settings privacy Common consents screen • HPXWC-18306 [SFT_MPH][PowerManager][OTA_FFT] Tool tip flickering when resize the HPX window with text size increased • HPXAPPS-8992 [Analytics] pcDetails event is not generated and not sent to DataOS. • HPXWC-18340 [HPPK] Fetch ProgkeyConfig reducer from MFE • HPXWC-18106 [SFT_MPH][PenControl][Commercial] Default name of the Pen shows as "HP Rechargeable Pen" even if the pen is connected | G58: 1. Home Page 2. Video Control - SmartCam v3.2310.116 3. HP Programmable Key 4. Privacy alert 5. Auto Screen Dimming 6. Support 7. Settings 8. System Control 9. Pen 10. Battery Manager | I58: V | J58: V | L58: V | M58: V | Y58: V | Z58: V | AA58: V | AB58: V | AC58: V | AD58: V | AE58: V | AF58: V | AG58: V | AH58: V | AI58: V | AJ58: V | AK58: V | AL58: V | AM58: V | AN58: V | AO58: V | AQ58: V | AR58: V | AS58: V | AV58: V | AW58: V | AX58: V | AZ58: V | BA58: V | BB58: V
A59: 45373 | B59: HPX for CMIT | C59: 3A RC2 | D59: 31.52412.274.0.A.1 | E59: P016B6-B2D | F59: For 2024 NPI Bobcats, Stripes, Freddo Changes: • HPXAPPS-9485 [SFT_CSS][OTA_FFT][Settings] Privacy tab is displaying when there is no HpPrivacySettings Tab. • HPXWC-18338 Night Mode function is not working on Willie • HPXWC-18438 Integrate New SmartCam Build into HPX (For night mode issue) • HPXWC-18395 [Bug] HP.HpAiCamera.AiCameraFactory.RtkQueryCamCap() will has memory access violation issue with camera VID:04F8, PID:B80D REV: FB05 | G59: 1. Home Page 2. Video Control - SmartCam v3.2403.146.21406 3. HP Programmable Key 4. Privacy alert 5. Auto Screen Dimming 6. Support 7. Settings 8. System Control 9. Pen 10. Battery Manager | I59: V | J59: V | L59: V | M59: V | Y59: V | Z59: V | AA59: V | AB59: V | AC59: V | AD59: V | AE59: V | AF59: V | AG59: V | AH59: V | AI59: V | AJ59: V | AK59: V | AL59: V | AM59: V | AN59: V | AO59: V | AQ59: V | AR59: V | AS59: V | AV59: V | AW59: V | AX59: V | AZ59: V | BA59: V | BB59: V
A60: 45373 | B60: HPX for CMIT | C60: 4A Staging | D60: 32.42412.174.0.A.1 | E60: P016B6-B2E | F60: For SnowWhite Changes: • HPXAPPS-9485 [SFT_CSS][OTA_FFT][Settings] Privacy tab is displaying when there is no HpPrivacySettings Tab. • HPXWC-12698 [Pen][RadialMenu] Navigate to Pen main page from radial menu breadcrumb • HPXWC-18242 [System Control][Bi-directional] React method verification • HPXWC-18250 [Gesture][UI] Camera shutter close banner and Illustration message • HPXWC-18438 Integrate New SmartCam Build into HPX (For night mode issue) • HPXWC-14733 [SFT_MPH][PowerManager] Intermittently notifications are not triggering when the scheduler is set • HPXAPPS-8814 [SFT_CSS][OTA_FFT][Core] Not able to redirect to any module page through left nav, when we select using space bar. • HPXAPPS-7198 [SFT_CSS][NPSnotification] AUID analytics are not generating for NPS Notifications. • HPXSUP-2797 OSCheck [SIO2248818]- There is no response after clicked icon of 'Easy-Fix Diagnostics' in Russian language (ru). • HPXWC-18507 SIO2256694 - [ScreenDistance]No "Screen Distance" notification show up when user move too close to screen. • HPXWC-18280 [SFT_MPH][PenControl][Commercial][Corp] Pen control module is not visible in Corp Image • HPXAPPS-9186 NPS Notification is not showing up properly when setting is null (Upgrade only scenario) • HPXAPPS-9179 Getting device info lib failure in DropBox • HPXWC-18507 SIO2256694 - [ScreenDistance]No "Screen Distance" notification show up when user move too close to screen. • HPXWC-18444 SIO2256018 - [Gesture]The prompt message still pops up after checked "Do not show again" in myHP/Gesture. • [UserDetection] Add gesture debounce time #7893 • HPXWC-15983 [SFT_MPH][PenControl] Pen module is not as expected when the screen is resized • HPXWC-17987 [SFT_MPH][OTA][PenControl][HighContrast][Commercial] White bar seen in bottom of the UI post minimizing | G60: 1. Home Page 2. Video Control - SmartCam v3.2403.146.21406 3. HP Programmable Key 4. Privacy alert 5. Auto Screen Dimming 6. Support 7. Settings 8. System Control 9. Pen 10. Battery Manager 11. Screen Time 12. Screen Distance 13. Gesture | I60: V | J60: V | L60: V | M60: V | Y60: V | Z60: V | AA60: V | AB60: V | AC60: V | AD60: V | AE60: V | AF60: V | AG60: V | AH60: V | AI60: V | AJ60: V | AK60: V | AL60: V | AM60: V | AN60: V | AO60: V | AQ60: V | AR60: V | AS60: V | AV60: V | AW60: V | AX60: V | AZ60: V | BA60: V | BB60: V | BC60: V | BD60: V | BE60: V
A61: 45380 | B61: HPX for CMIT | C61: 3A RC3 | D61: 31.52412.288.0.A.1 | E61: P016B6-B2F | F61: "NOTE: When testing, please turn off auto update in MS Store app first to avoid being automatically updated to the latest version on MS Store. For 2024 NPI Bobcats, Stripes, Freddo Changes: • HPXWC-18860 [SFT_MPH][OTA_FFT][PenControl][Commercial] Pen Control module is not working as expected with Dev signed v. 31.12412.2478.0 and Intermittently it is not working with 3A RC1 v. 31.52411.259.0 • HPXAPPS-9769 [SFT_CSS][HPID][ARM][All devices] App crashes post signing out from existing user and creating another account with different initials | G61: 1. Home Page 2. Video Control - SmartCam v3.2403.146.21406 3. HP Programmable Key 4. Privacy alert 5. Auto Screen Dimming 6. Support 7. Settings 8. System Control 9. Pen 10. Battery Manager | I61: V | J61: V | L61: V | M61: V | Y61: V | Z61: V | AA61: V | AB61: V | AC61: V | AD61: V | AE61: V | AF61: V | AG61: V | AH61: V | AI61: V | AJ61: V | AK61: V | AL61: V | AM61: V | AN61: V | AO61: V | AQ61: V | AR61: V | AS61: V | AV61: V | AW61: V | AX61: V | AZ61: V | BA61: V | BB61: V
A62: 45380 | B62: HPX for CMIT | C62: 4A Staging | D62: 32.42413.195.0.A.1 | E62: P016B6-B2G | F62: "NOTE: When testing, please turn off auto update in MS Store app first to avoid being automatically updated to the latest version on MS Store. For SnowWhite Changes: • HPXAPPS-8406 [CommonConsents] [SettingsPrivacy] Data transfer consent is missing for China region. • HPXAPPS-4949 [SFT_MPH][Core] Intermittently no module from the navigation bar is opening even on clicking multiple times • HPXWC-12722 [Pen][RadialMenu] Show configured actions in Radial wheel if user perform radial menu action by pen • HPXWC-18806 [Pen][Trio] trio pen hover/ active image implementation • HPXWC-18481 [System Control][Bi-directional] MSFT API update • HPXWC-15213 [Energy Consumption] Consumption Trend By • HPXWC-18563 [SFT_MPH][OTA][PenControl][Commercial] Battery icon is not expected as UI • HPXAPPS-5588 [Analytics] Multiple events on Settings->Privacy and About pages are not sending to DataOS. • HPXWC-18629 [Pen Control] [AUID]The same Analytics is coming for the Upper Barrel Hover toggle on/off • HPXWC-19030 [BR-Docks] Narrator Does Not Read Firmware Number Information. • HPXWC-19035 [Dock] Update dock images • HPXWC-18730 [SFT_MPH][PC Device][OTA] Product number and serial number under 'i' icon are highlighted with black color in high contrast when navigated by Tab button. • HPXWC-18743 [SFT_MPH][OTA_FFT][PC Device] Tab selected box and Copied text icon box overlapped post clicking on "i" icon using Tab key • HPXWC-18843 [SFT_MPH][OTA_FFT][PCDevice] Module name is not displaying as per the Figma in PC device. | G62: 1. Home Page 2. Video Control - SmartCam v3.2403.146.21406 3. HP Programmable Key 4. Privacy alert 5. Auto Screen Dimming 6. Support 7. Settings 8. System Control 9. Pen 10. Battery Manager 11. Screen Time 12. Screen Distance 13. Gesture | I62: V | J62: V | L62: V | M62: V | Y62: V | Z62: V | AA62: V | AB62: V | AC62: V | AD62: V | AE62: V | AF62: V | AG62: V | AH62: V | AI62: V | AJ62: V | AK62: V | AL62: V | AM62: V | AN62: V | AO62: V | AQ62: V | AR62: V | AS62: V | AV62: V | AW62: V | AX62: V | AZ62: V | BA62: V | BB62: V | BC62: V | BD62: V | BE62: V
A63: 45394 | B63: HPX for CMIT | C63: 4A RC2 | D63: 32.52414.341.0.A.1 | E63: P016B6-B2H | F63: "NOTE: When testing, please turn off auto update in MS Store app first to avoid being automatically updated to the latest version on MS Store. For 2024 NPI Bobcats, Stripes For 2024 OOC Changes: • HPXAPPS-10169 [TopAppBar] Appbar not showing myHP Logo/Text and different color on FuF screens(Privacy Choice, HP Reg. page) • HPXWC-16679 [SIO2244311][SIO22323945] - [DT][FY24][SplendorR][PV][QTA][SCIT-NPI][HW][RPL-SR][RPL-S][ADL-S][U11_925900][Win11][23H2]:Internal mic will auto set to unmute from mute in HP audio control panel after plug headset. • HPXAPPS-10053 Suppress Auto launch on AI machines • HPXWC-19418 [BR-Docks] Dock name changes are not saved on closing and reopening the app. | G63: 1. Home Page 2. Video Control - SmartCam v3.2403.146.21406 3. HP Programmable Key 4. Privacy alert 5. Auto Screen Dimming 6. Support 7. Settings 8. System Control 9. Pen 10. Battery Manager 11. Docking | I63: V | J63: V | L63: V | M63: V | Y63: V | Z63: V | AA63: V | AB63: V | AC63: V | AD63: V | AE63: V | AF63: V | AG63: V | AH63: V | AI63: V | AJ63: V | AK63: V | AL63: V | AM63: V | AN63: V | AO63: V | AQ63: V | AR63: V | AS63: V | AV63: V | AW63: V | AX63: V | AZ63: V | BA63: V | BB63: V | BF63: V
A64: 45394 | B64: HPX for CMIT | C64: 5A Staging | D64: 33.42415.225.0.A.1 | E64: P016B6-B2J | F64: "NOTE: When testing, please turn off auto update in MS Store app first to avoid being automatically updated to the latest version on MS Store. For SnowWhite Changes: • HPXWC-19378 [SFT_MPH][EnergyConsumption] In Total Energy Consumption, app icons position is fixed when we are switching from last month to last week data • HPXAPPS-10169 [TopAppBar] Appbar not showing myHP Logo/Text and different color on FuF screens(Privacy Choice, HP Reg. page) • HPXWC-12678 [Pen][RadialMenu] Fix alignment issues for radial slices • HPXAPPS-10053 Suppress auto-launch of myHP (HPX) on AI machines • HPXWC-19450 [SmartExp] Create a schema structure for reducers within the Smart Experience module. • HPXWC-19206 [System Control][Bi-directional] Update the architecture flow • HPXWC-19418 [BR-Docks] Dock name changes are not saved on closing and reopening the app. • HPXWC-19313 [SFT_MPH][Dock_Station] USB connection status show "connected" if we disable the USB driver • HPXWC-17987 [SFT_MPH][OTA][PenControl][HighContrast][Commercial] White bar seen in bottom of the UI post minimizing • HPXWC-18865 [SFT_MPH][EnergyConsumption] In the PC Device section, Energy Consumption logo is not displayed • HPXWC-18714 [SFT_MPH][EnergyConsumption] Intermittently when we are launching the application, In Total Energy Consumption last week and last month power consuming apps data were not displayed. • HPXWC-19297 [SIO2261310] The 'disable pen buttons' and 'switch between apps' show cut off under barrel button of HPX/pen on AB8(TURK) image. • HPXAPPS-9159 [CommonConsents] Common Consents screen Format Text into bold as per Figma | G64: 1. Home Page 2. Video Control - SmartCam v3.2403.146.21406 3. HP Programmable Key 4. Privacy alert 5. Auto Screen Dimming 6. Support 7. Settings 8. System Control 9. Pen 10. Battery Manager 11. Screen Time 12. Screen Distance 13. Gesture 14. Docking | I64: V | J64: V | L64: V | M64: V | Y64: V | Z64: V | AA64: V | AB64: V | AC64: V | AD64: V | AE64: V | AF64: V | AG64: V | AH64: V | AI64: V | AJ64: V | AK64: V | AL64: V | AM64: V | AN64: V | AO64: V | AQ64: V | AR64: V | AS64: V | AV64: V | AW64: V | AX64: V | AZ64: V | BA64: V | BB64: V | BC64: V | BD64: V | BE64: V | BF64: V
A65: 45401 | B65: HPX for CMIT | C65: 5A Staging | D65: 33.42416.262.0.A.1 | E65: P016B6-B2K | F65: "NOTE: When testing, please turn off auto update in MS Store app first to avoid being automatically updated to the latest version on MS Store. For SnowWhite Changes: • [HPXAPPS-10802] [Common Consent] Accepted Toggles from OOBE consent Computer privacy and the saved data (privacy tab) are not matching - HP-Jira • [HPXAPPS-10799] [Common Consent][Privacy Tab][All locals] Not able to edit the Consent settings in Privacy settings tab - HP-Jira • [HPXWC-19515] [System Control][Translation] May release implementation - HP-Jira • [HPXWC-19554] [HPPK] Change ProgkeyBase module to support the connection for MFE - HP-Jira • [HPXWC-19550] [HPPK] Develop UI for file and folder with functionality - Native Side Changes - HP-Jira • [HPXWC-18564] [SFT_MPH][EnergyConsumption] strings are not localized for the supported language for energy Consumption - HP-Jira • [HPXAPPS-10102] [Settings][Privacy] The toggle buttons get disabled if turning them off once - HP-Jira • [HPXWC-18560] [SFT_MPH][EnergyConsumption] Narrator is not reading the dropdown names properly and Hyperlinks are described as Text - HP-Jira • [HPXAPPS-9517] [Win-client] [Common Consent] Refactor Common Consents code - HP-Jira • [HPXAPPS-10217] [CommonConsents][CN- PIPL] Figma differences in Manage Choices page in OOBE already consented flow - HP-Jira • [HPXAPPS-10218] [CommonConsents]toggles are disabled in settings>privacy in online mode. - HP-Jira • [HPXAPPS-10615] [CommonConsents][ES-ES] Data transfer toggle is shown in app privacy section - HP-Jira • [HPXAPPS-10116] [CommonConsents][Manage choices] Continue button doesn't navigate to home page if App consents toggles are enabled. - HP-Jira • [HPXAPPS-10115] [CommonConsents][Manage choices] Manage choices page missing advertising consent. - HP-Jira • [HPXAPPS-10224] [CommonConsents] Managed PC issues - HP-Jira • [HPXAPPS-10801] [Common Consent] OOBE flow consent options are saved automatically when we are editing and User relaunched the app without accepting any data. The consent is showing as accepted as per the edited value. - HP-Jira | G65: 1. Home Page 2. Video Control - SmartCam v3.2403.146.21406 3. HP Programmable Key 4. Privacy alert 5. Auto Screen Dimming 6. Support 7. Settings 8. System Control 9. Pen 10. Battery Manager 11. Screen Time 12. Screen Distance 13. Gesture 14. Docking 15. Energy Consumption | I65: V | J65: V | L65: V | M65: V | Y65: V | Z65: V | AA65: V | AB65: V | AC65: V | AD65: V | AE65: V | AF65: V | AG65: V | AH65: V | AI65: V | AJ65: V | AK65: V | AL65: V | AM65: V | AN65: V | AO65: V | AQ65: V | AR65: V | AS65: V | AV65: V | AW65: V | AX65: V | AZ65: V | BA65: V | BB65: V | BC65: V | BD65: V | BE65: V | BF65: V | BG65: V
A66: 45401 | B66: HPX for CMIT | C66: 5A Staging | D66: 33.42416.262.0.A.2 | E66: P016B6-B2L | F66: "NOTE: When testing, please turn off auto update in MS Store app first to avoid being automatically updated to the latest version on MS Store. For Baymax ONLY to test Audio Control Changes: • [HPXAPPS-10802] [Common Consent] Accepted Toggles from OOBE consent Computer privacy and the saved data (privacy tab) are not matching - HP-Jira • [HPXAPPS-10799] [Common Consent][Privacy Tab][All locals] Not able to edit the Consent settings in Privacy settings tab - HP-Jira • [HPXWC-19515] [System Control][Translation] May release implementation - HP-Jira • [HPXWC-19554] [HPPK] Change ProgkeyBase module to support the connection for MFE - HP-Jira • [HPXWC-19550] [HPPK] Develop UI for file and folder with functionality - Native Side Changes - HP-Jira • [HPXWC-18564] [SFT_MPH][EnergyConsumption] strings are not localized for the supported language for energy Consumption - HP-Jira • [HPXAPPS-10102] [Settings][Privacy] The toggle buttons get disabled if turning them off once - HP-Jira • [HPXWC-18560] [SFT_MPH][EnergyConsumption] Narrator is not reading the dropdown names properly and Hyperlinks are described as Text - HP-Jira • [HPXAPPS-9517] [Win-client] [Common Consent] Refactor Common Consents code - HP-Jira • [HPXAPPS-10217] [CommonConsents][CN- PIPL] Figma differences in Manage Choices page in OOBE already consented flow - HP-Jira • [HPXAPPS-10218] [CommonConsents]toggles are disabled in settings>privacy in online mode. - HP-Jira • [HPXAPPS-10615] [CommonConsents][ES-ES] Data transfer toggle is shown in app privacy section - HP-Jira • [HPXAPPS-10116] [CommonConsents][Manage choices] Continue button doesn't navigate to home page if App consents toggles are enabled. - HP-Jira • [HPXAPPS-10115] [CommonConsents][Manage choices] Manage choices page missing advertising consent. - HP-Jira • [HPXAPPS-10224] [CommonConsents] Managed PC issues - HP-Jira • [HPXAPPS-10801] [Common Consent] OOBE flow consent options are saved automatically when we are editing and User relaunched the app without accepting any data. The consent is showing as accepted as per the edited value. - HP-Jira | G66: 1. Home Page 2. Video Control - SmartCam v3.2403.146.21406 3. HP Programmable Key 4. Privacy alert 5. Auto Screen Dimming 6. Support 7. Settings 8. System Control 9. Pen 10. Battery Manager 11. Screen Time 12. Screen Distance 13. Gesture 14. Docking 15. Energy Consumption | I66: V | J66: V | L66: V | M66: V | Y66: V | Z66: V | AA66: V | AB66: V | AC66: V | AD66: V | AE66: V | AF66: V | AG66: V | AH66: V | AI66: V | AJ66: V | AK66: V | AL66: V | AM66: V | AN66: V | AO66: V | AQ66: V | AR66: V | AS66: V | AV66: V | AW66: V | AX66: V | AZ66: V | BA66: V | BB66: V | BC66: V | BD66: V | BE66: V | BF66: V | BG66: V
A67: 45401 | B67: HPX for CMIT | C67: 5A Staging | D67: 33.42416.262.0.A.3 | E67: P016B6-B2M | F67: "NOTE: When testing, please turn off auto update in MS Store app first to avoid being automatically updated to the latest version on MS Store. For 2024 OOC with CFR on and after 5/24 Changes: • [HPXAPPS-10802] [Common Consent] Accepted Toggles from OOBE consent Computer privacy and the saved data (privacy tab) are not matching - HP-Jira • [HPXAPPS-10799] [Common Consent][Privacy Tab][All locals] Not able to edit the Consent settings in Privacy settings tab - HP-Jira • [HPXWC-19515] [System Control][Translation] May release implementation - HP-Jira • [HPXWC-19554] [HPPK] Change ProgkeyBase module to support the connection for MFE - HP-Jira • [HPXWC-19550] [HPPK] Develop UI for file and folder with functionality - Native Side Changes - HP-Jira • [HPXWC-18564] [SFT_MPH][EnergyConsumption] strings are not localized for the supported language for energy Consumption - HP-Jira • [HPXAPPS-10102] [Settings][Privacy] The toggle buttons get disabled if turning them off once - HP-Jira • [HPXWC-18560] [SFT_MPH][EnergyConsumption] Narrator is not reading the dropdown names properly and Hyperlinks are described as Text - HP-Jira • [HPXAPPS-9517] [Win-client] [Common Consent] Refactor Common Consents code - HP-Jira • [HPXAPPS-10217] [CommonConsents][CN- PIPL] Figma differences in Manage Choices page in OOBE already consented flow - HP-Jira • [HPXAPPS-10218] [CommonConsents]toggles are disabled in settings>privacy in online mode. - HP-Jira • [HPXAPPS-10615] [CommonConsents][ES-ES] Data transfer toggle is shown in app privacy section - HP-Jira • [HPXAPPS-10116] [CommonConsents][Manage choices] Continue button doesn't navigate to home page if App consents toggles are enabled. - HP-Jira • [HPXAPPS-10115] [CommonConsents][Manage choices] Manage choices page missing advertising consent. - HP-Jira • [HPXAPPS-10224] [CommonConsents] Managed PC issues - HP-Jira • [HPXAPPS-10801] [Common Consent] OOBE flow consent options are saved automatically when we are editing and User relaunched the app without accepting any data. The consent is showing as accepted as per the edited value. - HP-Jira | G67: 1. Home Page 2. Video Control - SmartCam v3.2403.146.21406 3. HP Programmable Key 4. Privacy alert 5. Auto Screen Dimming 6. Support 7. Settings 8. System Control 9. Pen 10. Battery Manager 11. Screen Time 12. Screen Distance 13. Gesture 14. Docking 15. Energy Consumption | I67: V | J67: V | L67: V | M67: V | Y67: V | Z67: V | AA67: V | AB67: V | AC67: V | AD67: V | AE67: V | AF67: V | AG67: V | AH67: V | AI67: V | AJ67: V | AK67: V | AL67: V | AM67: V | AN67: V | AO67: V | AQ67: V | AR67: V | AS67: V | AV67: V | AW67: V | AX67: V | AZ67: V | BA67: V | BB67: V | BC67: V | BD67: V | BE67: V | BF67: V | BG67: V
A68: 45408 | B68: HPX for CMIT | C68: 5A Staging | D68: 33.42417.277.0.A.1 | E68: P016B6-B2R | F68: "NOTE: When testing, please turn off auto update in MS Store app first to avoid being automatically updated to the latest version on MS Store. For SnowWhite Changes: • [HPXAPPS-10944] Issue with using 'clientos/graphql-client' Library in HPX Release Builds - HP-Jira • [HPXWC-18841] [HPX][BiDirectional]: Implementing changes in Native Library - HP-Jira • [HPXWC-19668] [IntDisplay] Implement an UI for Basic Settings - HP-Jira • [HPXWC-19685] [Pen] Design schema for existing features - HP-Jira • [HPXWC-19686] [Pen] POC for 2 way communication between MFE and WinClient - HP-Jira • [HPXWC-16783] [System Control][Focus mode] Hide focus mode on non-admin account - HP-Jira • [HPXWC-18841] [HPX][BiDirectional]: Implementing changes in Native Library - HP-Jira • [HPXAPPS-10844] [DevOps] Auto-Pulling Branches without using a runner - HP-Jira • [HPXWC-19761] [Rebrand] Create base native-view for PC Audio - HP-Jira • [HPXWC-19640] [System] Focus mode implementation - Consumer - UI Review - HP-Jira • [HPXAPPS-11178] [CommonConsents][ITG][DEV] [OfflineMode] Consents fail to load when the app is relaunched in offline mode - HP-Jira | G68: 1. Home Page 2. Video Control - SmartCam v3.2403.146.21406 3. HP Programmable Key 4. Privacy alert 5. Auto Screen Dimming 6. Support 7. Settings 8. System Control 9. Pen 10. Battery Manager 11. Screen Time 12. Screen Distance 13. Gesture 14. Docking 15. Energy Consumption | I68: V | J68: V | L68: V | M68: V | Y68: V | Z68: V | AA68: V | AB68: V | AC68: V | AD68: V | AE68: V | AF68: V | AG68: V | AH68: V | AI68: V | AJ68: V | AK68: V | AL68: V | AM68: V | AN68: V | AO68: V | AQ68: V | AR68: V | AS68: V | AV68: V | AW68: V | AX68: V | AZ68: V | BA68: V | BB68: V | BC68: V | BD68: V | BE68: V | BF68: V | BG68: V
A69: 45408 | B69: HPX for CMIT | C69: 5A Staging | D69: 33.42417.277.0.A.2 | E69: P016B6-B2S | F69: "NOTE: When testing, please turn off auto update in MS Store app first to avoid being automatically updated to the latest version on MS Store. For Baymax ONLY to test Audio Control Changes: • [HPXAPPS-10944] Issue with using 'clientos/graphql-client' Library in HPX Release Builds - HP-Jira • [HPXWC-18841] [HPX][BiDirectional]: Implementing changes in Native Library - HP-Jira • [HPXWC-19668] [IntDisplay] Implement an UI for Basic Settings - HP-Jira • [HPXWC-19685] [Pen] Design schema for existing features - HP-Jira • [HPXWC-19686] [Pen] POC for 2 way communication between MFE and WinClient - HP-Jira • [HPXWC-16783] [System Control][Focus mode] Hide focus mode on non-admin account - HP-Jira • [HPXWC-18841] [HPX][BiDirectional]: Implementing changes in Native Library - HP-Jira • [HPXAPPS-10844] [DevOps] Auto-Pulling Branches without using a runner - HP-Jira • [HPXWC-19761] [Rebrand] Create base native-view for PC Audio - HP-Jira • [HPXWC-19640] [System] Focus mode implementation - Consumer - UI Review - HP-Jira • [HPXAPPS-11178] [CommonConsents][ITG][DEV] [OfflineMode] Consents fail to load when the app is relaunched in offline mode - HP-Jira | G69: 1. Home Page 2. Video Control - SmartCam v3.2403.146.21406 3. HP Programmable Key 4. Privacy alert 5. Auto Screen Dimming 6. Support 7. Settings 8. System Control 9. Pen 10. Battery Manager 11. Screen Time 12. Screen Distance 13. Gesture 14. Docking 15. Energy Consumption | I69: V | J69: V | L69: V | M69: V | Y69: V | Z69: V | AA69: V | AB69: V | AC69: V | AD69: V | AE69: V | AF69: V | AG69: V | AH69: V | AI69: V | AJ69: V | AK69: V | AL69: V | AM69: V | AN69: V | AO69: V | AQ69: V | AR69: V | AS69: V | AV69: V | AW69: V | AX69: V | AZ69: V | BA69: V | BB69: V | BC69: V | BD69: V | BE69: V | BF69: V | BG69: V
A70: 45408 | B70: HPX for CMIT | C70: 5A Staging | D70: 33.42417.277.0.A.3 | E70: P016B6-B2T | F70: "NOTE: When testing, please turn off auto update in MS Store app first to avoid being automatically updated to the latest version on MS Store. For 2024 OOC with CFR on and after 5/24 Changes: • [HPXAPPS-10944] Issue with using 'clientos/graphql-client' Library in HPX Release Builds - HP-Jira • [HPXWC-18841] [HPX][BiDirectional]: Implementing changes in Native Library - HP-Jira • [HPXWC-19668] [IntDisplay] Implement an UI for Basic Settings - HP-Jira • [HPXWC-19685] [Pen] Design schema for existing features - HP-Jira • [HPXWC-19686] [Pen] POC for 2 way communication between MFE and WinClient - HP-Jira • [HPXWC-16783] [System Control][Focus mode] Hide focus mode on non-admin account - HP-Jira • [HPXWC-18841] [HPX][BiDirectional]: Implementing changes in Native Library - HP-Jira • [HPXAPPS-10844] [DevOps] Auto-Pulling Branches without using a runner - HP-Jira • [HPXWC-19761] [Rebrand] Create base native-view for PC Audio - HP-Jira • [HPXWC-19640] [System] Focus mode implementation - Consumer - UI Review - HP-Jira • [HPXAPPS-11178] [CommonConsents][ITG][DEV] [OfflineMode] Consents fail to load when the app is relaunched in offline mode - HP-Jira | G70: 1. Home Page 2. Video Control - SmartCam v3.2403.146.21406 3. HP Programmable Key 4. Privacy alert 5. Auto Screen Dimming 6. Support 7. Settings 8. System Control 9. Pen 10. Battery Manager 11. Screen Time 12. Screen Distance 13. Gesture 14. Docking 15. Energy Consumption | I70: V | J70: V | L70: V | M70: V | Y70: V | Z70: V | AA70: V | AB70: V | AC70: V | AD70: V | AE70: V | AF70: V | AG70: V | AH70: V | AI70: V | AJ70: V | AK70: V | AL70: V | AM70: V | AN70: V | AO70: V | AQ70: V | AR70: V | AS70: V | AV70: V | AW70: V | AX70: V | AZ70: V | BA70: V | BB70: V | BC70: V | BD70: V | BE70: V | BF70: V | BG70: V
A71: 45415 | B71: HPX for CMIT | C71: 5A Staging | D71: 33.42418.296.0.A.1 | E71: P016B6-B2V | F71: "NOTE: When testing, please turn off auto update in MS Store app first to avoid being automatically updated to the latest version on MS Store. For SnowWhite Changes: • [HPXWC-19957] [SFT_MPH][EnergyConsumption][L10N] Daily average value is not showing correct when applied other languages. - HP-Jira • [HPXWC-19964] [Pen] Show Pen UI based on platform - HP-Jira • [HPXWC-19634] [HPPK] Use Mutation to dispatch action from MFE - HP-Jira • [HPXWC-19185] [Energy Consumption] Total Energy Consumption - UI Review - HP-Jira • [HPXWC-19885] [SFT_MPH][EnergyConsumption] upon resizing the app window, bullet points are not aligned in "Energy efficiency guides" - HP-Jira • [HPXWC-19865] [Pen Control][Commercial][Proximity] Consumer device displays proximity tooltip 'Bluetooth is off. while it should not be displayed on the consumer device - HP-Jira • [HPXWC-19526] [pen control] AUID missing for all right side panel texts - HP-Jira • [HPXWC-19821] [SystemControl] Observed Cut off on Performance control card tooltip info. - HP-Jira • [HPXWC-19847] [SFT_MPH][PCDevice] No outline is seen for information pop-up for 'i' icon in dark mode. - HP-Jira • [HPXWC-19890] [Bug] The information regarding docks is not being displayed correctly when multiple docks are connected. - HP-Jira • [HPXAPPS-10188] [CommonConsents][Manage choices] Device Consents missing Transfer consent for China machines. - HP-Jira • [HPXWC-19955] [SFT_MPH][EnergyConsumption][L10N] Low, medium and High strings under consumption trends graph are not localized in all supported languages - HP-Jira | G71: 1. Home Page 2. Video Control - SmartCam v3.2403.146.21406 3. HP Programmable Key 4. Privacy alert 5. Auto Screen Dimming 6. Support 7. Settings 8. System Control 9. Pen 10. Battery Manager 11. Screen Time 12. Screen Distance 13. Gesture 14. Docking 15. Energy Consumption | I71: V | J71: V | L71: V | M71: V | Y71: V | Z71: V | AA71: V | AB71: V | AC71: V | AD71: V | AE71: V | AF71: V | AG71: V | AH71: V | AI71: V | AJ71: V | AK71: V | AL71: V | AM71: V | AN71: V | AO71: V | AQ71: V | AR71: V | AS71: V | AV71: V | AW71: V | AX71: V | AZ71: V | BA71: V | BB71: V | BC71: V | BD71: V | BE71: V | BF71: V | BG71: V
A72: 45415 | B72: HPX for CMIT | C72: 5A Staging | D72: 33.42418.296.0.A.2 | E72: P016B6-B2W | F72: "NOTE: When testing, please turn off auto update in MS Store app first to avoid being automatically updated to the latest version on MS Store. For Baymax ONLY to test Audio Control Changes: • [HPXWC-19957] [SFT_MPH][EnergyConsumption][L10N] Daily average value is not showing correct when applied other languages. - HP-Jira • [HPXWC-19964] [Pen] Show Pen UI based on platform - HP-Jira • [HPXWC-19634] [HPPK] Use Mutation to dispatch action from MFE - HP-Jira • [HPXWC-19185] [Energy Consumption] Total Energy Consumption - UI Review - HP-Jira • [HPXWC-19885] [SFT_MPH][EnergyConsumption] upon resizing the app window, bullet points are not aligned in "Energy efficiency guides" - HP-Jira • [HPXWC-19865] [Pen Control][Commercial][Proximity] Consumer device displays proximity tooltip 'Bluetooth is off. while it should not be displayed on the consumer device - HP-Jira • [HPXWC-19526] [pen control] AUID missing for all right side panel texts - HP-Jira • [HPXWC-19821] [SystemControl] Observed Cut off on Performance control card tooltip info. - HP-Jira • [HPXWC-19847] [SFT_MPH][PCDevice] No outline is seen for information pop-up for 'i' icon in dark mode. - HP-Jira • [HPXWC-19890] [Bug] The information regarding docks is not being displayed correctly when multiple docks are connected. - HP-Jira • [HPXAPPS-10188] [CommonConsents][Manage choices] Device Consents missing Transfer consent for China machines. - HP-Jira • [HPXWC-19955] [SFT_MPH][EnergyConsumption][L10N] Low, medium and High strings under consumption trends graph are not localized in all supported languages - HP-Jira | G72: 1. Home Page 2. Video Control - SmartCam v3.2403.146.21406 3. HP Programmable Key 4. Privacy alert 5. Auto Screen Dimming 6. Support 7. Settings 8. System Control 9. Pen 10. Battery Manager 11. Screen Time 12. Screen Distance 13. Gesture 14. Docking 15. Energy Consumption | I72: V | J72: V | L72: V | M72: V | Y72: V | Z72: V | AA72: V | AB72: V | AC72: V | AD72: V | AE72: V | AF72: V | AG72: V | AH72: V | AI72: V | AJ72: V | AK72: V | AL72: V | AM72: V | AN72: V | AO72: V | AQ72: V | AR72: V | AS72: V | AV72: V | AW72: V | AX72: V | AZ72: V | BA72: V | BB72: V | BC72: V | BD72: V | BE72: V | BF72: V | BG72: V
A73: 45415 | B73: HPX for CMIT | C73: 5A Staging | D73: 33.42418.296.0.A.3 | E73: P016B6-B2X | F73: "NOTE: When testing, please turn off auto update in MS Store app first to avoid being automatically updated to the latest version on MS Store. For 2024 OOC with CFR on and after 5/30 For 2024 Sustaining CQ3 Changes: • [HPXWC-19957] [SFT_MPH][EnergyConsumption][L10N] Daily average value is not showing correct when applied other languages. - HP-Jira • [HPXWC-19964] [Pen] Show Pen UI based on platform - HP-Jira • [HPXWC-19634] [HPPK] Use Mutation to dispatch action from MFE - HP-Jira • [HPXWC-19185] [Energy Consumption] Total Energy Consumption - UI Review - HP-Jira • [HPXWC-19885] [SFT_MPH][EnergyConsumption] upon resizing the app window, bullet points are not aligned in "Energy efficiency guides" - HP-Jira • [HPXWC-19865] [Pen Control][Commercial][Proximity] Consumer device displays proximity tooltip 'Bluetooth is off. while it should not be displayed on the consumer device - HP-Jira • [HPXWC-19526] [pen control] AUID missing for all right side panel texts - HP-Jira • [HPXWC-19821] [SystemControl] Observed Cut off on Performance control card tooltip info. - HP-Jira • [HPXWC-19847] [SFT_MPH][PCDevice] No outline is seen for information pop-up for 'i' icon in dark mode. - HP-Jira • [HPXWC-19890] [Bug] The information regarding docks is not being displayed correctly when multiple docks are connected. - HP-Jira • [HPXAPPS-10188] [CommonConsents][Manage choices] Device Consents missing Transfer consent for China machines. - HP-Jira • [HPXWC-19955] [SFT_MPH][EnergyConsumption][L10N] Low, medium and High strings under consumption trends graph are not localized in all supported languages - HP-Jira | G73: 1. Home Page 2. Video Control - SmartCam v3.2403.146.21406 3. HP Programmable Key 4. Privacy alert 5. Auto Screen Dimming 6. Support 7. Settings 8. System Control 9. Pen 10. Battery Manager 11. Screen Time 12. Screen Distance 13. Gesture 14. Docking 15. Energy Consumption | I73: V | J73: V | L73: V | M73: V | Y73: V | Z73: V | AA73: V | AB73: V | AC73: V | AD73: V | AE73: V | AF73: V | AG73: V | AH73: V | AI73: V | AJ73: V | AK73: V | AL73: V | AM73: V | AN73: V | AO73: V | AQ73: V | AR73: V | AS73: V | AV73: V | AW73: V | AX73: V | AZ73: V | BA73: V | BB73: V | BC73: V | BD73: V | BE73: V | BF73: V | BG73: V
A74: 45422 | B74: HPX for CMIT | C74: 6A Staging | D74: 34.42419.318.0.A.1 | E74: P016B6-B2Z | F74: "NOTE: When testing, please turn off auto update in MS Store app first to avoid being automatically updated to the latest version on MS Store. For SnowWhite For 2024 OOC with CFR on and after 5/30 For 2024 Sustaining CQ3 Changes: • [HPXWC-19309] [Gesture][UI] High contrast implement - 2 - HP-Jira • [HPXWC-19440] [User Detection] Integrate the (mock) native APIs for "Presence Detection" with App - HP-Jira • [HPXWC-19996] [HPX][BiDirectional]: Code Cleanup in Consumer System Control nuget - HP-Jira • [HPXWC-20069] [Pen] Hide proximity UI on non BT supported Pens - HP-Jira • [HPXWC-19529] [ScreenTime] Observed a dynamic change of the logo while interacting with the screentime under PCDevice page. - HP-Jira • [HPXAPPS-11852] [CommonConsents] All three Device Consent toggles on Manage choices page have same AUID. - HP-Jira • [HPXWC-20053] [SFT_MPH][OTA][PCDevice] Battery icon is showing the charging status when navigate back to PC device page - HP-Jira • [HPXWC-19245] [SFT_MPH][PCDevice] The PC image is not responsive when maximizing and minimizing the hpx application window for single module supported platform. - HP-Jira | G74: 1. Home Page 2. Video Control - SmartCam v3.2403.146.21406 3. HP Programmable Key 4. Privacy alert 5. Auto Screen Dimming 6. Support 7. Settings 8. System Control 9. Pen 10. Battery Manager 11. Screen Time 12. Screen Distance 13. Gesture 14. Docking 15. Energy Consumption | I74: V | J74: V | L74: V | M74: V | Y74: V | Z74: V | AA74: V | AB74: V | AC74: V | AD74: V | AE74: V | AF74: V | AG74: V | AH74: V | AI74: V | AJ74: V | AK74: V | AL74: V | AM74: V | AN74: V | AO74: V | AQ74: V | AR74: V | AS74: V | AV74: V | AW74: V | AX74: V | AZ74: V | BA74: V | BB74: V | BC74: V | BD74: V | BE74: V | BF74: V | BG74: V
A75: 45422 | B75: HPX for CMIT | C75: 6A Staging | D75: 34.42419.318.0.A.2 | E75: P016VA-B2A | F75: "NOTE: When testing, please turn off auto update in MS Store app first to avoid being automatically updated to the latest version on MS Store. For Baymax ONLY to test Audio Control Changes: • [HPXWC-19309] [Gesture][UI] High contrast implement - 2 - HP-Jira • [HPXWC-19440] [User Detection] Integrate the (mock) native APIs for "Presence Detection" with App - HP-Jira • [HPXWC-19996] [HPX][BiDirectional]: Code Cleanup in Consumer System Control nuget - HP-Jira • [HPXWC-20069] [Pen] Hide proximity UI on non BT supported Pens - HP-Jira • [HPXWC-19529] [ScreenTime] Observed a dynamic change of the logo while interacting with the screentime under PCDevice page. - HP-Jira • [HPXAPPS-11852] [CommonConsents] All three Device Consent toggles on Manage choices page have same AUID. - HP-Jira • [HPXWC-20053] [SFT_MPH][OTA][PCDevice] Battery icon is showing the charging status when navigate back to PC device page - HP-Jira • [HPXWC-19245] [SFT_MPH][PCDevice] The PC image is not responsive when maximizing and minimizing the hpx application window for single module supported platform. - HP-Jira | G75: 1. Home Page 2. Video Control - SmartCam v3.2403.146.21406 3. HP Programmable Key 4. Privacy alert 5. Auto Screen Dimming 6. Support 7. Settings 8. System Control 9. Pen 10. Battery Manager 11. Screen Time 12. Screen Distance 13. Gesture 14. Docking 15. Energy Consumption 16. Audio Control | I75: V | J75: V | L75: V | M75: V | N75: V | O75: V | P75: V | Q75: V | Y75: V | Z75: V | AA75: V | AB75: V | AC75: V | AD75: V | AE75: V | AF75: V | AG75: V | AH75: V | AI75: V | AJ75: V | AK75: V | AL75: V | AM75: V | AN75: V | AO75: V | AQ75: V | AR75: V | AS75: V | AV75: V | AW75: V | AX75: V | AZ75: V | BA75: V | BB75: V | BC75: V | BD75: V | BE75: V | BF75: V | BG75: V
A76: 45429 | B76: HPX for CMIT | C76: 6A Staging | D76: 34.42420.332.0.A.1 | E76: P016VA-B2B | F76: "NOTE: When testing, please turn off auto update in MS Store app first to avoid being automatically updated to the latest version on MS Store. For SnowWhite For 2024 OOC with CFR on and after 5/30 For 2024 Sustaining CQ3 Changes: • [HPXWC-20102] [ApplicationSettings][ContextAware]Create Native View for ContextAware rebranding - HP-Jira • [HPXAPPS-11848] [CommonConsents][Privacy] Toggles for App Consents on a Privacy tab are missing AUIDs. - HP-Jira • [HPXWC-17908] Get Battery status and level from PCDeviceBase to MFE - HP-Jira • [HPXWC-20251] [System Control][Power Saver] description translation update - June batch - HP-Jira • [HPXAPPS-10644] [ExitSurvey]Implement Backend Resolver to exit beta experience. - HP-Jira • [HPXAPPS-11548] [CommonConsents] Transfer consent for Computer privacy fails to read from AllowTransferOutOfCountry registry key for PIPL. - HP-Jira • [HPXAPPS-11543] [CommonConsents] Transfer consent for Computer privacy is displayed on Manage choices page based on system region instead of the "TransferOutConsentRequired" registry key value. - HP-Jira • [HPXAPPS-11807] [Common Consent] Accept All, Decline all Options and Manage options texts are not in Bold for all Locals except us-en - HP-Jira • [HPXAPPS-12079] [Common Consents][Offline Mode] Unsupported PurposeId in US region is getting optedIN when consented in OOBE flow through Accept All Button - HP-Jira • [HPXAPPS-11872] [SFT_CSS][OTA_FFT][HPID] Links are not responding in Go to my account page. - HP-Jira • [HPXWC-20121] [SFT_MPH][OTA][PCDevice] UI flickers when we navigate back to pc device from any module - HP-Jira | G76: 1. Home Page 2. Video Control - SmartCam v3.2403.146.21406 3. HP Programmable Key 4. Privacy alert 5. Auto Screen Dimming 6. Support 7. Settings 8. System Control 9. Pen 10. Battery Manager 11. Screen Time 12. Screen Distance 13. Gesture 14. Docking 15. Energy Consumption | I76: V | J76: V | L76: V | M76: V | Y76: V | Z76: V | AA76: V | AB76: V | AC76: V | AD76: V | AE76: V | AF76: V | AG76: V | AH76: V | AI76: V | AJ76: V | AK76: V | AL76: V | AM76: V | AN76: V | AO76: V | AQ76: V | AR76: V | AS76: V | AV76: V | AW76: V | AX76: V | AZ76: V | BA76: V | BB76: V | BC76: V | BD76: V | BE76: V | BF76: V | BG76: V
A77: 45429 | B77: HPX for CMIT | C77: 6A Staging | D77: 34.42420.332.0.A.2 | E77: P016VA-B2C | F77: "NOTE: When testing, please turn off auto update in MS Store app first to avoid being automatically updated to the latest version on MS Store. For Baymax ONLY to test Audio Control Changes: • [HPXWC-20102] [ApplicationSettings][ContextAware]Create Native View for ContextAware rebranding - HP-Jira • [HPXAPPS-11848] [CommonConsents][Privacy] Toggles for App Consents on a Privacy tab are missing AUIDs. - HP-Jira • [HPXWC-17908] Get Battery status and level from PCDeviceBase to MFE - HP-Jira • [HPXWC-20251] [System Control][Power Saver] description translation update - June batch - HP-Jira • [HPXAPPS-10644] [ExitSurvey]Implement Backend Resolver to exit beta experience. - HP-Jira • [HPXAPPS-11548] [CommonConsents] Transfer consent for Computer privacy fails to read from AllowTransferOutOfCountry registry key for PIPL. - HP-Jira • [HPXAPPS-11543] [CommonConsents] Transfer consent for Computer privacy is displayed on Manage choices page based on system region instead of the "TransferOutConsentRequired" registry key value. - HP-Jira • [HPXAPPS-11807] [Common Consent] Accept All, Decline all Options and Manage options texts are not in Bold for all Locals except us-en - HP-Jira • [HPXAPPS-12079] [Common Consents][Offline Mode] Unsupported PurposeId in US region is getting optedIN when consented in OOBE flow through Accept All Button - HP-Jira • [HPXAPPS-11872] [SFT_CSS][OTA_FFT][HPID] Links are not responding in Go to my account page. - HP-Jira • [HPXWC-20121] [SFT_MPH][OTA][PCDevice] UI flickers when we navigate back to pc device from any module - HP-Jira | G77: 1. Home Page 2. Video Control - SmartCam v3.2403.146.21406 3. HP Programmable Key 4. Privacy alert 5. Auto Screen Dimming 6. Support 7. Settings 8. System Control 9. Pen 10. Battery Manager 11. Screen Time 12. Screen Distance 13. Gesture 14. Docking 15. Energy Consumption 16. Audio Control | I77: V | J77: V | L77: V | M77: V | N77: V | O77: V | P77: V | Q77: V | Y77: V | Z77: V | AA77: V | AB77: V | AC77: V | AD77: V | AE77: V | AF77: V | AG77: V | AH77: V | AI77: V | AJ77: V | AK77: V | AL77: V | AM77: V | AN77: V | AO77: V | AQ77: V | AR77: V | AS77: V | AV77: V | AW77: V | AX77: V | AZ77: V | BA77: V | BB77: V | BC77: V | BD77: V | BE77: V | BF77: V | BG77: V
A78: 45436 | B78: HPX for CMIT | C78: 6A Staging | D78: 34.42421.380.0.A.1 | E78: P016VA-B2D | F78: "NOTE: When testing, please turn off auto update in MS Store app first to avoid being automatically updated to the latest version on MS Store. For SnowWhite For 2024 OOC with CFR on and after 5/30 For 2024 OOC2 For 2024 Sustaining CQ3 Changes: • [HPXWC-20385] [SFT_MPH][SystemControl] Bi-Directional Sync is not happening from HPX to windows settings in DC mode - HP-Jira • [HPXWC-18168] [Screen Time][Translation] Update June batch - HP-Jira • [HPXWC-20286] [HPX-R] [BM][UI]- For Battery manager base native-view, Do navItem registration in saga and add translation - HP-Jira • [HPXWC-20252] [Gesture][Translation] Update June batch - HP-Jira • [HPXWC-20285] [HPX-R] [SysCtrl] [UI]-Create query and mutation resolvers in Schema File for V2 supported Card for Workstation platforms - HP-Jira • [HPXWC-20273] [HPX-R] [SysCtrl][UI]- For System Control base native-view, Do navItem registration in saga and add translation - HP-Jira • [HPXWC-20253] SIO2268635 - [SIT][SWT-SW][LNL-MX][Win11]The information content show grey when clicked "i" in System Control UI with HPX. - HP-Jira • [HPXWC-20420] [SFT_MPH][SystemControl][AMD][L10N] Power saver mode tooltip message is not aligned properly on AR and HE language - HP-Jira • [HPXAPPS-12079] [Common Consents][Offline Mode] Unsupported PurposeId in US region is getting optedIN when consented in OOBE flow through Accept All Button - HP-Jira • [HPXAPPS-12139] [CommonConsents][TW-ZH&HK-ZH] [AppPrivacy][OfflineMode]Unintended Toggle Activation in Manage Choices Page and Absence of Toggles in Settings>Privacy Section - HP-Jira • [HPXAPPS-12136] [CommonConsent][tw-zh&hk-zh] Data transfer toggle turned on by Default on both OOBE and non-OOBE flow on Traditional Chinese locals(tw-zh, hk-zh) - HP-Jira • [HPXAPPS-12231] [Common Consents] Managed True For ZH-TW and ZH-CN single toggle being shown in Settings Privacy Tab - HP-Jira • [HPXAPPS-12642] [SFT_CSS][Commonconsent][L10N] Some content is not matching in app privacy and computer privacy page in French Language. - HP-Jira • [HPXAPPS-12646] [SFT_CSS][Commonconsent][L10N] Product Improvement consent data is not matching with the translation file in app consent page in French Language. - HP-Jira • [HPXAPPS-12650] [SFT_CSS][CommonConsent][L10N] "HP" string is missing in app privacy and computer privacy page in Ukrainian and Basque languages. - HP-Jira | G78: 1. Home Page 2. Video Control - SmartCam v3.2403.146.21406 3. HP Programmable Key 4. Privacy alert 5. Auto Screen Dimming 6. Support 7. Settings 8. System Control 9. Pen 10. Battery Manager 11. Screen Time 12. Screen Distance 13. Gesture 14. Docking 15. Energy Consumption | I78: V | J78: V | L78: V | M78: V | Y78: V | Z78: V | AA78: V | AB78: V | AC78: V | AD78: V | AE78: V | AF78: V | AG78: V | AH78: V | AI78: V | AJ78: V | AK78: V | AL78: V | AM78: V | AN78: V | AO78: V | AQ78: V | AR78: V | AS78: V | AV78: V | AW78: V | AX78: V | AZ78: V | BA78: V | BB78: V | BC78: V | BD78: V | BE78: V | BF78: V | BG78: V
A79: 45436 | B79: HPX for CMIT | C79: 6A Staging | D79: 34.42421.380.0.A.2 | E79: P016VA-B2E | F79: "NOTE: When testing, please turn off auto update in MS Store app first to avoid being automatically updated to the latest version on MS Store. For Baymax ONLY to test Audio Control Changes: • [HPXWC-20385] [SFT_MPH][SystemControl] Bi-Directional Sync is not happening from HPX to windows settings in DC mode - HP-Jira • [HPXWC-18168] [Screen Time][Translation] Update June batch - HP-Jira • [HPXWC-20286] [HPX-R] [BM][UI]- For Battery manager base native-view, Do navItem registration in saga and add translation - HP-Jira • [HPXWC-20252] [Gesture][Translation] Update June batch - HP-Jira • [HPXWC-20285] [HPX-R] [SysCtrl] [UI]-Create query and mutation resolvers in Schema File for V2 supported Card for Workstation platforms - HP-Jira • [HPXWC-20273] [HPX-R] [SysCtrl][UI]- For System Control base native-view, Do navItem registration in saga and add translation - HP-Jira • [HPXWC-20253] SIO2268635 - [SIT][SWT-SW][LNL-MX][Win11]The information content show grey when clicked "i" in System Control UI with HPX. - HP-Jira • [HPXWC-20420] [SFT_MPH][SystemControl][AMD][L10N] Power saver mode tooltip message is not aligned properly on AR and HE language - HP-Jira • [HPXAPPS-12079] [Common Consents][Offline Mode] Unsupported PurposeId in US region is getting optedIN when consented in OOBE flow through Accept All Button - HP-Jira • [HPXAPPS-12139] [CommonConsents][TW-ZH&HK-ZH] [AppPrivacy][OfflineMode]Unintended Toggle Activation in Manage Choices Page and Absence of Toggles in Settings>Privacy Section - HP-Jira • [HPXAPPS-12136] [CommonConsent][tw-zh&hk-zh] Data transfer toggle turned on by Default on both OOBE and non-OOBE flow on Traditional Chinese locals(tw-zh, hk-zh) - HP-Jira • [HPXAPPS-12231] [Common Consents] Managed True For ZH-TW and ZH-CN single toggle being shown in Settings Privacy Tab - HP-Jira • [HPXAPPS-12642] [SFT_CSS][Commonconsent][L10N] Some content is not matching in app privacy and computer privacy page in French Language. - HP-Jira • [HPXAPPS-12646] [SFT_CSS][Commonconsent][L10N] Product Improvement consent data is not matching with the translation file in app consent page in French Language. - HP-Jira • [HPXAPPS-12650] [SFT_CSS][CommonConsent][L10N] "HP" string is missing in app privacy and computer privacy page in Ukrainian and Basque languages. - HP-Jira | G79: 1. Home Page 2. Video Control - SmartCam v3.2403.146.21406 3. HP Programmable Key 4. Privacy alert 5. Auto Screen Dimming 6. Support 7. Settings 8. System Control 9. Pen 10. Battery Manager 11. Screen Time 12. Screen Distance 13. Gesture 14. Docking 15. Energy Consumption 16. Audio Control | I79: V | J79: V | L79: V | M79: V | N79: V | O79: V | P79: V | Q79: V | Y79: V | Z79: V | AA79: V | AB79: V | AC79: V | AD79: V | AE79: V | AF79: V | AG79: V | AH79: V | AI79: V | AJ79: V | AK79: V | AL79: V | AM79: V | AN79: V | AO79: V | AQ79: V | AR79: V | AS79: V | AV79: V | AW79: V | AX79: V | AZ79: V | BA79: V | BB79: V | BC79: V | BD79: V | BE79: V | BF79: V | BG79: V
A80: 45443 | B80: HPX for CMIT | C80: 5A RC2 | D80: 33.52421.535.0.A.1 | E80: P016VA-B2F | F80: "NOTE: When testing, please turn off auto update in MS Store app first to avoid being automatically updated to the latest version on MS Store. For 2024 OOC Broncos Known Issues: • [HPXAPPS-9619] [ARM] Create a package bundle which natively supports ARM - HP-Jira • [HPXAPPS-8936] [ARM] Unable to build the application on ARM64 Devices - HP-Jira • [HPXAPPS-10808] [ARM][Performance] myHP takes about 25s to load to home page - HP-Jira Changes: • [HPXAPPS-11464] [Home][Performance] Home page first use load time had increased to 18 to 20 sec in latest prod - HP-Jira • [HPXWC-20308] [FeatureFlag] Create feature flag for PCVideo sub-module: "pcvideo-polycamerapro" - HP-Jira | G80: 1. Home Page 2. Video Control - SmartCam v3.2403.146.21406 3. HP Programmable Key 4. Privacy alert 5. Auto Screen Dimming 6. Support 7. Settings 8. System Control 9. Pen 10. Battery Manager 11. Screen Time 12. Screen Distance 13. Gesture 14. Docking 15. Energy Consumption | I80: V | J80: V | L80: V | M80: V | Y80: V | Z80: V | AA80: V | AB80: V | AC80: V | AD80: V | AE80: V | AF80: V | AG80: V | AH80: V | AI80: V | AJ80: V | AK80: V | AL80: V | AM80: V | AN80: V | AO80: V | AQ80: V | AR80: V | AS80: V | AV80: V | AW80: V | AX80: V | AZ80: V | BA80: V | BB80: V | BC80: V | BD80: V | BE80: V | BF80: V | BG80: V
A81: 45443 | B81: HPX for CMIT | C81: 6A Staging | D81: 34.42422.407.0.A.1 | E81: P016VA-B2G | F81: "NOTE: When testing, please turn off auto update in MS Store app first to avoid being automatically updated to the latest version on MS Store. For SnowWhite For 2024 OOC with CFR on and after 6/14 For 2024 OOC2 For 2024 Sustaining CQ3 Changes: • [HPXWC-20278] [SFT_MPH][SystemControl][AMD] Performance Control modes are not persistent and battery manager module getting disabled after installing fusion v.1.67.3747.0 - HP-Jira • [HPXAPPS-12042] [Settings]Integrate Settings resolvers with frontend Settings MFE. - HP-Jira • [HPXAPPS-12684] [Analytics] The data doesn't flow to Kibana on the stage track. - HP-Jira • [HPXAPPS-12648] [SFT_CSS][CommonConsent][Analytics] AUIDS are not getting generated for few actionable item - HP-Jira • [HPXAPPS-12911] [CommonConsents][PIPL] ["bizops.device.basicfunct..hpapp..npf"] purposeID status is 'OptedOut' it should be 'OptedIn' by default - HP-Jira • [HPXWC-20567] [SFT_MPH][PCDevice] Battery status is updating with delay by 0% level to actual % level when navigated by other modules to PC device. - HP-Jira | G81: 1. Home Page 2. Video Control - SmartCam v3.2403.146.21406 3. HP Programmable Key 4. Privacy alert 5. Auto Screen Dimming 6. Support 7. Settings 8. System Control 9. Pen 10. Battery Manager 11. Screen Time 12. Screen Distance 13. Gesture 14. Docking 15. Energy Consumption | I81: V | J81: V | L81: V | M81: V | Y81: V | Z81: V | AA81: V | AB81: V | AC81: V | AD81: V | AE81: V | AF81: V | AG81: V | AH81: V | AI81: V | AJ81: V | AK81: V | AL81: V | AM81: V | AN81: V | AO81: V | AQ81: V | AR81: V | AS81: V | AV81: V | AW81: V | AX81: V | AZ81: V | BA81: V | BB81: V | BC81: V | BD81: V | BE81: V | BF81: V | BG81: V
A82: 45450 | B82: HPX for CMIT | C82: 7A Staging | D82: 35.42423.426.0.A.1 | E82: P016VA-B2J | F82: "NOTE: When testing, please turn off auto update in MS Store app first to avoid being automatically updated to the latest version on MS Store. For 2025 NPI For SnowWhite For 2024 OOC with CFR on and after 6/14 For 2024 OOC2 For 2024 Sustaining CQ3 Changes: • [HPXAPPS-13348] [CommonConsent][PIPL][Managed] Transfer consent is displayed on Privacy tab for China region Managed device. - HP-Jira • [HPXWC-19850] [Rebrand] Create "base" native-view for PC Touchpad - HP-Jira • [HPXWC-20594] [Rebrand] Create "base" native-view for PC Gestures - HP-Jira • [HPXWC-20881] [Pen] Rename pen control name in package.json file for root mfe and Pen mfe - HP-Jira • [HPXWC-20716] [ContextAware] Focussed App event propogation in Base module - HP-Jira • [HPXWC-20139] [SFT_MPH][SystemControl][Commercial] Tooltip Strings are overlapping when we increase text size to maximum - HP-Jira • [HPXAPPS-12933] The NB API in JWebView Mode is Unstable, it works only 2/5 Times, Needs Restart to Fix - HP-Jira • [HPXWC-20406] [SystemControl][TPE_SFT][FFT]It will not map to “Performance” when change 2 different modes in System control then select” Best Performance” in OS. - HP-Jira | G82: 1. Home Page 2. Video Control - SmartCam v3.2403.146.21406 3. HP Programmable Key 4. Privacy alert 5. Auto Screen Dimming 6. Support 7. Settings 8. System Control 9. Pen 10. Battery Manager 11. Screen Time 12. Screen Distance 13. Gesture 14. Docking 15. Energy Consumption | I82: V | J82: V | L82: V | M82: V | Y82: V | Z82: V | AA82: V | AB82: V | AC82: V | AD82: V | AE82: V | AF82: V | AG82: V | AH82: V | AI82: V | AJ82: V | AK82: V | AL82: V | AM82: V | AN82: V | AO82: V | AQ82: V | AR82: V | AS82: V | AV82: V | AW82: V | AX82: V | AZ82: V | BA82: V | BB82: V | BC82: V | BD82: V | BE82: V | BF82: V | BG82: V
A83: 45457 | B83: HPX for CMIT | C83: 6A RC3 | D83: 34.52424.589.0.A.1 | E83: P016VA-B2K | F83: "NOTE: When testing, please turn off auto update in MS Store app first to avoid being automatically updated to the latest version on MS Store. For 2024 OOC For 2024 OOC2 For 2024 Sustaining CQ3 Changes: • [HPXAPPS-13308] [Support][Login] - Login invoked from "Chat with an agent"/"Speak to an agent", can not redirect back to HPX - HP-Jira • [HPXAPPS-11464] [Home][Performance] Home page first use load time had increased to 18 to 20 sec in latest prod - HP-Jira | G83: 1. Home Page 2. Video Control - SmartCam v3.2403.146.21406 3. HP Programmable Key 4. Privacy alert 5. Auto Screen Dimming 6. Support 7. Settings 8. System Control 9. Pen 10. Battery Manager 11. Screen Time 12. Screen Distance 13. Gesture 14. Docking 15. Energy Consumption | I83: V | J83: V | L83: V | M83: V | Y83: V | Z83: V | AA83: V | AB83: V | AC83: V | AD83: V | AE83: V | AF83: V | AG83: V | AH83: V | AI83: V | AJ83: V | AK83: V | AL83: V | AM83: V | AN83: V | AO83: V | AQ83: V | AR83: V | AS83: V | AV83: V | AW83: V | AX83: V | AZ83: V | BA83: V | BB83: V | BC83: V | BD83: V | BE83: V | BF83: V | BG83: V
A84: 45457 | B84: HPX for CMIT | C84: 7A Staging | D84: 35.42424.439.0.A.1 | E84: P016VA-B2L | F84: "NOTE: When testing, please turn off auto update in MS Store app first to avoid being automatically updated to the latest version on MS Store. For 2025 NPI For SnowWhite Changes: • [HPXWC-19769] [AudioControl][Commercial] Restore Defaults doesn't work with context aware settings - HP-Jira • [HPXAPPS-13308] [Support][Login] - Login invoked from "Chat with an agent"/"Speak to an agent", can not redirect back to HPX - HP-Jira • [HPXAPPS-13131] [Settings]Create link for Terms Of Use on About card. - HP-Jira • [HPXAPPS-12477] [Common Consents] Privacy Tab toggles are independently turned on if we change region and language and relaunch the app without resetting. - HP-Jira • [HPXWC-20920] [SFT_MPH][PenControl][Commercial] Reconnect button is not seen in the UI even when the Bluetooth is ON - HP-Jira • [HPXAPPS-12890] [SIO2271206] It will directly link to the PSW input page when click the HP Account in HPX. - HP-Jira • [HPXWC-20406] [SystemControl][TPE_SFT][FFT]It will not map to “Performance” when change 2 different modes in System control then select” Best Performance” in OS. - HP-Jira • [HPXAPPS-13535] [ComonConsents][Privacy] The App Privacy toggle disappears after changing the system's language and switching the toggle. - HP-Jira • [ DogFooding ] MFEs and UI-toolkit versions in importmap.json file by giorgi-digmelashvili · Pull Request #8624 · hpx/hpx-winclient | G84: 1. Home Page 2. Video Control - SmartCam v3.2403.146.21406 3. HP Programmable Key 4. Privacy alert 5. Auto Screen Dimming 6. Support 7. Settings 8. System Control 9. Pen 10. Battery Manager 11. Screen Time 12. Screen Distance 13. Gesture 14. Docking 15. Energy Consumption | I84: V | J84: V | L84: V | M84: V | Y84: V | Z84: V | AA84: V | AB84: V | AC84: V | AD84: V | AE84: V | AF84: V | AG84: V | AH84: V | AI84: V | AJ84: V | AK84: V | AL84: V | AM84: V | AN84: V | AO84: V | AQ84: V | AR84: V | AS84: V | AV84: V | AW84: V | AX84: V | AZ84: V | BA84: V | BB84: V | BC84: V | BD84: V | BE84: V | BF84: V | BG84: V
A85: 45464 | B85: HPX for CMIT | C85: 7A Staging | D85: 35.42425.458.0.A.1 | E85: P016VA-B2M | F85: "NOTE: When testing, please turn off auto update in MS Store app first to avoid being automatically updated to the latest version on MS Store. For 2025 NPI For SnowWhite Changes: • [HPXAPPS-12900] The 'registerDeviceItem' Function from '@hp-af/device-info', Only Works with One Device - HP-Jira • [HPXWC-20085] [Dock] Create Mutation (GraphQL/Northbound APIs) - HP-Jira • [HPXWC-20239] [HPX-R] [SysCtrl][UI]- Registration of system control under PC Device - HP-Jira • [HPXWC-19634] [HPPK] Use Mutation to dispatch action from MFE from NPABI - HP-Jira • [HPXWC-21329] [Pen][IndirectInking] Navigate to Indirect Inking Page from L1 - HP-Jira • [HPXWC-21444] [Pen] Show recent registered Pen card in device list - HP-Jira • [HPXWC-21186] [Pen] Integrate product mfe in pen module - HP-Jira • [HPXAPPS-14022] [CommonConsent][PIPL][Managed] Transfer consent is displayed on Privacy tab for China region Managed device. - HP-Jira • [HPXAPPS-12648] [SFT_CSS][CommonConsent][Analytics] AUIDS are not getting generated for few actionable item - HP-Jira • [HPXWC-21413] [PCDevicePg] Flickering is getting observed while PC Device page gets load. - HP-Jira • [HPXAPPS-13638] [CommonConsents] Text cut off observed on a CommonConsent screen under the App privacy tile. - HP-Jira | G85: 1. Home Page 2. Video Control - SmartCam v3.2403.146.21406 3. HP Programmable Key 4. Privacy alert 5. Auto Screen Dimming 6. Support 7. Settings 8. System Control 9. Pen 10. Battery Manager 11. Screen Time 12. Screen Distance 13. Gesture 14. Docking 15. Energy Consumption | I85: V | J85: V | L85: V | M85: V | Y85: V | Z85: V | AA85: V | AB85: V | AC85: V | AD85: V | AE85: V | AF85: V | AG85: V | AH85: V | AI85: V | AJ85: V | AK85: V | AL85: V | AM85: V | AN85: V | AO85: V | AQ85: V | AR85: V | AS85: V | AV85: V | AW85: V | AX85: V | AZ85: V | BA85: V | BB85: V | BC85: V | BD85: V | BE85: V | BF85: V | BG85: V
A86: 45471 | B86: HPX for CMIT | C86: 7A Staging | D86: 35.42426.469.0.A.1 | E86: P016VA-B2N | F86: "NOTE: When testing, please turn off auto update in MS Store app first to avoid being automatically updated to the latest version on MS Store. For 2025 NPI For SnowWhite Changes: • [HPXAPPS-13781] [HPX][Rebrand][TopAppBar] Bell icon contents are not getting loaded - HP-Jira • [HPXAPPS-13722] [Bell]Integrate blue dot on App bar bell icon if case of unread messages. - HP-Jira • [HPXWC-21485] [Pen] Update Pen module UI if non supported action set from Windows setting - HP-Jira • [HPXWC-21409] [Pen][BluetoothPairing] Implement Reconnect banner - HP-Jira • [HPXWC-21322] [Pen] Add a new card in Root MFE to show Pen Sensitivity feature - HP-Jira • [HPXWC-19434] [User Detection] Integrate "Presence Detection" MFE with HPX - HP-Jira • [HPXAPPS-13699] [Dogfooding] Disable "right click" dev menu panel - HP-Jira • [HPXWC-21332] [HPX-R] [SysCtrl] [UI]- Implement the backend functionality for Battery Saver mode layout (create schema and mutation) - HP-Jira • [HPXWC-21216] [Pen] Get consumer battery details from consumer nuget - HP-Jira • [HPXWC-20758] [Energy Consumption] -Test case for energy consumption base module. - HP-Jira • [HPXWC-21396] [Smart Experiences][VisionAI] Develop Message Inline Alert for Attention Focus Toggle - HP-Jira • [HPXAPPS-12737] [CommonConsents] Old privacy page is showing after new privacy page is accepted - HP-Jira • [HPXWC-21175] [battery manager] [AUID] AUID is same for battery health values. - HP-Jira • [HPXWC-21518] [SystemControl][TPE_SFT][FFT]System control will not map correct mode when select power mode in OS. - HP-Jira | G86: 1. Home Page 2. Video Control - SmartCam v3.2403.146.21406 3. HP Programmable Key 4. Privacy alert 5. Auto Screen Dimming 6. Support 7. Settings 8. System Control 9. Pen 10. Battery Manager 11. Screen Time 12. Screen Distance 13. Gesture 14. Docking 15. Energy Consumption | I86: V | J86: V | L86: V | M86: V | Y86: V | Z86: V | AA86: V | AB86: V | AC86: V | AD86: V | AE86: V | AF86: V | AG86: V | AH86: V | AI86: V | AJ86: V | AK86: V | AL86: V | AM86: V | AN86: V | AO86: V | AQ86: V | AR86: V | AS86: V | AV86: V | AW86: V | AX86: V | AZ86: V | BA86: V | BB86: V | BC86: V | BD86: V | BE86: V | BF86: V | BG86: V
A87: 45471 | B87: HPX for CMIT | C87: 7A Production | D87: 35.52426.668.0.A.1 | E87: P016VA-B2P | F87: "NOTE: When testing, please turn off auto update in MS Store app first to avoid being automatically updated to the latest version on MS Store. For 2024 Sustaining CQ3 For 2024 OOC2 For 2024 OOC Ernesto, Luisa, Bobcats Changes: • [HPXAPPS-13781] [HPX][Rebrand][TopAppBar] Bell icon contents are not getting loaded - HP-Jira • [HPXAPPS-14120] Showing white screen after integrating analytics TrackID for Battery Manager - HP-Jira • [HPXAPPS-14014] Showing white screen after integrating analytics API (TrackId) - HP-Jira • [HPXWC-21444] [Pen] Show recent registered Pen card in device list - HP-Jira • [HPXWC-21485] [Pen] Update Pen module UI if non supported action set from Windows setting - HP-Jira • [HPXWC-21409] [Pen][BluetoothPairing] Implement Reconnect banner - HP-Jira • [HPXWC-19434] [User Detection] Integrate "Presence Detection" MFE with HPX - HP-Jira • [HPXAPPS-13699] [Dogfooding] Disable "right click" dev menu panel - HP-Jira • [HPXWC-21332] [HPX-R] [SysCtrl] [UI]- Implement the backend functionality for Battery Saver mode layout (create schema and mutation) - HP-Jira • [HPXWC-21216] [Pen] Get consumer battery details from consumer nuget - HP-Jira • [HPXWC-20758] [Energy Consumption] -Test case for energy consumption base module. - HP-Jira • [HPXWC-21396] [Smart Experiences][VisionAI] Develop Message Inline Alert for Attention Focus Toggle - HP-Jira • [HPXWC-21330] [HPX-R] [SysCtrl] [UI]- Modify the System Control UI as per modified figma - HP-Jira • [HPXWC-21452] [Smart Experiences][VisionAI]Enable/Register Smart Experience Module under PC Device - HP-Jira • [HPXWC-17789] [HPPK] Modify HPX prog key save saga to save faster - HP-Jira • [HPXWC-21326] [Screen Time][native base] Support both proximity and user detection platforms - HP-Jira • [HPXWC-21413] [PCDevicePg] Flickering is getting observed while PC Device page gets load. - HP-Jira • [HPXAPPS-13638] [CommonConsents] Text cut off observed on a CommonConsent screen under the App privacy tile. - HP-Jira • [HPXWC-21175] [battery manager] [AUID] AUID is same for battery health values. - HP-Jira • [HPXWC-21518] [SystemControl][TPE_SFT][FFT]System control will not map correct mode when select power mode in OS. - HP-Jira | G87: 1. Home Page 2. Video Control - SmartCam v3.2403.146.21406 3. HP Programmable Key 4. Privacy alert 5. Auto Screen Dimming 6. Support 7. Settings 8. System Control 9. Pen 10. Battery Manager 11. Screen Time 12. Screen Distance 13. Gesture 14. Docking 15. Energy Consumption | I87: V | J87: V | L87: V | M87: V | Y87: V | Z87: V | AA87: V | AB87: V | AC87: V | AD87: V | AE87: V | AF87: V | AG87: V | AH87: V | AI87: V | AJ87: V | AK87: V | AL87: V | AM87: V | AN87: V | AO87: V | AQ87: V | AR87: V | AS87: V | AV87: V | AW87: V | AX87: V | AZ87: V | BA87: V | BB87: V | BC87: V | BD87: V | BE87: V | BF87: V | BG87: V
A88: 45478 | B88: HPX for CMIT | C88: 7A RC1 | D88: 35.52426.688.0.A.1 | E88: P016VA-B2Q | F88: "NOTE: When testing, please turn off auto update in MS Store app first to avoid being automatically updated to the latest version on MS Store. For 2024 Sustaining CQ3 For 2024 OOC2 For 2024 OOC Ernesto, Luisa, Bobcats Changes: • [HPXWC-21481] [Fusion][ClientAPIs] Integrate app helper client APIs to HPX - HP-Jira • [HPXWC-21209] [Context Aware] API to detect if any app is removed/uninstalled from its path. - HP-Jira • [HPXAPPS-14422] Update React-Native-Config to latest - HP-Jira • [HPXWC-19911] [Bug] The dock name is not displaying correctly when multiple docks are connected. - HP-Jira • [HPXWC-19884] [SFT_MPH][Dock_Station] Previously saved dock name is coming when we clear the existing dock name and relaunch the myHP application - HP-Jira • [HPXWC-18333] [HPX][VideoControl][L10N] Video dialog is not localized when click video control card. - HP-Jira | G88: 1. Home Page 2. Video Control - SmartCam v3.2403.146.21406 3. HP Programmable Key 4. Privacy alert 5. Auto Screen Dimming 6. Support 7. Settings 8. System Control 9. Pen 10. Battery Manager 11. Screen Time 12. Screen Distance 13. Gesture 14. Docking 15. Energy Consumption | I88: V | J88: V | L88: V | M88: V | Y88: V | Z88: V | AA88: V | AB88: V | AC88: V | AD88: V | AE88: V | AF88: V | AG88: V | AH88: V | AI88: V | AJ88: V | AK88: V | AL88: V | AM88: V | AN88: V | AO88: V | AQ88: V | AR88: V | AS88: V | AV88: V | AW88: V | AX88: V | AZ88: V | BA88: V | BB88: V | BC88: V | BD88: V | BE88: V | BF88: V | BG88: V
A89: 45478 | B89: HPX for CMIT | C89: 8A Staging | D89: 36.42427.504.0.A.1 | E89: P016VA-B2R | F89: "NOTE: When testing, please turn off auto update in MS Store app first to avoid being automatically updated to the latest version on MS Store. For 2025 NPI For SnowWhite Changes: • [HPXAPPS-13524] [SIO2273850] The number of options under App Privacy in HPX are displayed incorrectly. - HP-Jira • [HPXAPPS-13211] [SFT_CSS][OTA_FFT][CommonConsent] Strings in the buttons is not aligned on the center in app privacy consent page when the text size is maximum. - HP-Jira • [HPXWC-19581] [HPX][VideoControl][Accessibility] The "continue" button is not read consistently in video dialog between homepage & pc-device when enable narrator. - HP-Jira • [HPXWC-21518] [SystemControl][TPE_SFT][FFT]System control will not map correct mode when select power mode in OS. - HP-Jira | G89: 1. Home Page 2. Video Control - SmartCam v3.2403.146.21406 3. HP Programmable Key 4. Privacy alert 5. Auto Screen Dimming 6. Support 7. Settings 8. System Control 9. Pen 10. Battery Manager 11. Screen Time 12. Screen Distance 13. Gesture 14. Docking 15. Energy Consumption | I89: V | J89: V | L89: V | M89: V | Y89: V | Z89: V | AA89: V | AB89: V | AC89: V | AD89: V | AE89: V | AF89: V | AG89: V | AH89: V | AI89: V | AJ89: V | AK89: V | AL89: V | AM89: V | AN89: V | AO89: V | AQ89: V | AR89: V | AS89: V | AV89: V | AW89: V | AX89: V | AZ89: V | BA89: V | BB89: V | BC89: V | BD89: V | BE89: V | BF89: V | BG89: V
A90: 45485 | B90: HPX for CMIT | C90: 7A RC3 | D90: 35.52428.730.0.A.1 | E90: P016VA-B2S | F90: "NOTE: When testing, please turn off auto update in MS Store app first to avoid being automatically updated to the latest version on MS Store. For 2024 Sustaining CQ3 For 2024 OOC2 For 2024 OOC Ernesto, Luisa, Bobcats Changes: • [HPXWC-20569] [SIO2271098] Install Poly Camera Pro pop up replace Hp Presence Video when click Video control on myHP/Home UI(AR6) - HP-Jira • [HPXWC-21919] [SIO2283215] : Cannot open Poly camera pro app after click myhp/Video Control. - HP-Jira | G90: 1. Home Page 2. Video Control 3. HP Programmable Key 4. Privacy alert 5. Auto Screen Dimming 6. Support 7. Settings 8. System Control 9. Pen 10. Battery Manager 11. Screen Time 12. Screen Distance 13. Gesture 14. Docking 15. Energy Consumption | I90: V | J90: V | L90: V | M90: V | Y90: V | Z90: V | AA90: V | AB90: V | AC90: V | AD90: V | AE90: V | AF90: V | AG90: V | AH90: V | AI90: V | AJ90: V | AK90: V | AL90: V | AM90: V | AN90: V | AO90: V | AQ90: V | AR90: V | AS90: V | AV90: V | AW90: V | AX90: V | AZ90: V | BA90: V | BB90: V | BC90: V | BD90: V | BE90: V | BF90: V | BG90: V
A91: 45485 | B91: HPX for CMIT | C91: 8A Staging | D91: 36.42428.553.0.A.1 | E91: P016VA-B2U | F91: "NOTE: When testing, please turn off auto update in MS Store app first to avoid being automatically updated to the latest version on MS Store. For 2025 NPI For SnowWhite Changes: • [HPXAPPS-14858] [HPX] [My Account] My account page is not loading - HP-Jira • [HPXWC-20569] [SIO2271098] Install Poly Camera Pro pop up replace Hp Presence Video when click Video control on myHP/Home UI(AR6) - HP-Jira • [HPXWC-21536] Logic for showing Audio in commercial - HP-Jira • [HPXAPPS-14449] Custom Plugin Loading Exception - HP-Jira • [HPXAPPS-13890] [SFT_CSS][Dropbox] Underlines appear for hyperlinks when you hover over text beside the link in both Dropbox sign up page and sign in page. - HP-Jira • [HPXAPPS-13888] [SFT_CSS][Dropbox] Underlines appear for both hyperlinks when you hover over one of the hyperlink in Dropbox sign up page. - HP-Jira • UserDetection NuGet update 0703 by kevin-hou · Pull Request #8843 · hpx/hpx-winclient | G91: 1. Home Page 2. Video Control 3. HP Programmable Key 4. Privacy alert 5. Auto Screen Dimming 6. Support 7. Settings 8. System Control 9. Pen 10. Battery Manager 11. Screen Time 12. Screen Distance 13. Gesture 14. Docking 15. Energy Consumption | I91: V | J91: V | L91: V | M91: V | Y91: V | Z91: V | AA91: V | AB91: V | AC91: V | AD91: V | AE91: V | AF91: V | AG91: V | AH91: V | AI91: V | AJ91: V | AK91: V | AL91: V | AM91: V | AN91: V | AO91: V | AQ91: V | AR91: V | AS91: V | AV91: V | AW91: V | AX91: V | AZ91: V | BA91: V | BB91: V | BC91: V | BD91: V | BE91: V | BF91: V | BG91: V
A92: 45492 | B92: HPX for CMIT | C92: 8A Staging | D92: 36.42429.578.0.A.1 | E92: P016VA-B2V | F92: "NOTE: When testing, please turn off auto update in MS Store app first to avoid being automatically updated to the latest version on MS Store. For 2025 NPI For SnowWhite Changes: • [HPXAPPS-11464] [Home][Performance] Home page first use load time had increased to 18 to 20 sec in latest prod - HP-Jira • [HPXWC-21310] [SIO2276848] myHP Audio control doesn't display the Audio brand and logo 'AUDIO BY B&O' after 3.5mm headphone connected. - HP-Jira • [HPXAPPS-12329] [Settings]Implement "Delete Account" Link in Privacy Card for HPSmart Account Deletion - HP-Jira • [HPXAPPS-15105] Update the NPS url as per the new URL received - HP-Jira • [HPXAPPS-15434] Handle PR for ticket HPXAPPS-12329 - HP-Jira • [HPXG-1013] Create API for Auto Heal ,Multi-scan and Book Scan features - HP-Jira • [HPXWC-20739] [AudioControl][ARM] The AUID are the same between output and input list. - HP-Jira • [HPXWC-21825] [Audio][mic mode] mic mode tooltip text not matched with displayed text on UI in inspect tool - HP-Jira • [HPXWC-21923] [SIO2283315] The graph is between 0hr and 1hr after turn on Screen time more than 1 hour in myHP/Screen Time. - HP-Jira • [HPXG-1444] [HPX][DisplayControl] Display Control module is missing on latest main branch build. - HP-Jira • [HPXG-1445] [HPX][SystemControl] System Control module is missing on latest main branch build. - HP-Jira • [HPXG-1446] [HPX][PenControl] Pen Control module is missing on latest main branch build. - HP-Jira • [HPXG-1447] [ScreenTime][ScreenDistance] Screen time and Screen distance UI issue. - HP-Jira • Adjusting the xHPUserAgentHeaderValue to use the correct parameter order by kelley-davis · Pull Request #8825 · hpx/hpx-winclient • [HPXAPPS-14937] [SFT_CSS]Dropbox][L10N] "Store and share files" statement is incomplete in signin page in Polish language. - HP-Jira | G92: 1. Home Page 2. Video Control 3. HP Programmable Key 4. Privacy alert 5. Auto Screen Dimming 6. Support 7. Settings 8. System Control 9. Pen 10. Battery Manager 11. Screen Time 12. Screen Distance 13. Gesture 14. Docking 15. Energy Consumption 16. Audio Control | I92: V | J92: V | L92: V | M92: V | N92: V | O92: V | P92: V | Q92: V | Y92: V | Z92: V | AA92: V | AB92: V | AC92: V | AD92: V | AE92: V | AF92: V | AG92: V | AH92: V | AI92: V | AJ92: V | AK92: V | AL92: V | AM92: V | AN92: V | AO92: V | AQ92: V | AR92: V | AS92: V | AV92: V | AW92: V | AX92: V | AZ92: V | BA92: V | BB92: V | BC92: V | BD92: V | BE92: V | BF92: V | BG92: V
A93: 45499 | B93: HPX for CMIT | C93: 8A Staging | D93: 36.42430.615.0.A.1 | E93: P016VA-B2X | F93: "NOTE: When testing, please turn off auto update in MS Store app first to avoid being automatically updated to the latest version on MS Store. For 2025 NPI For SnowWhite Changes: • [HPXWC-22070] [AudioControl][Snowwhite] It should be show 6 preset instead of EQ when input 3.5mm headset. - HP-Jira • [HPXWC-21664] [Application Settings] "Do not Show" checkbox in User confirmation popup when deleting an app - HP-Jira • [HPXWC-17651] HP Audio Speaker Configuration - UI - HP-Jira • [HPXWC-22119] [Gestures][UI] Switch next/previous photo scroll 'Try this gesture' to correct illustration - HP-Jira • [HPXAPPS-10538] Add link to Terms of Use to consent screen - HP-Jira • [HPXWC-21559] [SIO2278451] :Content show blank and white under HPX/pen /single press:volume up. - HP-Jira • [HPXAPPS-14895] [SFT_CSS]Dropbox][L10N] Dropbox is not showing in few languages. - HP-Jira • [HPXAPPS-16013] [CommonConsents][PR Build] [TOU]TOU link issues - HP-Jira • [HPXWC-18002] [SFT_MPH][PCDevice][Accessibility] High contrast themes are not applied for buttons in PC Device Page. - HP-Jira • [HPXAPPS-12529] [SFT_CSS][Settings][CommonConsent][Accessibility] Improper spacing and contents are getting truncated in Setting's privacy page when text size is maximized. - HP-Jira • [HPXAPPS-12582] [SFT_CSS][CommonConsent][myHP_classic] Scroll bar fails to appear on Device consent page post resizing the application to its minimal size - HP-Jira • [HPXAPPS-13338] [SFT_CSS][CommonConsent][MyHp_Classic] Cut off is observed on all actionable button on both App and Device Consent Page in Knucker platform - HP-Jira | G93: 1. Home Page 2. Video Control 3. HP Programmable Key 4. Privacy alert 5. Auto Screen Dimming 6. Support 7. Settings 8. System Control 9. Pen 10. Battery Manager 11. Screen Time 12. Screen Distance 13. Gesture 14. Docking 15. Energy Consumption 16. Audio Control | I93: V | J93: V | L93: V | M93: V | N93: V | O93: V | P93: V | Q93: V | Y93: V | Z93: V | AA93: V | AB93: V | AC93: V | AD93: V | AE93: V | AF93: V | AG93: V | AH93: V | AI93: V | AJ93: V | AK93: V | AL93: V | AM93: V | AN93: V | AO93: V | AQ93: V | AR93: V | AS93: V | AV93: V | AW93: V | AX93: V | AZ93: V | BA93: V | BB93: V | BC93: V | BD93: V | BE93: V | BF93: V | BG93: V
A94: 45506 | B94: HPX for CMIT | C94: 8A Staging | D94: 36.42431.676.0.A.1 | E94: P016VA-B2Y | F94: "NOTE: When testing, please turn off auto update in MS Store app first to avoid being automatically updated to the latest version on MS Store. For 2025 NPI except MaldiveR6U 2.0 Refresh For SnowWhite Changes: • [HPXWC-22097] [AudioControl] Presets are missing with internal speaker on quaker. - HP-Jira • [HPXAPPS-16186] [SFT_MPH][FFT_OTA][HPPK] Blank screen is observed when press F11/F12 - HP-Jira • [HPXWC-21969] [Smart Experiences][VisionAI] Restructuring Redux Initial VisionAiInfo State Structure - HP-Jira • [HPXAPPS-16726] Bump up the Data Collection to 3.7.6 (543) - HP-Jira • [HPXWC-22149] Localization tool integration in pcdevice card MFE - HP-Jira • [HPXWC-22083] [Dock-ClassicUI] Add verification for showing/hiding Instadock layout and features depending on laptop compatibility - HP-Jira • [HPXAPPS-12029] Upgrade .NET Framework to 4.8.1 - Due 25Jun24 - HP-Jira | G94: 1. Home Page 2. Video Control 3. HP Programmable Key 4. Privacy alert 5. Auto Screen Dimming 6. Support 7. Settings 8. System Control 9. Pen 10. Battery Manager 11. Screen Time 12. Screen Distance 13. Gesture 14. Docking 15. Energy Consumption 16. Audio Control | I94: V | J94: V | L94: V | M94: V | N94: V | O94: V | P94: V | Q94: V | Y94: V | Z94: V | AA94: V | AB94: V | AC94: V | AD94: V | AE94: V | AF94: V | AG94: V | AH94: V | AI94: V | AJ94: V | AK94: V | AL94: V | AM94: V | AN94: V | AO94: V | AQ94: V | AR94: V | AS94: V | AV94: V | AW94: V | AX94: V | AZ94: V | BA94: V | BB94: V | BC94: V | BD94: V | BE94: V | BF94: V | BG94: V
A95: 45506 | B95: HPX for CMIT | C95: 7A RC3 | D95: 35.52428.730.0.A.1 | E95: P016VA-B2S | F95: "NOTE: When testing, please turn off auto update in MS Store app first to avoid being automatically updated to the latest version on MS Store. For 2025 NPI MaldiveR6U 2.0 Refresh Changes: • [HPXWC-20569] [SIO2271098] Install Poly Camera Pro pop up replace Hp Presence Video when click Video control on myHP/Home UI(AR6) - HP-Jira • [HPXWC-21919] [SIO2283215] : Cannot open Poly camera pro app after click myhp/Video Control. - HP-Jira | G95: 1. Home Page 2. Video Control 3. HP Programmable Key 4. Privacy alert 5. Auto Screen Dimming 6. Support 7. Settings 8. System Control 9. Pen 10. Battery Manager 11. Screen Time 12. Screen Distance 13. Gesture 14. Docking 15. Energy Consumption | I95: V | J95: V | L95: V | M95: V | Y95: V | Z95: V | AA95: V | AB95: V | AC95: V | AD95: V | AE95: V | AF95: V | AG95: V | AH95: V | AI95: V | AJ95: V | AK95: V | AL95: V | AM95: V | AN95: V | AO95: V | AQ95: V | AR95: V | AS95: V | AV95: V | AW95: V | AX95: V | AZ95: V | BA95: V | BB95: V | BC95: V | BD95: V | BE95: V | BF95: V | BG95: V
A96: 45513 | B96: HPX for CMIT | C96: 8A Staging | D96: 36.42432.709.0.A.1 | E96: P017JU-B2B | F96: "NOTE: When testing, please turn off auto update in MS Store app first to avoid being automatically updated to the latest version on MS Store. For 2025 NPI except MaldiveR6U 2.0 Refresh For SnowWhite Changes: • [HPXAPPS-16401] [AudioControl][Snowwhite][Commercial] Audio is missing on snowwhite device with latest main branch build. - HP-Jira • [HPXAPPS-13690] Present TOU Modal to existing myHP customers (logic) - HP-Jira • [HPXWC-22163] [HPD URL] add new icon to veneer native base - HP-Jira • [HPXWC-20090] [Dock][Instadock] Update BIOS property name - HP-Jira • [HPXWC-19924] [Pen]Integration with App settings Module - HP-Jira • [HPXWC-21911] [SIO2283122] Static Edge Dimming will not work after resume unit from MS/S4 with ELP enabled before. - HP-Jira • [HPXAPPS-14045] Two instances of DesktopExtension.exe running in Herbee - HP-Jira • [HPXAPPS-13354] [Spike] Investigate optimizing NX configs for Performance Improvements - HP-Jira • [HPXWC-21473] [SIO2278285] The content on the pop-up 'Enable Immersive Movies with Camera Access' notification window was not translated into Chinese when the 'Movie' preset is selected in HPX Audio Control with camera state is 'Off'.(AB2 image) - HP-Jira • [HPXWC-22389] [SFT_MPH][EnergyConsumption] Narrator is not reading selected Consumption Trends and total energy consumption in dropdown - HP-Jira • [HPXWC-22361] [SFT_MPH][EnergyConsumption] In go beyond hp and energy recommendation icon is not clearly visible in contrast themes - HP-Jira • [HPXWC-22134] [ARM][Proximity][User Detection] Need libraries that support building and running HPX on ARM - HP-Jira • [HPXWC-19958] [SFT_MPH][EnergyConsumption][L10N] 6days and 6months data in x-axis under consumption trends graph strings are not localized in all supported languages - HP-Jira • [HPXWC-22351] [Pen][Roo][Classic] Implement Pen Setting Notification Card for Roo - HP-Jira • [HPXWC-19218] [Dock] Implement the toast notification scenario 3 - HP-Jira • [HPXAPPS-16825] [SFT_CSS][Dropbox] "Internal error" message appears post entering all valid details and selecting on "Signup for free" on Andaz AN and Cybug platform. - HP-Jira • [HPXWC-21619] [SFT_MPH][PowerManager][HighContrast] The color inside the battery symbol showing blank in high contrast mode - HP-Jira | G96: 1. Home Page 2. Video Control 3. HP Programmable Key 4. Privacy alert 5. Auto Screen Dimming 6. Support 7. Settings 8. System Control 9. Pen 10. Battery Manager 11. Screen Time 12. Screen Distance 13. Gesture 14. Docking 15. Energy Consumption 16. Audio Control | I96: V | J96: V | L96: V | M96: V | N96: V | O96: V | P96: V | Q96: V | Y96: V | Z96: V | AA96: V | AB96: V | AC96: V | AD96: V | AE96: V | AF96: V | AG96: V | AH96: V | AI96: V | AJ96: V | AK96: V | AL96: V | AM96: V | AN96: V | AO96: V | AQ96: V | AR96: V | AS96: V | AV96: V | AW96: V | AX96: V | AZ96: V | BA96: V | BB96: V | BC96: V | BD96: V | BE96: V | BF96: V | BG96: V
A97: 45513 | B97: HPX for CMIT | C97: 7A Hotfix | D97: 35.52430.841.0.A.1 | E97: P017JU-B2A | F97: "NOTE: When testing, please turn off auto update in MS Store app first to avoid being automatically updated to the latest version on MS Store. For 2025 NPI MaldiveR6U 2.0 Refresh Changes: • [HPXAPPS-16533] [SFT_CSS][NPSNotification][OTA_FFT] Product number is missing in Starfox Platform - HP-Jira • [HPXAPPS-16538] [SFT_CSS][NPSNotification][OTA_FFT][ARM] Product number in Qualtrics Metrics is not matching with the system Information. - HP-Jira • [HPXAPPS-16621] [SFT_CSS][OTA_FFT][NPSNotification] Product number is missing in Qualtrics URL only on Commercial platforms. - HP-Jira | G97: 1. Home Page 2. Video Control 3. HP Programmable Key 4. Privacy alert 5. Auto Screen Dimming 6. Support 7. Settings 8. System Control 9. Pen 10. Battery Manager 11. Screen Time 12. Screen Distance 13. Gesture 14. Docking 15. Energy Consumption | I97: V | J97: V | L97: V | M97: V | Y97: V | Z97: V | AA97: V | AB97: V | AC97: V | AD97: V | AE97: V | AF97: V | AG97: V | AH97: V | AI97: V | AJ97: V | AK97: V | AL97: V | AM97: V | AN97: V | AO97: V | AQ97: V | AR97: V | AS97: V | AV97: V | AW97: V | AX97: V | AZ97: V | BA97: V | BB97: V | BC97: V | BD97: V | BE97: V | BF97: V | BG97: V
A98: 45520 | B98: HPX for CMIT | C98: 9A Staging | D98: 37.42433.722.0.A.1 | E98: P017JU-B2E | F98: "NOTE: When testing, please turn off auto update in MS Store app first to avoid being automatically updated to the latest version on MS Store. For 2025 NPI except MaldiveR6U 2.0 Refresh For SnowWhite Changes: • [HPXWC-22263] Create Base Structure for New Classic UI of Camera and Presence Detection Module - HP-Jira • [HPXWC-22205] [Smart Experiences][VisionAI]Add icon (Person Monitor Presence) in veneer-nativebase-icons library and consume it in the Smart Experience module. - HP-Jira • [HPXWC-22081] [Dock-ClassicUI] Update Dock icons and tooltip text on Dock page Header component - HP-Jira • [HPXWC-21991] BlackList HP Presence App on Poly devices - HP-Jira • [HPXWC-22535] [Pen][Roo][Classic] Implement Pen Setting Power Saving Card For Roo - HP-Jira • [HPXWC-22382] [Pen]Apply "open app" settings to wacom - HP-Jira • [HPXWC-19224] [Dock] Limit the number of Instadocks paired on the notebook. - HP-Jira • [HPXWC-22650] [Pen] Add breadcrumb support classic Roo UI - HP-Jira • [ProximitySense] Add mechanism for Screen Distance Alert Record by kevin-hou · Pull Request #9180 · hpx/hpx-winclient • [UserDetection] Add mechanism for Screen Distance Alert Record by kevin-hou · Pull Request #9208 · hpx/hpx-winclient • Upgrade ProximitySense & UserDetection NuGet for ScreenDistance Alert Record by kevin-hou · Pull Request #9209 · hpx/hpx-winclient • [HPXAPPS-16948] pcDetails has error in payload (incorrect boolean format) - HP-Jira | G98: 1. Home Page 2. Video Control 3. HP Programmable Key 4. Privacy alert 5. Auto Screen Dimming 6. Support 7. Settings 8. System Control 9. Pen 10. Battery Manager 11. Screen Time 12. Screen Distance 13. Gesture 14. Docking 15. Energy Consumption 16. Audio Control | I98: V | J98: V | L98: V | M98: V | N98: V | O98: V | P98: V | Q98: V | X98: V | Y98: V | Z98: V | AA98: V | AB98: V | AC98: V | AD98: V | AE98: V | AF98: V | AG98: V | AH98: V | AI98: V | AJ98: V | AK98: V | AL98: V | AM98: V | AN98: V | AO98: V | AQ98: V | AR98: V | AS98: V | AV98: V | AW98: V | AX98: V | AZ98: V | BA98: V | BB98: V | BC98: V | BD98: V | BE98: V | BF98: V | BG98: V
A99: 45527 | B99: HPX for CMIT | C99: 9A Staging | D99: 37.42433.737.0.A.1 | E99: P017JU-B2F | F99: "NOTE: When testing, please turn off auto update in MS Store app first to avoid being automatically updated to the latest version on MS Store. For 2025 NPI except MaldiveR6U 2.0 Refresh For SnowWhite Changes: • [HPXAPPS-16326] [myHp_Classic] Managed Device should not show Welcome screen in FUF and in privacy settings - HP-Jira • [HPXAPPS-17507] [SystemControl][TPE_SFT][FFT] MyHP loses DesktopExtension.exe and causes system control to disappear. - HP-Jira • [HPXWC-22912] [HPX][BM][Consumer]: Enable Battery Manager module for Consumer - HP-Jira • [HPXWC-21603] [HPX][Rebrand][Audio] Some Audio features are disabled and appear greyed out. - HP-Jira • [HPXAPPS-15744] Create a signed certificate mechanism to control the context menu switch - HP-Jira • [HPXWC-22751] update Translation and PPR - HP-Jira • [HPXWC-22537] [Pen][Roo][Classic] Implement Pen Setting One Step Inking Card For Roo - HP-Jira • [HPXAPPS-17460] [SFT_MPH][OTA][Core] Few modules are missing post relaunching Hpx application from MS store - HP-Jira | G99: 1. Home Page 2. Video Control 3. HP Programmable Key 4. Privacy alert 5. Auto Screen Dimming 6. Support 7. Settings 8. System Control 9. Pen 10. Battery Manager 11. Screen Time 12. Screen Distance 13. Gesture 14. Docking 15. Energy Consumption 16. Audio Control | I99: V | J99: V | L99: V | M99: V | N99: V | O99: V | P99: V | Q99: V | X99: V | Y99: V | Z99: V | AA99: V | AB99: V | AC99: V | AD99: V | AE99: V | AF99: V | AG99: V | AH99: V | AI99: V | AJ99: V | AK99: V | AL99: V | AM99: V | AN99: V | AO99: V | AQ99: V | AR99: V | AS99: V | AV99: V | AW99: V | AX99: V | AZ99: V | BA99: V | BB99: V | BC99: V | BD99: V | BE99: V | BF99: V | BG99: V
A100: 45534 | B100: HPX for CMIT | C100: 9A Staging | D100: 37.42435.801.0.A.1 | E100: P017JU-B2K | F100: "NOTE: When testing, please turn off auto update in MS Store app first to avoid being automatically updated to the latest version on MS Store. For 2025 NPI except MaldiveR6U 2.0 Refresh For SnowWhite Changes: • [HPXWC-22833] [AudioControl] OOB apps will not show on the application list automatically - HP-Jira • [HPXWC-22115] [SFT_MPH][OTA_FFT][ContextAware] Application is not highlighting when we launch it. - HP-Jira • [HPXWC-22325] [SIO2287360/SIO2288378/SIO2234432/2242661/SIO2242371] The 'dts X' logo will appear in HPX/Audio control when connect a 3.5mm jack headset to unit. - HP-Jira • [HPXWC-23050] [Audio Control] default presets are not selected upon landing on to audio control screen. - HP-Jira • [HPXWC-22348] [SIO2287557] There is no 'Movie' mode in HPX Audio Control/Presets. - HP-Jira • [HPXWC-22352] [SIO2287606] There is no 'Adaptive Audio' option in HPX Audio Control. - HP-Jira • [HPXAPPS-15726] [SFT_CSS][HPID] Pre-population of data fails to appear in sign in page post selecting avatar icon. - HP-Jira • [HPXWC-22066] [AudioControl][Commercial][Eviee] Auto option will disappear after clicking Restore defaults button - HP-Jira • [HPXWC-22362] [AudioControl] Preset does not automatically swap to voice on Maokong24 machine - HP-Jira • [HPXWC-21838] [SmartExps][BackgroundTask] Integrate sensor API with smart-experiences background task - HP-Jira • [HPXWC-23157] Revert Realtek SDK to 1.48.320.101 on main branch - HP-Jira • [HPXAPPS-17319] [SFT_CSS][TOUModal] Dark Mode is not getting properly applied for Hyperlinks on TOU Modal Page - HP-Jira • [HPXWC-21239] [SIO2275912] : HPPK key no function after set 'key sequence' by press Copilot key in HPX/Programmable Key. - HP-Jira • [HPXWC-22335] [SFT_MPH][EnergyConsumption] For 12hrs there is a slight variation in the graph plot points - HP-Jira • [HPXWC][Pen] Pen sensitivity string update by ketan-bhokare · Pull Request #9370 · hpx/hpx-winclient | G100: 1. Home Page 2. Video Control 3. HP Programmable Key 4. Privacy alert 5. Auto Screen Dimming 6. Support 7. Settings 8. System Control 9. Pen 10. Battery Manager 11. Screen Time 12. Screen Distance 13. Gesture 14. Docking 15. Energy Consumption 16. Audio Control | I100: V | J100: V | L100: V | M100: V | N100: V | O100: V | P100: V | Q100: V | X100: V | Y100: V | Z100: V | AA100: V | AB100: V | AC100: V | AD100: V | AE100: V | AF100: V | AG100: V | AH100: V | AI100: V | AJ100: V | AK100: V | AL100: V | AM100: V | AN100: V | AO100: V | AQ100: V | AR100: V | AS100: V | AV100: V | AW100: V | AX100: V | AZ100: V | BA100: V | BB100: V | BC100: V | BD100: V | BE100: V | BF100: V | BG100: V
A101: 45541 | B101: HPX for CMIT | C101: 10A Staging | D101: 38.42436.828.0.A.1 | E101: P017JU-B2M | F101: "NOTE: When testing, please turn off auto update in MS Store app first to avoid being automatically updated to the latest version on MS Store. For 2025 NPI with CF before 2025/2/5 For SnowWhite Changes: • [HPXWC-23428] [SmartExp] Smart Experience is missing - HP-Jira • [HPXWC-23291] SIO2277911 - [Luisa14][OOC][IEC][BV-NPI][W82_921001][Func][F.22.5 AC1_Step:13]: Offset 0x2D show 0 instead of 1 when test with APMF Enable+AC/DC+Performance+Best Performance/Balanced/Best Power Efficiency/Battery saver mode. - HP-Jira • [HPXWC-22960] [Smart Experiences][VisionAI]Integrate Classic UI Onlooker & Attention-Focus Features with Native APIs - HP-Jira • [HPXWC-22782] [Pen] [Classic]Saga side changes for Roo features - HP-Jira • [HPXAPPS-556] Enable StrictMode in the HPX application - HP-Jira • [HPXAPPS-18690] Bump Major version post branching for RC 9A - HP-Jira • [HPXWC-23213] [Pen][Roo][Classic] Hover for Pen setting button - HP-Jira • [HPXWC-23370] [Smart Experiences][VisionAI]Create screen blur and sureView option under onlooker detection - HP-Jira • [HPXWC-22928] [HPX][SystemControl] Some context missing AUID on focus mode in system control. - HP-Jira • [HPXWC-20555] [Dock] [Bug] Review and Add Analytics ID to Phase 1 Dock Page - HP-Jira • [HPXWC][Pen] Feature flag updated for roo pen by ketan-bhokare · Pull Request #9403 · hpx/hpx-winclient • [HPXWC-23296] [SFT_MPH][EnergyConsumption][L10N] Values are not showing up on clicking plotting points in AR language - HP-Jira • [HPXWC-19572] [SFT_MPH][Dock_Station] High contrast mode is not applied properly for Dock Support button - HP-Jira • [HPXAPPS-17313] [SFT_CSS][TOUModal][Accessibility] When we maximize text size and resize the application, Decline word breaks to next line - HP-Jira • [HPXAPPS-17314] [SFT_CSS][TOUModal][Accessibility] High contrast theme fails to apply properly for Decline button - HP-Jira • [HPXAPPS-18051] [ToU] The spacing between the lines and buttons size differs from Figma design. - HP-Jira • [HPXWC-22152] [SIO2285720] Equalizer is availabled in Myhp-> Audio Control page when inserting headphone. - HP-Jira • [HPXAPPS-14484] No copy menu shows out when right click on selected text of My PC - HP-Jira | G101: 1. Home Page 2. Video Control 3. HP Programmable Key 4. Privacy alert 5. Auto Screen Dimming 6. Support 7. Settings 8. System Control 9. Pen 10. Battery Manager 11. Screen Time 12. Screen Distance 13. Gesture 14. Docking 15. Energy Consumption 16. Audio Control | I101: V | J101: V | L101: V | M101: V | N101: V | O101: V | P101: V | Q101: V | X101: V | Y101: V | Z101: V | AA101: V | AB101: V | AC101: V | AD101: V | AE101: V | AF101: V | AG101: V | AH101: V | AI101: V | AJ101: V | AK101: V | AL101: V | AM101: V | AN101: V | AO101: V | AQ101: V | AR101: V | AS101: V | AV101: V | AW101: V | AX101: V | AZ101: V | BA101: V | BB101: V | BC101: V | BD101: V | BE101: V | BF101: V | BG101: V
A102: 45541 | B102: HPX for CMIT | C102: Rebrand | D102: 38.22436.390.0.A.1 | E102: P017JU-B2N | F102: "NOTE: When testing, please turn off auto update in MS Store app first to avoid being automatically updated to the latest version on MS Store. For 2025 NPI with CF 2025/2/5 and after This is the first HPX rebrand build. Please only focus on below features and ignore others: • PC Device page with o Video Control oProg Key • Dock Page • Pen Page | G102: 1. PC Device page 2. Video Control 3. HP Programmable Key 4. Docking 5. Pen Control | L102: V | Y102: V | Z102: V | AA102: V | AB102: V | AC102: V | AD102: V | AE102: V | AF102: V | AG102: V | AH102: V | AI102: V | AJ102: V | AK102: V | AL102: V | AM102: V | AN102: V | AO102: V | AQ102: V | AV102: V | AW102: V | BA102: V | BF102: V
A103: 45548 | B103: HPX for CMIT | C103: 9A RC1 | D103: 37.52435.995.0.A.1 | E103: P017JU-B2L | F103: "NOTE: When testing, please turn off auto update in MS Store app first to avoid being automatically updated to the latest version on MS Store. For 2025 NPI Arizona Refresh2 and Eviee Changes: • [HPXWC-23428] [SmartExp] Smart Experience is missing - HP-Jira • [HPXWC-22104] [HPD URL][New UI][Feature flag] Create FF for rebrand UI - HP-Jira • [HPXAPPS-17255] Promoter Bot Implementation in DevOps Dashboard | Part 2 - HP-Jira • [HPXWC-22960] [Smart Experiences][VisionAI]Integrate Classic UI Onlooker & Attention-Focus Features with Native APIs - HP-Jira • [HPXAPPS-12854] [Privacy][SNN] Disable SNN screen as part of common consent feature implementation. - HP-Jira • [HPXWC-22928] [HPX][SystemControl] Some context missing AUID on focus mode in system control. - HP-Jira | G103: 1. Home Page 2. Video Control 3. HP Programmable Key 4. Privacy alert 5. Auto Screen Dimming 6. Support 7. Settings 8. System Control 9. Pen 10. Battery Manager 11. Screen Time 12. Screen Distance 13. Gesture 14. Docking 15. Energy Consumption | I103: V | J103: V | L103: V | M103: V | Y103: V | Z103: V | AA103: V | AB103: V | AC103: V | AD103: V | AE103: V | AF103: V | AG103: V | AH103: V | AI103: V | AJ103: V | AK103: V | AL103: V | AM103: V | AN103: V | AO103: V | AQ103: V | AR103: V | AS103: V | AV103: V | AW103: V | AX103: V | AZ103: V | BA103: V | BB103: V | BC103: V | BD103: V | BE103: V | BF103: V | BG103: V
